<?xml version="1.0" encoding="utf-8"?>
<ExtensionPackages Version="1.0.0.0" Compression="none">
<ExtensionPackage>
    <Name>ImageInfo</Name>
    <Version>$#Engine_version#$</Version>
    <MinDebuggerSupported>10.0.16361.1000</MinDebuggerSupported>
    <Description>Provides information about loaded modules (resource tables, import/export information, etc...)</Description>
    <Components>
        <ScriptComponent Name="ImageInfo" Type="Engine" File="winext\ImageInfo\ImageInfo.js" FilePathKind="RepositoryRelative">
            <ObjectExtensionList>
                <NamedExtension Name="Debugger.Models.Module" Namespace="Debugger.Models.Module.Contents" Property="Contents" />

                <RegisteredTypedExtension>VS_FIXEDFILEINFO</RegisteredTypedExtension>
            </ObjectExtensionList>
        </ScriptComponent>
    </Components>
</ExtensionPackage>
</ExtensionPackages>
