{
    "$schema": "https://schema.management.azure.com/schemas/2019-04-01/deploymentParameters.json#",
    "contentVersion": "1.0.0.0",
    "parameters": {
        "adminPassword": {
            "value": "" 
        },
        "adminUserName": {
            "value": ""
        },
        "certificateThumbprint": {
            "value": "GEN-CUSTOM-DOMAIN-SSLCERT-THUMBPRINT"
        },
        "certificateUrlValue": {
            "value": "GEN-KEYVAULT-SSL-SECRET-URI"
        },
        "clusterLocation": {
            "value": ""
        },
        "clusterName": {
            "value": "GEN-UNIQUE"
        },
        "computeLocation": {
            "value": "" 
        },
        "existingVNetRGName0": {
            "value": ""
        },
        "existingVNetRGName1": {
            "value": ""
        },
        "internalLBAddress0": {
            "value": ""
        },
        "internalLBAddress1": {
            "value": ""
        },
        "nt0applicationEndPort": {
            "value": 30000
        },
        "nt0applicationStartPort": {
            "value": 20000
        },
        "nt0ephemeralEndPort": {
            "value": 65534
        },
        "nt0ephemeralStartPort": {
            "value": 49152
        },
        "nt0fabricHttpGatewayPort": {
            "value": 19080
        },
        "nt0fabricTcpGatewayPort": {
            "value": 19000
        },
        "nt0InstanceCount": {
            "value": 5
        },
        "nt1applicationEndPort": {
            "value": 30000
        },
        "nt1applicationStartPort": {
            "value": 20000
        },
        "nt1ephemeralEndPort": {
            "value": 65534
        },
        "nt1ephemeralStartPort": {
            "value": 49152
        },
        "nt1fabricHttpGatewayPort": {
            "value": 19080
        },
        "nt1fabricTcpGatewayPort": {
            "value": 19000
        },
        "nt1InstanceCount": {
            "value": 5
        },
        "privateIPAllocationMethod": {
            "value": "Dynamic"
        },
        "sourceVaultValue": {
            "value": "GEN-KEYVAULT-RESOURCE-ID"
        },
        "subnet0Name": {
            "value": "Subnet-0"
        },
        "subnet1Name": {
            "value": "Subnet-1"
        },
        "virtualNetworkName0": {
            "value": "VNet0"
        },
        "virtualNetworkName1": {
            "value": "VNet1"
        },
        "vmImageSku": {
            "value": "2019-Datacenter-with-Containers"
        },
        "vmNodeType0Name": {
            "value": "nt0"
        },
        "vmNodeType0Size": {
            "value": "Standard_D2"
        },
        "vmNodeType1Name": {
            "value": "nt1"
        },
        "vmNodeType1Size": {
            "value": "Standard_D2"
        }
    }
}