<DataCollectorSet><Status>1</Status><Duration>0</Duration><Description/><DescriptionUnresolved/><DisplayName/><DisplayNameUnresolved/><SchedulesEnabled>-1</SchedulesEnabled><LatestOutputLocation/><Name>FabricLeaseLayerTraces</Name><OutputLocation>D:\SvcFab\Log\Traces\</OutputLocation><RootPath>D:\SvcFab\Log\Traces</RootPath><Segment>0</Segment><SegmentMaxDuration>0</SegmentMaxDuration><SegmentMaxSize>64</SegmentMaxSize><SerialNumber>1</SerialNumber><Server/><Subdirectory/><SubdirectoryFormat>0</SubdirectoryFormat><SubdirectoryFormatPattern/><Task/><TaskArguments/><TaskUserTextArguments/><UserAccount/><Security>O:BAG:BAD:(A;;0x1800;;;WD)(A;;0x120fff;;;SY)(A;;0x120fff;;;LS)(A;;0x120fff;;;NS)(A;;0x120fff;;;BA)(A;;0xee5;;;LU)(A;;LC;;;MU)(A;;0x1800;;;AC)</Security><TraceDataCollector><DataCollectorType>1</DataCollectorType><Name>FabricLeaseLayerTraces</Name><FileName>lease_traces_6.4.637.9590_131954040154729957_1</FileName><FileNameFormat>0</FileNameFormat><FileNameFormatPattern/><LogAppend>0</LogAppend><LogCircular>0</LogCircular><LogOverwrite>0</LogOverwrite><LatestOutputLocation>D:\SvcFab\Log\Traces\lease_traces_6.4.637.9590_131954040154729957_1.etl</LatestOutputLocation><Guid>{63FD2D78-3772-11E9-A811-000D3A1820AE}</Guid><BufferSize>128</BufferSize><BuffersLost>0</BuffersLost><BuffersWritten>273</BuffersWritten><ClockType>1</ClockType><EventsLost>0</EventsLost><ExtendedModes>8388616</ExtendedModes><FlushTimer>60</FlushTimer><FreeBuffers>2</FreeBuffers><MaximumBuffers>24</MaximumBuffers><MinimumBuffers>2</MinimumBuffers><NumberOfBuffers>3</NumberOfBuffers><PreallocateFile>0</PreallocateFile><ProcessMode>0</ProcessMode><RealTimeBuffersLost>0</RealTimeBuffersLost><SessionName>FabricLeaseLayerTraces</SessionName><SessionThreadId>2464</SessionThreadId><StreamMode>1</StreamMode><TraceDataProvider><DisplayName>{E658F859-2416-4AEF-9DFC-4D303897A37A}</DisplayName><FilterEnabled>0</FilterEnabled><FilterType>0</FilterType><Level><Description>Events up to this level are enabled</Description><ValueMapType>1</ValueMapType><Value>4</Value><ValueMapItem><Key/><Description/><Enabled>-1</Enabled><Value>4</Value></ValueMapItem></Level><KeywordsAny><Description>Events with any of these keywords are enabled</Description><ValueMapType>2</ValueMapType><Value>0xffffffffffffffff</Value><ValueMapItem><Key/><Description/><Enabled>-1</Enabled><Value>0x1</Value></ValueMapItem><ValueMapItem><Key/><Description/><Enabled>-1</Enabled><Value>0x2</Value></ValueMapItem><ValueMapItem><Key/><Description/><Enabled>-1</Enabled><Value>0x4</Value></ValueMapItem><ValueMapItem><Key/><Description/><Enabled>-1</Enabled><Value>0x8</Value></ValueMapItem><ValueMapItem><Key/><Description/><Enabled>-1</Enabled><Value>0x10</Value></ValueMapItem><ValueMapItem><Key/><Description/><Enabled>-1</Enabled><Value>0x20</Value></ValueMapItem><ValueMapItem><Key/><Description/><Enabled>-1</Enabled><Value>0x40</Value></ValueMapItem><ValueMapItem><Key/><Description/><Enabled>-1</Enabled><Value>0x80</Value></ValueMapItem><ValueMapItem><Key/><Description/><Enabled>-1</Enabled><Value>0x100</Value></ValueMapItem><ValueMapItem><Key/><Description/><Enabled>-1</Enabled><Value>0x200</Value></ValueMapItem><ValueMapItem><Key/><Description/><Enabled>-1</Enabled><Value>0x400</Value></ValueMapItem><ValueMapItem><Key/><Description/><Enabled>-1</Enabled><Value>0x800</Value></ValueMapItem><ValueMapItem><Key/><Description/><Enabled>-1</Enabled><Value>0x1000</Value></ValueMapItem><ValueMapItem><Key/><Description/><Enabled>-1</Enabled><Value>0x2000</Value></ValueMapItem><ValueMapItem><Key/><Description/><Enabled>-1</Enabled><Value>0x4000</Value></ValueMapItem><ValueMapItem><Key/><Description/><Enabled>-1</Enabled><Value>0x8000</Value></ValueMapItem><ValueMapItem><Key/><Description/><Enabled>-1</Enabled><Value>0x10000</Value></ValueMapItem><ValueMapItem><Key/><Description/><Enabled>-1</Enabled><Value>0x20000</Value></ValueMapItem><ValueMapItem><Key/><Description/><Enabled>-1</Enabled><Value>0x40000</Value></ValueMapItem><ValueMapItem><Key/><Description/><Enabled>-1</Enabled><Value>0x80000</Value></ValueMapItem><ValueMapItem><Key/><Description/><Enabled>-1</Enabled><Value>0x100000</Value></ValueMapItem><ValueMapItem><Key/><Description/><Enabled>-1</Enabled><Value>0x200000</Value></ValueMapItem><ValueMapItem><Key/><Description/><Enabled>-1</Enabled><Value>0x400000</Value></ValueMapItem><ValueMapItem><Key/><Description/><Enabled>-1</Enabled><Value>0x800000</Value></ValueMapItem><ValueMapItem><Key/><Description/><Enabled>-1</Enabled><Value>0x1000000</Value></ValueMapItem><ValueMapItem><Key/><Description/><Enabled>-1</Enabled><Value>0x2000000</Value></ValueMapItem><ValueMapItem><Key/><Description/><Enabled>-1</Enabled><Value>0x4000000</Value></ValueMapItem><ValueMapItem><Key/><Description/><Enabled>-1</Enabled><Value>0x8000000</Value></ValueMapItem><ValueMapItem><Key/><Description/><Enabled>-1</Enabled><Value>0x10000000</Value></ValueMapItem><ValueMapItem><Key/><Description/><Enabled>-1</Enabled><Value>0x20000000</Value></ValueMapItem><ValueMapItem><Key/><Description/><Enabled>-1</Enabled><Value>0x40000000</Value></ValueMapItem><ValueMapItem><Key/><Description/><Enabled>-1</Enabled><Value>0x80000000</Value></ValueMapItem><ValueMapItem><Key/><Description/><Enabled>-1</Enabled><Value>0x100000000</Value></ValueMapItem><ValueMapItem><Key/><Description/><Enabled>-1</Enabled><Value>0x200000000</Value></ValueMapItem><ValueMapItem><Key/><Description/><Enabled>-1</Enabled><Value>0x400000000</Value></ValueMapItem><ValueMapItem><Key/><Description/><Enabled>-1</Enabled><Value>0x800000000</Value></ValueMapItem><ValueMapItem><Key/><Description/><Enabled>-1</Enabled><Value>0x1000000000</Value></ValueMapItem><ValueMapItem><Key/><Description/><Enabled>-1</Enabled><Value>0x2000000000</Value></ValueMapItem><ValueMapItem><Key/><Description/><Enabled>-1</Enabled><Value>0x4000000000</Value></ValueMapItem><ValueMapItem><Key/><Description/><Enabled>-1</Enabled><Value>0x8000000000</Value></ValueMapItem><ValueMapItem><Key/><Description/><Enabled>-1</Enabled><Value>0x10000000000</Value></ValueMapItem><ValueMapItem><Key/><Description/><Enabled>-1</Enabled><Value>0x20000000000</Value></ValueMapItem><ValueMapItem><Key/><Description/><Enabled>-1</Enabled><Value>0x40000000000</Value></ValueMapItem><ValueMapItem><Key/><Description/><Enabled>-1</Enabled><Value>0x80000000000</Value></ValueMapItem><ValueMapItem><Key/><Description/><Enabled>-1</Enabled><Value>0x100000000000</Value></ValueMapItem><ValueMapItem><Key/><Description/><Enabled>-1</Enabled><Value>0x200000000000</Value></ValueMapItem><ValueMapItem><Key/><Description/><Enabled>-1</Enabled><Value>0x400000000000</Value></ValueMapItem><ValueMapItem><Key/><Description/><Enabled>-1</Enabled><Value>0x800000000000</Value></ValueMapItem><ValueMapItem><Key/><Description/><Enabled>-1</Enabled><Value>0x1000000000000</Value></ValueMapItem><ValueMapItem><Key/><Description/><Enabled>-1</Enabled><Value>0x2000000000000</Value></ValueMapItem><ValueMapItem><Key/><Description/><Enabled>-1</Enabled><Value>0x4000000000000</Value></ValueMapItem><ValueMapItem><Key/><Description/><Enabled>-1</Enabled><Value>0x8000000000000</Value></ValueMapItem><ValueMapItem><Key/><Description/><Enabled>-1</Enabled><Value>0x10000000000000</Value></ValueMapItem><ValueMapItem><Key/><Description/><Enabled>-1</Enabled><Value>0x20000000000000</Value></ValueMapItem><ValueMapItem><Key/><Description/><Enabled>-1</Enabled><Value>0x40000000000000</Value></ValueMapItem><ValueMapItem><Key/><Description/><Enabled>-1</Enabled><Value>0x80000000000000</Value></ValueMapItem><ValueMapItem><Key/><Description/><Enabled>-1</Enabled><Value>0x100000000000000</Value></ValueMapItem><ValueMapItem><Key/><Description/><Enabled>-1</Enabled><Value>0x200000000000000</Value></ValueMapItem><ValueMapItem><Key/><Description/><Enabled>-1</Enabled><Value>0x400000000000000</Value></ValueMapItem><ValueMapItem><Key/><Description/><Enabled>-1</Enabled><Value>0x800000000000000</Value></ValueMapItem><ValueMapItem><Key/><Description/><Enabled>-1</Enabled><Value>0x1000000000000000</Value></ValueMapItem><ValueMapItem><Key/><Description/><Enabled>-1</Enabled><Value>0x2000000000000000</Value></ValueMapItem><ValueMapItem><Key/><Description/><Enabled>-1</Enabled><Value>0x4000000000000000</Value></ValueMapItem><ValueMapItem><Key/><Description/><Enabled>-1</Enabled><Value>0x8000000000000000</Value></ValueMapItem></KeywordsAny><KeywordsAll><Description>Events with all of these keywords are enabled</Description><ValueMapType>2</ValueMapType><Value>0x0</Value></KeywordsAll><Properties><Description>These additional data fields will be collected with each event</Description><ValueMapType>2</ValueMapType><Value>64</Value><ValueMapItem><Key/><Description/><Enabled>-1</Enabled><Value>64</Value></ValueMapItem></Properties><Guid>{E658F859-2416-4AEF-9DFC-4D303897A37A}</Guid></TraceDataProvider><TraceDataProvider><DisplayName>{3F68B79E-A1CF-4B10-8CFD-3DFE322F07CB}</DisplayName><FilterEnabled>0</FilterEnabled><FilterType>0</FilterType><Level><Description>Events up to this level are enabled</Description><ValueMapType>1</ValueMapType><Value>4</Value><ValueMapItem><Key/><Description/><Enabled>-1</Enabled><Value>4</Value></ValueMapItem></Level><KeywordsAny><Description>Events with any of these keywords are enabled</Description><ValueMapType>2</ValueMapType><Value>0xffffffffffffffff</Value><ValueMapItem><Key/><Description/><Enabled>-1</Enabled><Value>0x1</Value></ValueMapItem><ValueMapItem><Key/><Description/><Enabled>-1</Enabled><Value>0x2</Value></ValueMapItem><ValueMapItem><Key/><Description/><Enabled>-1</Enabled><Value>0x4</Value></ValueMapItem><ValueMapItem><Key/><Description/><Enabled>-1</Enabled><Value>0x8</Value></ValueMapItem><ValueMapItem><Key/><Description/><Enabled>-1</Enabled><Value>0x10</Value></ValueMapItem><ValueMapItem><Key/><Description/><Enabled>-1</Enabled><Value>0x20</Value></ValueMapItem><ValueMapItem><Key/><Description/><Enabled>-1</Enabled><Value>0x40</Value></ValueMapItem><ValueMapItem><Key/><Description/><Enabled>-1</Enabled><Value>0x80</Value></ValueMapItem><ValueMapItem><Key/><Description/><Enabled>-1</Enabled><Value>0x100</Value></ValueMapItem><ValueMapItem><Key/><Description/><Enabled>-1</Enabled><Value>0x200</Value></ValueMapItem><ValueMapItem><Key/><Description/><Enabled>-1</Enabled><Value>0x400</Value></ValueMapItem><ValueMapItem><Key/><Description/><Enabled>-1</Enabled><Value>0x800</Value></ValueMapItem><ValueMapItem><Key/><Description/><Enabled>-1</Enabled><Value>0x1000</Value></ValueMapItem><ValueMapItem><Key/><Description/><Enabled>-1</Enabled><Value>0x2000</Value></ValueMapItem><ValueMapItem><Key/><Description/><Enabled>-1</Enabled><Value>0x4000</Value></ValueMapItem><ValueMapItem><Key/><Description/><Enabled>-1</Enabled><Value>0x8000</Value></ValueMapItem><ValueMapItem><Key/><Description/><Enabled>-1</Enabled><Value>0x10000</Value></ValueMapItem><ValueMapItem><Key/><Description/><Enabled>-1</Enabled><Value>0x20000</Value></ValueMapItem><ValueMapItem><Key/><Description/><Enabled>-1</Enabled><Value>0x40000</Value></ValueMapItem><ValueMapItem><Key/><Description/><Enabled>-1</Enabled><Value>0x80000</Value></ValueMapItem><ValueMapItem><Key/><Description/><Enabled>-1</Enabled><Value>0x100000</Value></ValueMapItem><ValueMapItem><Key/><Description/><Enabled>-1</Enabled><Value>0x200000</Value></ValueMapItem><ValueMapItem><Key/><Description/><Enabled>-1</Enabled><Value>0x400000</Value></ValueMapItem><ValueMapItem><Key/><Description/><Enabled>-1</Enabled><Value>0x800000</Value></ValueMapItem><ValueMapItem><Key/><Description/><Enabled>-1</Enabled><Value>0x1000000</Value></ValueMapItem><ValueMapItem><Key/><Description/><Enabled>-1</Enabled><Value>0x2000000</Value></ValueMapItem><ValueMapItem><Key/><Description/><Enabled>-1</Enabled><Value>0x4000000</Value></ValueMapItem><ValueMapItem><Key/><Description/><Enabled>-1</Enabled><Value>0x8000000</Value></ValueMapItem><ValueMapItem><Key/><Description/><Enabled>-1</Enabled><Value>0x10000000</Value></ValueMapItem><ValueMapItem><Key/><Description/><Enabled>-1</Enabled><Value>0x20000000</Value></ValueMapItem><ValueMapItem><Key/><Description/><Enabled>-1</Enabled><Value>0x40000000</Value></ValueMapItem><ValueMapItem><Key/><Description/><Enabled>-1</Enabled><Value>0x80000000</Value></ValueMapItem><ValueMapItem><Key/><Description/><Enabled>-1</Enabled><Value>0x100000000</Value></ValueMapItem><ValueMapItem><Key/><Description/><Enabled>-1</Enabled><Value>0x200000000</Value></ValueMapItem><ValueMapItem><Key/><Description/><Enabled>-1</Enabled><Value>0x400000000</Value></ValueMapItem><ValueMapItem><Key/><Description/><Enabled>-1</Enabled><Value>0x800000000</Value></ValueMapItem><ValueMapItem><Key/><Description/><Enabled>-1</Enabled><Value>0x1000000000</Value></ValueMapItem><ValueMapItem><Key/><Description/><Enabled>-1</Enabled><Value>0x2000000000</Value></ValueMapItem><ValueMapItem><Key/><Description/><Enabled>-1</Enabled><Value>0x4000000000</Value></ValueMapItem><ValueMapItem><Key/><Description/><Enabled>-1</Enabled><Value>0x8000000000</Value></ValueMapItem><ValueMapItem><Key/><Description/><Enabled>-1</Enabled><Value>0x10000000000</Value></ValueMapItem><ValueMapItem><Key/><Description/><Enabled>-1</Enabled><Value>0x20000000000</Value></ValueMapItem><ValueMapItem><Key/><Description/><Enabled>-1</Enabled><Value>0x40000000000</Value></ValueMapItem><ValueMapItem><Key/><Description/><Enabled>-1</Enabled><Value>0x80000000000</Value></ValueMapItem><ValueMapItem><Key/><Description/><Enabled>-1</Enabled><Value>0x100000000000</Value></ValueMapItem><ValueMapItem><Key/><Description/><Enabled>-1</Enabled><Value>0x200000000000</Value></ValueMapItem><ValueMapItem><Key/><Description/><Enabled>-1</Enabled><Value>0x400000000000</Value></ValueMapItem><ValueMapItem><Key/><Description/><Enabled>-1</Enabled><Value>0x800000000000</Value></ValueMapItem><ValueMapItem><Key/><Description/><Enabled>-1</Enabled><Value>0x1000000000000</Value></ValueMapItem><ValueMapItem><Key/><Description/><Enabled>-1</Enabled><Value>0x2000000000000</Value></ValueMapItem><ValueMapItem><Key/><Description/><Enabled>-1</Enabled><Value>0x4000000000000</Value></ValueMapItem><ValueMapItem><Key/><Description/><Enabled>-1</Enabled><Value>0x8000000000000</Value></ValueMapItem><ValueMapItem><Key/><Description/><Enabled>-1</Enabled><Value>0x10000000000000</Value></ValueMapItem><ValueMapItem><Key/><Description/><Enabled>-1</Enabled><Value>0x20000000000000</Value></ValueMapItem><ValueMapItem><Key/><Description/><Enabled>-1</Enabled><Value>0x40000000000000</Value></ValueMapItem><ValueMapItem><Key/><Description/><Enabled>-1</Enabled><Value>0x80000000000000</Value></ValueMapItem><ValueMapItem><Key/><Description/><Enabled>-1</Enabled><Value>0x100000000000000</Value></ValueMapItem><ValueMapItem><Key/><Description/><Enabled>-1</Enabled><Value>0x200000000000000</Value></ValueMapItem><ValueMapItem><Key/><Description/><Enabled>-1</Enabled><Value>0x400000000000000</Value></ValueMapItem><ValueMapItem><Key/><Description/><Enabled>-1</Enabled><Value>0x800000000000000</Value></ValueMapItem><ValueMapItem><Key/><Description/><Enabled>-1</Enabled><Value>0x1000000000000000</Value></ValueMapItem><ValueMapItem><Key/><Description/><Enabled>-1</Enabled><Value>0x2000000000000000</Value></ValueMapItem><ValueMapItem><Key/><Description/><Enabled>-1</Enabled><Value>0x4000000000000000</Value></ValueMapItem><ValueMapItem><Key/><Description/><Enabled>-1</Enabled><Value>0x8000000000000000</Value></ValueMapItem></KeywordsAny><KeywordsAll><Description>Events with all of these keywords are enabled</Description><ValueMapType>2</ValueMapType><Value>0x0</Value></KeywordsAll><Properties><Description>These additional data fields will be collected with each event</Description><ValueMapType>2</ValueMapType><Value>64</Value><ValueMapItem><Key/><Description/><Enabled>-1</Enabled><Value>64</Value></ValueMapItem></Properties><Guid>{3F68B79E-A1CF-4B10-8CFD-3DFE322F07CB}</Guid></TraceDataProvider></TraceDataCollector>
</DataCollectorSet>
