<DataCollectorSet><Status>1</Status><Duration>0</Duration><Description/><DescriptionUnresolved/><DisplayName/><DisplayNameUnresolved/><SchedulesEnabled>-1</SchedulesEnabled><LatestOutputLocation/><Name>FabricAppInfoTraces</Name><OutputLocation>D:\SvcFab\Log\AppInstanceData\Etl\</OutputLocation><RootPath>D:\SvcFab\Log\AppInstanceData\Etl</RootPath><Segment>0</Segment><SegmentMaxDuration>0</SegmentMaxDuration><SegmentMaxSize>64</SegmentMaxSize><SerialNumber>1</SerialNumber><Server/><Subdirectory/><SubdirectoryFormat>0</SubdirectoryFormat><SubdirectoryFormatPattern/><Task/><TaskArguments/><TaskUserTextArguments/><UserAccount/><Security>O:BAG:BAD:(A;;0x1800;;;WD)(A;;0x120fff;;;SY)(A;;0x120fff;;;LS)(A;;0x120fff;;;NS)(A;;0x120fff;;;BA)(A;;0xee5;;;LU)(A;;LC;;;MU)(A;;0x1800;;;AC)</Security><TraceDataCollector><DataCollectorType>1</DataCollectorType><Name>FabricAppInfoTraces</Name><FileName>appinfo_traces_6.4.637.9590_131954040154729957_1</FileName><FileNameFormat>0</FileNameFormat><FileNameFormatPattern/><LogAppend>0</LogAppend><LogCircular>0</LogCircular><LogOverwrite>0</LogOverwrite><LatestOutputLocation>D:\SvcFab\Log\AppInstanceData\Etl\appinfo_traces_6.4.637.9590_131954040154729957_1.etl</LatestOutputLocation><Guid>{63FD2D7A-3772-11E9-A811-000D3A1820AE}</Guid><BufferSize>8</BufferSize><BuffersLost>0</BuffersLost><BuffersWritten>31</BuffersWritten><ClockType>1</ClockType><EventsLost>0</EventsLost><ExtendedModes>8388616</ExtendedModes><FlushTimer>60</FlushTimer><FreeBuffers>1</FreeBuffers><MaximumBuffers>24</MaximumBuffers><MinimumBuffers>2</MinimumBuffers><NumberOfBuffers>2</NumberOfBuffers><PreallocateFile>0</PreallocateFile><ProcessMode>0</ProcessMode><RealTimeBuffersLost>0</RealTimeBuffersLost><SessionName>FabricAppInfoTraces</SessionName><SessionThreadId>756</SessionThreadId><StreamMode>1</StreamMode><TraceDataProvider><DisplayName>{CBD93BC2-71E5-4566-B3A7-595D8EECA6E8}</DisplayName><FilterEnabled>0</FilterEnabled><FilterType>0</FilterType><Level><Description>Events up to this level are enabled</Description><ValueMapType>1</ValueMapType><Value>4</Value><ValueMapItem><Key/><Description/><Enabled>-1</Enabled><Value>4</Value></ValueMapItem></Level><KeywordsAny><Description>Events with any of these keywords are enabled</Description><ValueMapType>2</ValueMapType><Value>0x2</Value><ValueMapItem><Key/><Description/><Enabled>-1</Enabled><Value>0x2</Value></ValueMapItem></KeywordsAny><KeywordsAll><Description>Events with all of these keywords are enabled</Description><ValueMapType>2</ValueMapType><Value>0x2</Value><ValueMapItem><Key/><Description/><Enabled>-1</Enabled><Value>0x2</Value></ValueMapItem></KeywordsAll><Properties><Description>These additional data fields will be collected with each event</Description><ValueMapType>2</ValueMapType><Value>64</Value><ValueMapItem><Key/><Description/><Enabled>-1</Enabled><Value>64</Value></ValueMapItem></Properties><Guid>{CBD93BC2-71E5-4566-B3A7-595D8EECA6E8}</Guid></TraceDataProvider></TraceDataCollector>
</DataCollectorSet>
