<DataCollectorSet><Status>1</Status><Duration>0</Duration><Description/><DescriptionUnresolved/><DisplayName/><DisplayNameUnresolved/><SchedulesEnabled>-1</SchedulesEnabled><LatestOutputLocation/><Name>FabricTraces</Name><OutputLocation>D:\SvcFab\Log\Traces\</OutputLocation><RootPath>D:\SvcFab\Log\Traces</RootPath><Segment>0</Segment><SegmentMaxDuration>0</SegmentMaxDuration><SegmentMaxSize>64</SegmentMaxSize><SerialNumber>1</SerialNumber><Server/><Subdirectory/><SubdirectoryFormat>0</SubdirectoryFormat><SubdirectoryFormatPattern/><Task/><TaskArguments/><TaskUserTextArguments/><UserAccount/><Security>O:BAG:BAD:(A;;0x1800;;;WD)(A;;0x120fff;;;SY)(A;;0x120fff;;;LS)(A;;0x120fff;;;NS)(A;;0x120fff;;;BA)(A;;0xee5;;;LU)(A;;LC;;;MU)(A;;0x1800;;;AC)</Security><TraceDataCollector><DataCollectorType>1</DataCollectorType><Name>FabricTraces</Name><FileName>fabric_traces_6.4.637.9590_131954040154729957_4</FileName><FileNameFormat>0</FileNameFormat><FileNameFormatPattern/><LogAppend>0</LogAppend><LogCircular>0</LogCircular><LogOverwrite>0</LogOverwrite><LatestOutputLocation>D:\SvcFab\Log\Traces\fabric_traces_6.4.637.9590_131954040154729957_4.etl</LatestOutputLocation><Guid>{63FD2D77-3772-11E9-A811-000D3A1820AE}</Guid><BufferSize>128</BufferSize><BuffersLost>0</BuffersLost><BuffersWritten>41</BuffersWritten><ClockType>1</ClockType><EventsLost>0</EventsLost><ExtendedModes>8388616</ExtendedModes><FlushTimer>60</FlushTimer><FreeBuffers>2</FreeBuffers><MaximumBuffers>24</MaximumBuffers><MinimumBuffers>2</MinimumBuffers><NumberOfBuffers>3</NumberOfBuffers><PreallocateFile>0</PreallocateFile><ProcessMode>0</ProcessMode><RealTimeBuffersLost>0</RealTimeBuffersLost><SessionName>FabricTraces</SessionName><SessionThreadId>1204</SessionThreadId><StreamMode>1</StreamMode><TraceDataProvider><DisplayName>{FA8EA6EA-9BF3-4630-B3EF-2B01EBB2A69B}</DisplayName><FilterEnabled>0</FilterEnabled><FilterType>0</FilterType><Level><Description>Events up to this level are enabled</Description><ValueMapType>1</ValueMapType><Value>255</Value><ValueMapItem><Key/><Description/><Enabled>-1</Enabled><Value>255</Value></ValueMapItem></Level><KeywordsAny><Description>Events with any of these keywords are enabled</Description><ValueMapType>2</ValueMapType><Value>0xffffffffffffffff</Value><ValueMapItem><Key/><Description/><Enabled>-1</Enabled><Value>0x1</Value></ValueMapItem><ValueMapItem><Key/><Description/><Enabled>-1</Enabled><Value>0x2</Value></ValueMapItem><ValueMapItem><Key/><Description/><Enabled>-1</Enabled><Value>0x4</Value></ValueMapItem><ValueMapItem><Key/><Description/><Enabled>-1</Enabled><Value>0x8</Value></ValueMapItem><ValueMapItem><Key/><Description/><Enabled>-1</Enabled><Value>0x10</Value></ValueMapItem><ValueMapItem><Key/><Description/><Enabled>-1</Enabled><Value>0x20</Value></ValueMapItem><ValueMapItem><Key/><Description/><Enabled>-1</Enabled><Value>0x40</Value></ValueMapItem><ValueMapItem><Key/><Description/><Enabled>-1</Enabled><Value>0x80</Value></ValueMapItem><ValueMapItem><Key/><Description/><Enabled>-1</Enabled><Value>0x100</Value></ValueMapItem><ValueMapItem><Key/><Description/><Enabled>-1</Enabled><Value>0x200</Value></ValueMapItem><ValueMapItem><Key/><Description/><Enabled>-1</Enabled><Value>0x400</Value></ValueMapItem><ValueMapItem><Key/><Description/><Enabled>-1</Enabled><Value>0x800</Value></ValueMapItem><ValueMapItem><Key/><Description/><Enabled>-1</Enabled><Value>0x1000</Value></ValueMapItem><ValueMapItem><Key/><Description/><Enabled>-1</Enabled><Value>0x2000</Value></ValueMapItem><ValueMapItem><Key/><Description/><Enabled>-1</Enabled><Value>0x4000</Value></ValueMapItem><ValueMapItem><Key/><Description/><Enabled>-1</Enabled><Value>0x8000</Value></ValueMapItem><ValueMapItem><Key/><Description/><Enabled>-1</Enabled><Value>0x10000</Value></ValueMapItem><ValueMapItem><Key/><Description/><Enabled>-1</Enabled><Value>0x20000</Value></ValueMapItem><ValueMapItem><Key/><Description/><Enabled>-1</Enabled><Value>0x40000</Value></ValueMapItem><ValueMapItem><Key/><Description/><Enabled>-1</Enabled><Value>0x80000</Value></ValueMapItem><ValueMapItem><Key/><Description/><Enabled>-1</Enabled><Value>0x100000</Value></ValueMapItem><ValueMapItem><Key/><Description/><Enabled>-1</Enabled><Value>0x200000</Value></ValueMapItem><ValueMapItem><Key/><Description/><Enabled>-1</Enabled><Value>0x400000</Value></ValueMapItem><ValueMapItem><Key/><Description/><Enabled>-1</Enabled><Value>0x800000</Value></ValueMapItem><ValueMapItem><Key/><Description/><Enabled>-1</Enabled><Value>0x1000000</Value></ValueMapItem><ValueMapItem><Key/><Description/><Enabled>-1</Enabled><Value>0x2000000</Value></ValueMapItem><ValueMapItem><Key/><Description/><Enabled>-1</Enabled><Value>0x4000000</Value></ValueMapItem><ValueMapItem><Key/><Description/><Enabled>-1</Enabled><Value>0x8000000</Value></ValueMapItem><ValueMapItem><Key/><Description/><Enabled>-1</Enabled><Value>0x10000000</Value></ValueMapItem><ValueMapItem><Key/><Description/><Enabled>-1</Enabled><Value>0x20000000</Value></ValueMapItem><ValueMapItem><Key/><Description/><Enabled>-1</Enabled><Value>0x40000000</Value></ValueMapItem><ValueMapItem><Key/><Description/><Enabled>-1</Enabled><Value>0x80000000</Value></ValueMapItem><ValueMapItem><Key/><Description/><Enabled>-1</Enabled><Value>0x100000000</Value></ValueMapItem><ValueMapItem><Key/><Description/><Enabled>-1</Enabled><Value>0x200000000</Value></ValueMapItem><ValueMapItem><Key/><Description/><Enabled>-1</Enabled><Value>0x400000000</Value></ValueMapItem><ValueMapItem><Key/><Description/><Enabled>-1</Enabled><Value>0x800000000</Value></ValueMapItem><ValueMapItem><Key/><Description/><Enabled>-1</Enabled><Value>0x1000000000</Value></ValueMapItem><ValueMapItem><Key/><Description/><Enabled>-1</Enabled><Value>0x2000000000</Value></ValueMapItem><ValueMapItem><Key/><Description/><Enabled>-1</Enabled><Value>0x4000000000</Value></ValueMapItem><ValueMapItem><Key/><Description/><Enabled>-1</Enabled><Value>0x8000000000</Value></ValueMapItem><ValueMapItem><Key/><Description/><Enabled>-1</Enabled><Value>0x10000000000</Value></ValueMapItem><ValueMapItem><Key/><Description/><Enabled>-1</Enabled><Value>0x20000000000</Value></ValueMapItem><ValueMapItem><Key/><Description/><Enabled>-1</Enabled><Value>0x40000000000</Value></ValueMapItem><ValueMapItem><Key/><Description/><Enabled>-1</Enabled><Value>0x80000000000</Value></ValueMapItem><ValueMapItem><Key/><Description/><Enabled>-1</Enabled><Value>0x100000000000</Value></ValueMapItem><ValueMapItem><Key/><Description/><Enabled>-1</Enabled><Value>0x200000000000</Value></ValueMapItem><ValueMapItem><Key/><Description/><Enabled>-1</Enabled><Value>0x400000000000</Value></ValueMapItem><ValueMapItem><Key/><Description/><Enabled>-1</Enabled><Value>0x800000000000</Value></ValueMapItem><ValueMapItem><Key/><Description/><Enabled>-1</Enabled><Value>0x1000000000000</Value></ValueMapItem><ValueMapItem><Key/><Description/><Enabled>-1</Enabled><Value>0x2000000000000</Value></ValueMapItem><ValueMapItem><Key/><Description/><Enabled>-1</Enabled><Value>0x4000000000000</Value></ValueMapItem><ValueMapItem><Key/><Description/><Enabled>-1</Enabled><Value>0x8000000000000</Value></ValueMapItem><ValueMapItem><Key/><Description/><Enabled>-1</Enabled><Value>0x10000000000000</Value></ValueMapItem><ValueMapItem><Key/><Description/><Enabled>-1</Enabled><Value>0x20000000000000</Value></ValueMapItem><ValueMapItem><Key/><Description/><Enabled>-1</Enabled><Value>0x40000000000000</Value></ValueMapItem><ValueMapItem><Key/><Description/><Enabled>-1</Enabled><Value>0x80000000000000</Value></ValueMapItem><ValueMapItem><Key/><Description/><Enabled>-1</Enabled><Value>0x100000000000000</Value></ValueMapItem><ValueMapItem><Key/><Description/><Enabled>-1</Enabled><Value>0x200000000000000</Value></ValueMapItem><ValueMapItem><Key/><Description/><Enabled>-1</Enabled><Value>0x400000000000000</Value></ValueMapItem><ValueMapItem><Key/><Description/><Enabled>-1</Enabled><Value>0x800000000000000</Value></ValueMapItem><ValueMapItem><Key/><Description/><Enabled>-1</Enabled><Value>0x1000000000000000</Value></ValueMapItem><ValueMapItem><Key/><Description/><Enabled>-1</Enabled><Value>0x2000000000000000</Value></ValueMapItem><ValueMapItem><Key/><Description/><Enabled>-1</Enabled><Value>0x4000000000000000</Value></ValueMapItem><ValueMapItem><Key/><Description/><Enabled>-1</Enabled><Value>0x8000000000000000</Value></ValueMapItem></KeywordsAny><KeywordsAll><Description>Events with all of these keywords are enabled</Description><ValueMapType>2</ValueMapType><Value>0x0</Value></KeywordsAll><Properties><Description>These additional data fields will be collected with each event</Description><ValueMapType>2</ValueMapType><Value>64</Value><ValueMapItem><Key/><Description/><Enabled>-1</Enabled><Value>64</Value></ValueMapItem></Properties><Guid>{FA8EA6EA-9BF3-4630-B3EF-2B01EBB2A69B}</Guid></TraceDataProvider><TraceDataProvider><DisplayName>{ECEC9D7A-5003-53FA-270B-5C9F9CC66271}</DisplayName><FilterEnabled>0</FilterEnabled><FilterType>0</FilterType><Level><Description>Events up to this level are enabled</Description><ValueMapType>1</ValueMapType><Value>255</Value><ValueMapItem><Key/><Description/><Enabled>-1</Enabled><Value>255</Value></ValueMapItem></Level><KeywordsAny><Description>Events with any of these keywords are enabled</Description><ValueMapType>2</ValueMapType><Value>0xffffffffffffffff</Value><ValueMapItem><Key/><Description/><Enabled>-1</Enabled><Value>0x1</Value></ValueMapItem><ValueMapItem><Key/><Description/><Enabled>-1</Enabled><Value>0x2</Value></ValueMapItem><ValueMapItem><Key/><Description/><Enabled>-1</Enabled><Value>0x4</Value></ValueMapItem><ValueMapItem><Key/><Description/><Enabled>-1</Enabled><Value>0x8</Value></ValueMapItem><ValueMapItem><Key/><Description/><Enabled>-1</Enabled><Value>0x10</Value></ValueMapItem><ValueMapItem><Key/><Description/><Enabled>-1</Enabled><Value>0x20</Value></ValueMapItem><ValueMapItem><Key/><Description/><Enabled>-1</Enabled><Value>0x40</Value></ValueMapItem><ValueMapItem><Key/><Description/><Enabled>-1</Enabled><Value>0x80</Value></ValueMapItem><ValueMapItem><Key/><Description/><Enabled>-1</Enabled><Value>0x100</Value></ValueMapItem><ValueMapItem><Key/><Description/><Enabled>-1</Enabled><Value>0x200</Value></ValueMapItem><ValueMapItem><Key/><Description/><Enabled>-1</Enabled><Value>0x400</Value></ValueMapItem><ValueMapItem><Key/><Description/><Enabled>-1</Enabled><Value>0x800</Value></ValueMapItem><ValueMapItem><Key/><Description/><Enabled>-1</Enabled><Value>0x1000</Value></ValueMapItem><ValueMapItem><Key/><Description/><Enabled>-1</Enabled><Value>0x2000</Value></ValueMapItem><ValueMapItem><Key/><Description/><Enabled>-1</Enabled><Value>0x4000</Value></ValueMapItem><ValueMapItem><Key/><Description/><Enabled>-1</Enabled><Value>0x8000</Value></ValueMapItem><ValueMapItem><Key/><Description/><Enabled>-1</Enabled><Value>0x10000</Value></ValueMapItem><ValueMapItem><Key/><Description/><Enabled>-1</Enabled><Value>0x20000</Value></ValueMapItem><ValueMapItem><Key/><Description/><Enabled>-1</Enabled><Value>0x40000</Value></ValueMapItem><ValueMapItem><Key/><Description/><Enabled>-1</Enabled><Value>0x80000</Value></ValueMapItem><ValueMapItem><Key/><Description/><Enabled>-1</Enabled><Value>0x100000</Value></ValueMapItem><ValueMapItem><Key/><Description/><Enabled>-1</Enabled><Value>0x200000</Value></ValueMapItem><ValueMapItem><Key/><Description/><Enabled>-1</Enabled><Value>0x400000</Value></ValueMapItem><ValueMapItem><Key/><Description/><Enabled>-1</Enabled><Value>0x800000</Value></ValueMapItem><ValueMapItem><Key/><Description/><Enabled>-1</Enabled><Value>0x1000000</Value></ValueMapItem><ValueMapItem><Key/><Description/><Enabled>-1</Enabled><Value>0x2000000</Value></ValueMapItem><ValueMapItem><Key/><Description/><Enabled>-1</Enabled><Value>0x4000000</Value></ValueMapItem><ValueMapItem><Key/><Description/><Enabled>-1</Enabled><Value>0x8000000</Value></ValueMapItem><ValueMapItem><Key/><Description/><Enabled>-1</Enabled><Value>0x10000000</Value></ValueMapItem><ValueMapItem><Key/><Description/><Enabled>-1</Enabled><Value>0x20000000</Value></ValueMapItem><ValueMapItem><Key/><Description/><Enabled>-1</Enabled><Value>0x40000000</Value></ValueMapItem><ValueMapItem><Key/><Description/><Enabled>-1</Enabled><Value>0x80000000</Value></ValueMapItem><ValueMapItem><Key/><Description/><Enabled>-1</Enabled><Value>0x100000000</Value></ValueMapItem><ValueMapItem><Key/><Description/><Enabled>-1</Enabled><Value>0x200000000</Value></ValueMapItem><ValueMapItem><Key/><Description/><Enabled>-1</Enabled><Value>0x400000000</Value></ValueMapItem><ValueMapItem><Key/><Description/><Enabled>-1</Enabled><Value>0x800000000</Value></ValueMapItem><ValueMapItem><Key/><Description/><Enabled>-1</Enabled><Value>0x1000000000</Value></ValueMapItem><ValueMapItem><Key/><Description/><Enabled>-1</Enabled><Value>0x2000000000</Value></ValueMapItem><ValueMapItem><Key/><Description/><Enabled>-1</Enabled><Value>0x4000000000</Value></ValueMapItem><ValueMapItem><Key/><Description/><Enabled>-1</Enabled><Value>0x8000000000</Value></ValueMapItem><ValueMapItem><Key/><Description/><Enabled>-1</Enabled><Value>0x10000000000</Value></ValueMapItem><ValueMapItem><Key/><Description/><Enabled>-1</Enabled><Value>0x20000000000</Value></ValueMapItem><ValueMapItem><Key/><Description/><Enabled>-1</Enabled><Value>0x40000000000</Value></ValueMapItem><ValueMapItem><Key/><Description/><Enabled>-1</Enabled><Value>0x80000000000</Value></ValueMapItem><ValueMapItem><Key/><Description/><Enabled>-1</Enabled><Value>0x100000000000</Value></ValueMapItem><ValueMapItem><Key/><Description/><Enabled>-1</Enabled><Value>0x200000000000</Value></ValueMapItem><ValueMapItem><Key/><Description/><Enabled>-1</Enabled><Value>0x400000000000</Value></ValueMapItem><ValueMapItem><Key/><Description/><Enabled>-1</Enabled><Value>0x800000000000</Value></ValueMapItem><ValueMapItem><Key/><Description/><Enabled>-1</Enabled><Value>0x1000000000000</Value></ValueMapItem><ValueMapItem><Key/><Description/><Enabled>-1</Enabled><Value>0x2000000000000</Value></ValueMapItem><ValueMapItem><Key/><Description/><Enabled>-1</Enabled><Value>0x4000000000000</Value></ValueMapItem><ValueMapItem><Key/><Description/><Enabled>-1</Enabled><Value>0x8000000000000</Value></ValueMapItem><ValueMapItem><Key/><Description/><Enabled>-1</Enabled><Value>0x10000000000000</Value></ValueMapItem><ValueMapItem><Key/><Description/><Enabled>-1</Enabled><Value>0x20000000000000</Value></ValueMapItem><ValueMapItem><Key/><Description/><Enabled>-1</Enabled><Value>0x40000000000000</Value></ValueMapItem><ValueMapItem><Key/><Description/><Enabled>-1</Enabled><Value>0x80000000000000</Value></ValueMapItem><ValueMapItem><Key/><Description/><Enabled>-1</Enabled><Value>0x100000000000000</Value></ValueMapItem><ValueMapItem><Key/><Description/><Enabled>-1</Enabled><Value>0x200000000000000</Value></ValueMapItem><ValueMapItem><Key/><Description/><Enabled>-1</Enabled><Value>0x400000000000000</Value></ValueMapItem><ValueMapItem><Key/><Description/><Enabled>-1</Enabled><Value>0x800000000000000</Value></ValueMapItem><ValueMapItem><Key/><Description/><Enabled>-1</Enabled><Value>0x1000000000000000</Value></ValueMapItem><ValueMapItem><Key/><Description/><Enabled>-1</Enabled><Value>0x2000000000000000</Value></ValueMapItem><ValueMapItem><Key/><Description/><Enabled>-1</Enabled><Value>0x4000000000000000</Value></ValueMapItem><ValueMapItem><Key/><Description/><Enabled>-1</Enabled><Value>0x8000000000000000</Value></ValueMapItem></KeywordsAny><KeywordsAll><Description>Events with all of these keywords are enabled</Description><ValueMapType>2</ValueMapType><Value>0x0</Value></KeywordsAll><Properties><Description>These additional data fields will be collected with each event</Description><ValueMapType>2</ValueMapType><Value>64</Value><ValueMapItem><Key/><Description/><Enabled>-1</Enabled><Value>64</Value></ValueMapItem></Properties><Guid>{ECEC9D7A-5003-53FA-270B-5C9F9CC66271}</Guid></TraceDataProvider><TraceDataProvider><DisplayName>{E2F2656B-985E-5C5B-5BA3-BBE8A851E1D7}</DisplayName><FilterEnabled>0</FilterEnabled><FilterType>0</FilterType><Level><Description>Events up to this level are enabled</Description><ValueMapType>1</ValueMapType><Value>255</Value><ValueMapItem><Key/><Description/><Enabled>-1</Enabled><Value>255</Value></ValueMapItem></Level><KeywordsAny><Description>Events with any of these keywords are enabled</Description><ValueMapType>2</ValueMapType><Value>0xffffffffffffffff</Value><ValueMapItem><Key/><Description/><Enabled>-1</Enabled><Value>0x1</Value></ValueMapItem><ValueMapItem><Key/><Description/><Enabled>-1</Enabled><Value>0x2</Value></ValueMapItem><ValueMapItem><Key/><Description/><Enabled>-1</Enabled><Value>0x4</Value></ValueMapItem><ValueMapItem><Key/><Description/><Enabled>-1</Enabled><Value>0x8</Value></ValueMapItem><ValueMapItem><Key/><Description/><Enabled>-1</Enabled><Value>0x10</Value></ValueMapItem><ValueMapItem><Key/><Description/><Enabled>-1</Enabled><Value>0x20</Value></ValueMapItem><ValueMapItem><Key/><Description/><Enabled>-1</Enabled><Value>0x40</Value></ValueMapItem><ValueMapItem><Key/><Description/><Enabled>-1</Enabled><Value>0x80</Value></ValueMapItem><ValueMapItem><Key/><Description/><Enabled>-1</Enabled><Value>0x100</Value></ValueMapItem><ValueMapItem><Key/><Description/><Enabled>-1</Enabled><Value>0x200</Value></ValueMapItem><ValueMapItem><Key/><Description/><Enabled>-1</Enabled><Value>0x400</Value></ValueMapItem><ValueMapItem><Key/><Description/><Enabled>-1</Enabled><Value>0x800</Value></ValueMapItem><ValueMapItem><Key/><Description/><Enabled>-1</Enabled><Value>0x1000</Value></ValueMapItem><ValueMapItem><Key/><Description/><Enabled>-1</Enabled><Value>0x2000</Value></ValueMapItem><ValueMapItem><Key/><Description/><Enabled>-1</Enabled><Value>0x4000</Value></ValueMapItem><ValueMapItem><Key/><Description/><Enabled>-1</Enabled><Value>0x8000</Value></ValueMapItem><ValueMapItem><Key/><Description/><Enabled>-1</Enabled><Value>0x10000</Value></ValueMapItem><ValueMapItem><Key/><Description/><Enabled>-1</Enabled><Value>0x20000</Value></ValueMapItem><ValueMapItem><Key/><Description/><Enabled>-1</Enabled><Value>0x40000</Value></ValueMapItem><ValueMapItem><Key/><Description/><Enabled>-1</Enabled><Value>0x80000</Value></ValueMapItem><ValueMapItem><Key/><Description/><Enabled>-1</Enabled><Value>0x100000</Value></ValueMapItem><ValueMapItem><Key/><Description/><Enabled>-1</Enabled><Value>0x200000</Value></ValueMapItem><ValueMapItem><Key/><Description/><Enabled>-1</Enabled><Value>0x400000</Value></ValueMapItem><ValueMapItem><Key/><Description/><Enabled>-1</Enabled><Value>0x800000</Value></ValueMapItem><ValueMapItem><Key/><Description/><Enabled>-1</Enabled><Value>0x1000000</Value></ValueMapItem><ValueMapItem><Key/><Description/><Enabled>-1</Enabled><Value>0x2000000</Value></ValueMapItem><ValueMapItem><Key/><Description/><Enabled>-1</Enabled><Value>0x4000000</Value></ValueMapItem><ValueMapItem><Key/><Description/><Enabled>-1</Enabled><Value>0x8000000</Value></ValueMapItem><ValueMapItem><Key/><Description/><Enabled>-1</Enabled><Value>0x10000000</Value></ValueMapItem><ValueMapItem><Key/><Description/><Enabled>-1</Enabled><Value>0x20000000</Value></ValueMapItem><ValueMapItem><Key/><Description/><Enabled>-1</Enabled><Value>0x40000000</Value></ValueMapItem><ValueMapItem><Key/><Description/><Enabled>-1</Enabled><Value>0x80000000</Value></ValueMapItem><ValueMapItem><Key/><Description/><Enabled>-1</Enabled><Value>0x100000000</Value></ValueMapItem><ValueMapItem><Key/><Description/><Enabled>-1</Enabled><Value>0x200000000</Value></ValueMapItem><ValueMapItem><Key/><Description/><Enabled>-1</Enabled><Value>0x400000000</Value></ValueMapItem><ValueMapItem><Key/><Description/><Enabled>-1</Enabled><Value>0x800000000</Value></ValueMapItem><ValueMapItem><Key/><Description/><Enabled>-1</Enabled><Value>0x1000000000</Value></ValueMapItem><ValueMapItem><Key/><Description/><Enabled>-1</Enabled><Value>0x2000000000</Value></ValueMapItem><ValueMapItem><Key/><Description/><Enabled>-1</Enabled><Value>0x4000000000</Value></ValueMapItem><ValueMapItem><Key/><Description/><Enabled>-1</Enabled><Value>0x8000000000</Value></ValueMapItem><ValueMapItem><Key/><Description/><Enabled>-1</Enabled><Value>0x10000000000</Value></ValueMapItem><ValueMapItem><Key/><Description/><Enabled>-1</Enabled><Value>0x20000000000</Value></ValueMapItem><ValueMapItem><Key/><Description/><Enabled>-1</Enabled><Value>0x40000000000</Value></ValueMapItem><ValueMapItem><Key/><Description/><Enabled>-1</Enabled><Value>0x80000000000</Value></ValueMapItem><ValueMapItem><Key/><Description/><Enabled>-1</Enabled><Value>0x100000000000</Value></ValueMapItem><ValueMapItem><Key/><Description/><Enabled>-1</Enabled><Value>0x200000000000</Value></ValueMapItem><ValueMapItem><Key/><Description/><Enabled>-1</Enabled><Value>0x400000000000</Value></ValueMapItem><ValueMapItem><Key/><Description/><Enabled>-1</Enabled><Value>0x800000000000</Value></ValueMapItem><ValueMapItem><Key/><Description/><Enabled>-1</Enabled><Value>0x1000000000000</Value></ValueMapItem><ValueMapItem><Key/><Description/><Enabled>-1</Enabled><Value>0x2000000000000</Value></ValueMapItem><ValueMapItem><Key/><Description/><Enabled>-1</Enabled><Value>0x4000000000000</Value></ValueMapItem><ValueMapItem><Key/><Description/><Enabled>-1</Enabled><Value>0x8000000000000</Value></ValueMapItem><ValueMapItem><Key/><Description/><Enabled>-1</Enabled><Value>0x10000000000000</Value></ValueMapItem><ValueMapItem><Key/><Description/><Enabled>-1</Enabled><Value>0x20000000000000</Value></ValueMapItem><ValueMapItem><Key/><Description/><Enabled>-1</Enabled><Value>0x40000000000000</Value></ValueMapItem><ValueMapItem><Key/><Description/><Enabled>-1</Enabled><Value>0x80000000000000</Value></ValueMapItem><ValueMapItem><Key/><Description/><Enabled>-1</Enabled><Value>0x100000000000000</Value></ValueMapItem><ValueMapItem><Key/><Description/><Enabled>-1</Enabled><Value>0x200000000000000</Value></ValueMapItem><ValueMapItem><Key/><Description/><Enabled>-1</Enabled><Value>0x400000000000000</Value></ValueMapItem><ValueMapItem><Key/><Description/><Enabled>-1</Enabled><Value>0x800000000000000</Value></ValueMapItem><ValueMapItem><Key/><Description/><Enabled>-1</Enabled><Value>0x1000000000000000</Value></ValueMapItem><ValueMapItem><Key/><Description/><Enabled>-1</Enabled><Value>0x2000000000000000</Value></ValueMapItem><ValueMapItem><Key/><Description/><Enabled>-1</Enabled><Value>0x4000000000000000</Value></ValueMapItem><ValueMapItem><Key/><Description/><Enabled>-1</Enabled><Value>0x8000000000000000</Value></ValueMapItem></KeywordsAny><KeywordsAll><Description>Events with all of these keywords are enabled</Description><ValueMapType>2</ValueMapType><Value>0x0</Value></KeywordsAll><Properties><Description>These additional data fields will be collected with each event</Description><ValueMapType>2</ValueMapType><Value>64</Value><ValueMapItem><Key/><Description/><Enabled>-1</Enabled><Value>64</Value></ValueMapItem></Properties><Guid>{E2F2656B-985E-5C5B-5BA3-BBE8A851E1D7}</Guid></TraceDataProvider><TraceDataProvider><DisplayName>{FC0028FF-BFDC-499F-80DC-ED922C52C5E9}</DisplayName><FilterEnabled>0</FilterEnabled><FilterType>0</FilterType><Level><Description>Events up to this level are enabled</Description><ValueMapType>1</ValueMapType><Value>255</Value><ValueMapItem><Key/><Description/><Enabled>-1</Enabled><Value>255</Value></ValueMapItem></Level><KeywordsAny><Description>Events with any of these keywords are enabled</Description><ValueMapType>2</ValueMapType><Value>0xffffffffffffffff</Value><ValueMapItem><Key/><Description/><Enabled>-1</Enabled><Value>0x1</Value></ValueMapItem><ValueMapItem><Key/><Description/><Enabled>-1</Enabled><Value>0x2</Value></ValueMapItem><ValueMapItem><Key/><Description/><Enabled>-1</Enabled><Value>0x4</Value></ValueMapItem><ValueMapItem><Key/><Description/><Enabled>-1</Enabled><Value>0x8</Value></ValueMapItem><ValueMapItem><Key/><Description/><Enabled>-1</Enabled><Value>0x10</Value></ValueMapItem><ValueMapItem><Key/><Description/><Enabled>-1</Enabled><Value>0x20</Value></ValueMapItem><ValueMapItem><Key/><Description/><Enabled>-1</Enabled><Value>0x40</Value></ValueMapItem><ValueMapItem><Key/><Description/><Enabled>-1</Enabled><Value>0x80</Value></ValueMapItem><ValueMapItem><Key/><Description/><Enabled>-1</Enabled><Value>0x100</Value></ValueMapItem><ValueMapItem><Key/><Description/><Enabled>-1</Enabled><Value>0x200</Value></ValueMapItem><ValueMapItem><Key/><Description/><Enabled>-1</Enabled><Value>0x400</Value></ValueMapItem><ValueMapItem><Key/><Description/><Enabled>-1</Enabled><Value>0x800</Value></ValueMapItem><ValueMapItem><Key/><Description/><Enabled>-1</Enabled><Value>0x1000</Value></ValueMapItem><ValueMapItem><Key/><Description/><Enabled>-1</Enabled><Value>0x2000</Value></ValueMapItem><ValueMapItem><Key/><Description/><Enabled>-1</Enabled><Value>0x4000</Value></ValueMapItem><ValueMapItem><Key/><Description/><Enabled>-1</Enabled><Value>0x8000</Value></ValueMapItem><ValueMapItem><Key/><Description/><Enabled>-1</Enabled><Value>0x10000</Value></ValueMapItem><ValueMapItem><Key/><Description/><Enabled>-1</Enabled><Value>0x20000</Value></ValueMapItem><ValueMapItem><Key/><Description/><Enabled>-1</Enabled><Value>0x40000</Value></ValueMapItem><ValueMapItem><Key/><Description/><Enabled>-1</Enabled><Value>0x80000</Value></ValueMapItem><ValueMapItem><Key/><Description/><Enabled>-1</Enabled><Value>0x100000</Value></ValueMapItem><ValueMapItem><Key/><Description/><Enabled>-1</Enabled><Value>0x200000</Value></ValueMapItem><ValueMapItem><Key/><Description/><Enabled>-1</Enabled><Value>0x400000</Value></ValueMapItem><ValueMapItem><Key/><Description/><Enabled>-1</Enabled><Value>0x800000</Value></ValueMapItem><ValueMapItem><Key/><Description/><Enabled>-1</Enabled><Value>0x1000000</Value></ValueMapItem><ValueMapItem><Key/><Description/><Enabled>-1</Enabled><Value>0x2000000</Value></ValueMapItem><ValueMapItem><Key/><Description/><Enabled>-1</Enabled><Value>0x4000000</Value></ValueMapItem><ValueMapItem><Key/><Description/><Enabled>-1</Enabled><Value>0x8000000</Value></ValueMapItem><ValueMapItem><Key/><Description/><Enabled>-1</Enabled><Value>0x10000000</Value></ValueMapItem><ValueMapItem><Key/><Description/><Enabled>-1</Enabled><Value>0x20000000</Value></ValueMapItem><ValueMapItem><Key/><Description/><Enabled>-1</Enabled><Value>0x40000000</Value></ValueMapItem><ValueMapItem><Key/><Description/><Enabled>-1</Enabled><Value>0x80000000</Value></ValueMapItem><ValueMapItem><Key/><Description/><Enabled>-1</Enabled><Value>0x100000000</Value></ValueMapItem><ValueMapItem><Key/><Description/><Enabled>-1</Enabled><Value>0x200000000</Value></ValueMapItem><ValueMapItem><Key/><Description/><Enabled>-1</Enabled><Value>0x400000000</Value></ValueMapItem><ValueMapItem><Key/><Description/><Enabled>-1</Enabled><Value>0x800000000</Value></ValueMapItem><ValueMapItem><Key/><Description/><Enabled>-1</Enabled><Value>0x1000000000</Value></ValueMapItem><ValueMapItem><Key/><Description/><Enabled>-1</Enabled><Value>0x2000000000</Value></ValueMapItem><ValueMapItem><Key/><Description/><Enabled>-1</Enabled><Value>0x4000000000</Value></ValueMapItem><ValueMapItem><Key/><Description/><Enabled>-1</Enabled><Value>0x8000000000</Value></ValueMapItem><ValueMapItem><Key/><Description/><Enabled>-1</Enabled><Value>0x10000000000</Value></ValueMapItem><ValueMapItem><Key/><Description/><Enabled>-1</Enabled><Value>0x20000000000</Value></ValueMapItem><ValueMapItem><Key/><Description/><Enabled>-1</Enabled><Value>0x40000000000</Value></ValueMapItem><ValueMapItem><Key/><Description/><Enabled>-1</Enabled><Value>0x80000000000</Value></ValueMapItem><ValueMapItem><Key/><Description/><Enabled>-1</Enabled><Value>0x100000000000</Value></ValueMapItem><ValueMapItem><Key/><Description/><Enabled>-1</Enabled><Value>0x200000000000</Value></ValueMapItem><ValueMapItem><Key/><Description/><Enabled>-1</Enabled><Value>0x400000000000</Value></ValueMapItem><ValueMapItem><Key/><Description/><Enabled>-1</Enabled><Value>0x800000000000</Value></ValueMapItem><ValueMapItem><Key/><Description/><Enabled>-1</Enabled><Value>0x1000000000000</Value></ValueMapItem><ValueMapItem><Key/><Description/><Enabled>-1</Enabled><Value>0x2000000000000</Value></ValueMapItem><ValueMapItem><Key/><Description/><Enabled>-1</Enabled><Value>0x4000000000000</Value></ValueMapItem><ValueMapItem><Key/><Description/><Enabled>-1</Enabled><Value>0x8000000000000</Value></ValueMapItem><ValueMapItem><Key/><Description/><Enabled>-1</Enabled><Value>0x10000000000000</Value></ValueMapItem><ValueMapItem><Key/><Description/><Enabled>-1</Enabled><Value>0x20000000000000</Value></ValueMapItem><ValueMapItem><Key/><Description/><Enabled>-1</Enabled><Value>0x40000000000000</Value></ValueMapItem><ValueMapItem><Key/><Description/><Enabled>-1</Enabled><Value>0x80000000000000</Value></ValueMapItem><ValueMapItem><Key/><Description/><Enabled>-1</Enabled><Value>0x100000000000000</Value></ValueMapItem><ValueMapItem><Key/><Description/><Enabled>-1</Enabled><Value>0x200000000000000</Value></ValueMapItem><ValueMapItem><Key/><Description/><Enabled>-1</Enabled><Value>0x400000000000000</Value></ValueMapItem><ValueMapItem><Key/><Description/><Enabled>-1</Enabled><Value>0x800000000000000</Value></ValueMapItem><ValueMapItem><Key/><Description/><Enabled>-1</Enabled><Value>0x1000000000000000</Value></ValueMapItem><ValueMapItem><Key/><Description/><Enabled>-1</Enabled><Value>0x2000000000000000</Value></ValueMapItem><ValueMapItem><Key/><Description/><Enabled>-1</Enabled><Value>0x4000000000000000</Value></ValueMapItem><ValueMapItem><Key/><Description/><Enabled>-1</Enabled><Value>0x8000000000000000</Value></ValueMapItem></KeywordsAny><KeywordsAll><Description>Events with all of these keywords are enabled</Description><ValueMapType>2</ValueMapType><Value>0x0</Value></KeywordsAll><Properties><Description>These additional data fields will be collected with each event</Description><ValueMapType>2</ValueMapType><Value>64</Value><ValueMapItem><Key/><Description/><Enabled>-1</Enabled><Value>64</Value></ValueMapItem></Properties><Guid>{FC0028FF-BFDC-499F-80DC-ED922C52C5E9}</Guid></TraceDataProvider><TraceDataProvider><DisplayName>{74CF0846-E6A3-4A3E-A10F-80FD527DA5FD}</DisplayName><FilterEnabled>0</FilterEnabled><FilterType>0</FilterType><Level><Description>Events up to this level are enabled</Description><ValueMapType>1</ValueMapType><Value>255</Value><ValueMapItem><Key/><Description/><Enabled>-1</Enabled><Value>255</Value></ValueMapItem></Level><KeywordsAny><Description>Events with any of these keywords are enabled</Description><ValueMapType>2</ValueMapType><Value>0xffffffffffffffff</Value><ValueMapItem><Key/><Description/><Enabled>-1</Enabled><Value>0x1</Value></ValueMapItem><ValueMapItem><Key/><Description/><Enabled>-1</Enabled><Value>0x2</Value></ValueMapItem><ValueMapItem><Key/><Description/><Enabled>-1</Enabled><Value>0x4</Value></ValueMapItem><ValueMapItem><Key/><Description/><Enabled>-1</Enabled><Value>0x8</Value></ValueMapItem><ValueMapItem><Key/><Description/><Enabled>-1</Enabled><Value>0x10</Value></ValueMapItem><ValueMapItem><Key/><Description/><Enabled>-1</Enabled><Value>0x20</Value></ValueMapItem><ValueMapItem><Key/><Description/><Enabled>-1</Enabled><Value>0x40</Value></ValueMapItem><ValueMapItem><Key/><Description/><Enabled>-1</Enabled><Value>0x80</Value></ValueMapItem><ValueMapItem><Key/><Description/><Enabled>-1</Enabled><Value>0x100</Value></ValueMapItem><ValueMapItem><Key/><Description/><Enabled>-1</Enabled><Value>0x200</Value></ValueMapItem><ValueMapItem><Key/><Description/><Enabled>-1</Enabled><Value>0x400</Value></ValueMapItem><ValueMapItem><Key/><Description/><Enabled>-1</Enabled><Value>0x800</Value></ValueMapItem><ValueMapItem><Key/><Description/><Enabled>-1</Enabled><Value>0x1000</Value></ValueMapItem><ValueMapItem><Key/><Description/><Enabled>-1</Enabled><Value>0x2000</Value></ValueMapItem><ValueMapItem><Key/><Description/><Enabled>-1</Enabled><Value>0x4000</Value></ValueMapItem><ValueMapItem><Key/><Description/><Enabled>-1</Enabled><Value>0x8000</Value></ValueMapItem><ValueMapItem><Key/><Description/><Enabled>-1</Enabled><Value>0x10000</Value></ValueMapItem><ValueMapItem><Key/><Description/><Enabled>-1</Enabled><Value>0x20000</Value></ValueMapItem><ValueMapItem><Key/><Description/><Enabled>-1</Enabled><Value>0x40000</Value></ValueMapItem><ValueMapItem><Key/><Description/><Enabled>-1</Enabled><Value>0x80000</Value></ValueMapItem><ValueMapItem><Key/><Description/><Enabled>-1</Enabled><Value>0x100000</Value></ValueMapItem><ValueMapItem><Key/><Description/><Enabled>-1</Enabled><Value>0x200000</Value></ValueMapItem><ValueMapItem><Key/><Description/><Enabled>-1</Enabled><Value>0x400000</Value></ValueMapItem><ValueMapItem><Key/><Description/><Enabled>-1</Enabled><Value>0x800000</Value></ValueMapItem><ValueMapItem><Key/><Description/><Enabled>-1</Enabled><Value>0x1000000</Value></ValueMapItem><ValueMapItem><Key/><Description/><Enabled>-1</Enabled><Value>0x2000000</Value></ValueMapItem><ValueMapItem><Key/><Description/><Enabled>-1</Enabled><Value>0x4000000</Value></ValueMapItem><ValueMapItem><Key/><Description/><Enabled>-1</Enabled><Value>0x8000000</Value></ValueMapItem><ValueMapItem><Key/><Description/><Enabled>-1</Enabled><Value>0x10000000</Value></ValueMapItem><ValueMapItem><Key/><Description/><Enabled>-1</Enabled><Value>0x20000000</Value></ValueMapItem><ValueMapItem><Key/><Description/><Enabled>-1</Enabled><Value>0x40000000</Value></ValueMapItem><ValueMapItem><Key/><Description/><Enabled>-1</Enabled><Value>0x80000000</Value></ValueMapItem><ValueMapItem><Key/><Description/><Enabled>-1</Enabled><Value>0x100000000</Value></ValueMapItem><ValueMapItem><Key/><Description/><Enabled>-1</Enabled><Value>0x200000000</Value></ValueMapItem><ValueMapItem><Key/><Description/><Enabled>-1</Enabled><Value>0x400000000</Value></ValueMapItem><ValueMapItem><Key/><Description/><Enabled>-1</Enabled><Value>0x800000000</Value></ValueMapItem><ValueMapItem><Key/><Description/><Enabled>-1</Enabled><Value>0x1000000000</Value></ValueMapItem><ValueMapItem><Key/><Description/><Enabled>-1</Enabled><Value>0x2000000000</Value></ValueMapItem><ValueMapItem><Key/><Description/><Enabled>-1</Enabled><Value>0x4000000000</Value></ValueMapItem><ValueMapItem><Key/><Description/><Enabled>-1</Enabled><Value>0x8000000000</Value></ValueMapItem><ValueMapItem><Key/><Description/><Enabled>-1</Enabled><Value>0x10000000000</Value></ValueMapItem><ValueMapItem><Key/><Description/><Enabled>-1</Enabled><Value>0x20000000000</Value></ValueMapItem><ValueMapItem><Key/><Description/><Enabled>-1</Enabled><Value>0x40000000000</Value></ValueMapItem><ValueMapItem><Key/><Description/><Enabled>-1</Enabled><Value>0x80000000000</Value></ValueMapItem><ValueMapItem><Key/><Description/><Enabled>-1</Enabled><Value>0x100000000000</Value></ValueMapItem><ValueMapItem><Key/><Description/><Enabled>-1</Enabled><Value>0x200000000000</Value></ValueMapItem><ValueMapItem><Key/><Description/><Enabled>-1</Enabled><Value>0x400000000000</Value></ValueMapItem><ValueMapItem><Key/><Description/><Enabled>-1</Enabled><Value>0x800000000000</Value></ValueMapItem><ValueMapItem><Key/><Description/><Enabled>-1</Enabled><Value>0x1000000000000</Value></ValueMapItem><ValueMapItem><Key/><Description/><Enabled>-1</Enabled><Value>0x2000000000000</Value></ValueMapItem><ValueMapItem><Key/><Description/><Enabled>-1</Enabled><Value>0x4000000000000</Value></ValueMapItem><ValueMapItem><Key/><Description/><Enabled>-1</Enabled><Value>0x8000000000000</Value></ValueMapItem><ValueMapItem><Key/><Description/><Enabled>-1</Enabled><Value>0x10000000000000</Value></ValueMapItem><ValueMapItem><Key/><Description/><Enabled>-1</Enabled><Value>0x20000000000000</Value></ValueMapItem><ValueMapItem><Key/><Description/><Enabled>-1</Enabled><Value>0x40000000000000</Value></ValueMapItem><ValueMapItem><Key/><Description/><Enabled>-1</Enabled><Value>0x80000000000000</Value></ValueMapItem><ValueMapItem><Key/><Description/><Enabled>-1</Enabled><Value>0x100000000000000</Value></ValueMapItem><ValueMapItem><Key/><Description/><Enabled>-1</Enabled><Value>0x200000000000000</Value></ValueMapItem><ValueMapItem><Key/><Description/><Enabled>-1</Enabled><Value>0x400000000000000</Value></ValueMapItem><ValueMapItem><Key/><Description/><Enabled>-1</Enabled><Value>0x800000000000000</Value></ValueMapItem><ValueMapItem><Key/><Description/><Enabled>-1</Enabled><Value>0x1000000000000000</Value></ValueMapItem><ValueMapItem><Key/><Description/><Enabled>-1</Enabled><Value>0x2000000000000000</Value></ValueMapItem><ValueMapItem><Key/><Description/><Enabled>-1</Enabled><Value>0x4000000000000000</Value></ValueMapItem><ValueMapItem><Key/><Description/><Enabled>-1</Enabled><Value>0x8000000000000000</Value></ValueMapItem></KeywordsAny><KeywordsAll><Description>Events with all of these keywords are enabled</Description><ValueMapType>2</ValueMapType><Value>0x0</Value></KeywordsAll><Properties><Description>These additional data fields will be collected with each event</Description><ValueMapType>2</ValueMapType><Value>64</Value><ValueMapItem><Key/><Description/><Enabled>-1</Enabled><Value>64</Value></ValueMapItem></Properties><Guid>{74CF0846-E6A3-4A3E-A10F-80FD527DA5FD}</Guid></TraceDataProvider><TraceDataProvider><DisplayName>{05DC046C-60E9-4EF7-965E-91660ADFFA68}</DisplayName><FilterEnabled>0</FilterEnabled><FilterType>0</FilterType><Level><Description>Events up to this level are enabled</Description><ValueMapType>1</ValueMapType><Value>255</Value><ValueMapItem><Key/><Description/><Enabled>-1</Enabled><Value>255</Value></ValueMapItem></Level><KeywordsAny><Description>Events with any of these keywords are enabled</Description><ValueMapType>2</ValueMapType><Value>0xffffffffffffffff</Value><ValueMapItem><Key/><Description/><Enabled>-1</Enabled><Value>0x1</Value></ValueMapItem><ValueMapItem><Key/><Description/><Enabled>-1</Enabled><Value>0x2</Value></ValueMapItem><ValueMapItem><Key/><Description/><Enabled>-1</Enabled><Value>0x4</Value></ValueMapItem><ValueMapItem><Key/><Description/><Enabled>-1</Enabled><Value>0x8</Value></ValueMapItem><ValueMapItem><Key/><Description/><Enabled>-1</Enabled><Value>0x10</Value></ValueMapItem><ValueMapItem><Key/><Description/><Enabled>-1</Enabled><Value>0x20</Value></ValueMapItem><ValueMapItem><Key/><Description/><Enabled>-1</Enabled><Value>0x40</Value></ValueMapItem><ValueMapItem><Key/><Description/><Enabled>-1</Enabled><Value>0x80</Value></ValueMapItem><ValueMapItem><Key/><Description/><Enabled>-1</Enabled><Value>0x100</Value></ValueMapItem><ValueMapItem><Key/><Description/><Enabled>-1</Enabled><Value>0x200</Value></ValueMapItem><ValueMapItem><Key/><Description/><Enabled>-1</Enabled><Value>0x400</Value></ValueMapItem><ValueMapItem><Key/><Description/><Enabled>-1</Enabled><Value>0x800</Value></ValueMapItem><ValueMapItem><Key/><Description/><Enabled>-1</Enabled><Value>0x1000</Value></ValueMapItem><ValueMapItem><Key/><Description/><Enabled>-1</Enabled><Value>0x2000</Value></ValueMapItem><ValueMapItem><Key/><Description/><Enabled>-1</Enabled><Value>0x4000</Value></ValueMapItem><ValueMapItem><Key/><Description/><Enabled>-1</Enabled><Value>0x8000</Value></ValueMapItem><ValueMapItem><Key/><Description/><Enabled>-1</Enabled><Value>0x10000</Value></ValueMapItem><ValueMapItem><Key/><Description/><Enabled>-1</Enabled><Value>0x20000</Value></ValueMapItem><ValueMapItem><Key/><Description/><Enabled>-1</Enabled><Value>0x40000</Value></ValueMapItem><ValueMapItem><Key/><Description/><Enabled>-1</Enabled><Value>0x80000</Value></ValueMapItem><ValueMapItem><Key/><Description/><Enabled>-1</Enabled><Value>0x100000</Value></ValueMapItem><ValueMapItem><Key/><Description/><Enabled>-1</Enabled><Value>0x200000</Value></ValueMapItem><ValueMapItem><Key/><Description/><Enabled>-1</Enabled><Value>0x400000</Value></ValueMapItem><ValueMapItem><Key/><Description/><Enabled>-1</Enabled><Value>0x800000</Value></ValueMapItem><ValueMapItem><Key/><Description/><Enabled>-1</Enabled><Value>0x1000000</Value></ValueMapItem><ValueMapItem><Key/><Description/><Enabled>-1</Enabled><Value>0x2000000</Value></ValueMapItem><ValueMapItem><Key/><Description/><Enabled>-1</Enabled><Value>0x4000000</Value></ValueMapItem><ValueMapItem><Key/><Description/><Enabled>-1</Enabled><Value>0x8000000</Value></ValueMapItem><ValueMapItem><Key/><Description/><Enabled>-1</Enabled><Value>0x10000000</Value></ValueMapItem><ValueMapItem><Key/><Description/><Enabled>-1</Enabled><Value>0x20000000</Value></ValueMapItem><ValueMapItem><Key/><Description/><Enabled>-1</Enabled><Value>0x40000000</Value></ValueMapItem><ValueMapItem><Key/><Description/><Enabled>-1</Enabled><Value>0x80000000</Value></ValueMapItem><ValueMapItem><Key/><Description/><Enabled>-1</Enabled><Value>0x100000000</Value></ValueMapItem><ValueMapItem><Key/><Description/><Enabled>-1</Enabled><Value>0x200000000</Value></ValueMapItem><ValueMapItem><Key/><Description/><Enabled>-1</Enabled><Value>0x400000000</Value></ValueMapItem><ValueMapItem><Key/><Description/><Enabled>-1</Enabled><Value>0x800000000</Value></ValueMapItem><ValueMapItem><Key/><Description/><Enabled>-1</Enabled><Value>0x1000000000</Value></ValueMapItem><ValueMapItem><Key/><Description/><Enabled>-1</Enabled><Value>0x2000000000</Value></ValueMapItem><ValueMapItem><Key/><Description/><Enabled>-1</Enabled><Value>0x4000000000</Value></ValueMapItem><ValueMapItem><Key/><Description/><Enabled>-1</Enabled><Value>0x8000000000</Value></ValueMapItem><ValueMapItem><Key/><Description/><Enabled>-1</Enabled><Value>0x10000000000</Value></ValueMapItem><ValueMapItem><Key/><Description/><Enabled>-1</Enabled><Value>0x20000000000</Value></ValueMapItem><ValueMapItem><Key/><Description/><Enabled>-1</Enabled><Value>0x40000000000</Value></ValueMapItem><ValueMapItem><Key/><Description/><Enabled>-1</Enabled><Value>0x80000000000</Value></ValueMapItem><ValueMapItem><Key/><Description/><Enabled>-1</Enabled><Value>0x100000000000</Value></ValueMapItem><ValueMapItem><Key/><Description/><Enabled>-1</Enabled><Value>0x200000000000</Value></ValueMapItem><ValueMapItem><Key/><Description/><Enabled>-1</Enabled><Value>0x400000000000</Value></ValueMapItem><ValueMapItem><Key/><Description/><Enabled>-1</Enabled><Value>0x800000000000</Value></ValueMapItem><ValueMapItem><Key/><Description/><Enabled>-1</Enabled><Value>0x1000000000000</Value></ValueMapItem><ValueMapItem><Key/><Description/><Enabled>-1</Enabled><Value>0x2000000000000</Value></ValueMapItem><ValueMapItem><Key/><Description/><Enabled>-1</Enabled><Value>0x4000000000000</Value></ValueMapItem><ValueMapItem><Key/><Description/><Enabled>-1</Enabled><Value>0x8000000000000</Value></ValueMapItem><ValueMapItem><Key/><Description/><Enabled>-1</Enabled><Value>0x10000000000000</Value></ValueMapItem><ValueMapItem><Key/><Description/><Enabled>-1</Enabled><Value>0x20000000000000</Value></ValueMapItem><ValueMapItem><Key/><Description/><Enabled>-1</Enabled><Value>0x40000000000000</Value></ValueMapItem><ValueMapItem><Key/><Description/><Enabled>-1</Enabled><Value>0x80000000000000</Value></ValueMapItem><ValueMapItem><Key/><Description/><Enabled>-1</Enabled><Value>0x100000000000000</Value></ValueMapItem><ValueMapItem><Key/><Description/><Enabled>-1</Enabled><Value>0x200000000000000</Value></ValueMapItem><ValueMapItem><Key/><Description/><Enabled>-1</Enabled><Value>0x400000000000000</Value></ValueMapItem><ValueMapItem><Key/><Description/><Enabled>-1</Enabled><Value>0x800000000000000</Value></ValueMapItem><ValueMapItem><Key/><Description/><Enabled>-1</Enabled><Value>0x1000000000000000</Value></ValueMapItem><ValueMapItem><Key/><Description/><Enabled>-1</Enabled><Value>0x2000000000000000</Value></ValueMapItem><ValueMapItem><Key/><Description/><Enabled>-1</Enabled><Value>0x4000000000000000</Value></ValueMapItem><ValueMapItem><Key/><Description/><Enabled>-1</Enabled><Value>0x8000000000000000</Value></ValueMapItem></KeywordsAny><KeywordsAll><Description>Events with all of these keywords are enabled</Description><ValueMapType>2</ValueMapType><Value>0x0</Value></KeywordsAll><Properties><Description>These additional data fields will be collected with each event</Description><ValueMapType>2</ValueMapType><Value>64</Value><ValueMapItem><Key/><Description/><Enabled>-1</Enabled><Value>64</Value></ValueMapItem></Properties><Guid>{05DC046C-60E9-4EF7-965E-91660ADFFA68}</Guid></TraceDataProvider><TraceDataProvider><DisplayName>{CBD93BC2-71E5-4566-B3A7-595D8EECA6E8}</DisplayName><FilterEnabled>0</FilterEnabled><FilterType>0</FilterType><Level><Description>Events up to this level are enabled</Description><ValueMapType>1</ValueMapType><Value>255</Value><ValueMapItem><Key/><Description/><Enabled>-1</Enabled><Value>255</Value></ValueMapItem></Level><KeywordsAny><Description>Events with any of these keywords are enabled</Description><ValueMapType>2</ValueMapType><Value>0x1</Value><ValueMapItem><Key/><Description/><Enabled>-1</Enabled><Value>0x1</Value></ValueMapItem></KeywordsAny><KeywordsAll><Description>Events with all of these keywords are enabled</Description><ValueMapType>2</ValueMapType><Value>0x1</Value><ValueMapItem><Key/><Description/><Enabled>-1</Enabled><Value>0x1</Value></ValueMapItem></KeywordsAll><Properties><Description>These additional data fields will be collected with each event</Description><ValueMapType>2</ValueMapType><Value>64</Value><ValueMapItem><Key/><Description/><Enabled>-1</Enabled><Value>64</Value></ValueMapItem></Properties><Guid>{CBD93BC2-71E5-4566-B3A7-595D8EECA6E8}</Guid></TraceDataProvider><TraceDataProvider><DisplayName>{24AFA313-0D3B-4C7C-B485-1047FD964B60}</DisplayName><FilterEnabled>0</FilterEnabled><FilterType>0</FilterType><Level><Description>Events up to this level are enabled</Description><ValueMapType>1</ValueMapType><Value>255</Value><ValueMapItem><Key/><Description/><Enabled>-1</Enabled><Value>255</Value></ValueMapItem></Level><KeywordsAny><Description>Events with any of these keywords are enabled</Description><ValueMapType>2</ValueMapType><Value>0xffffffffffffffff</Value><ValueMapItem><Key/><Description/><Enabled>-1</Enabled><Value>0x1</Value></ValueMapItem><ValueMapItem><Key/><Description/><Enabled>-1</Enabled><Value>0x2</Value></ValueMapItem><ValueMapItem><Key/><Description/><Enabled>-1</Enabled><Value>0x4</Value></ValueMapItem><ValueMapItem><Key/><Description/><Enabled>-1</Enabled><Value>0x8</Value></ValueMapItem><ValueMapItem><Key/><Description/><Enabled>-1</Enabled><Value>0x10</Value></ValueMapItem><ValueMapItem><Key/><Description/><Enabled>-1</Enabled><Value>0x20</Value></ValueMapItem><ValueMapItem><Key/><Description/><Enabled>-1</Enabled><Value>0x40</Value></ValueMapItem><ValueMapItem><Key/><Description/><Enabled>-1</Enabled><Value>0x80</Value></ValueMapItem><ValueMapItem><Key/><Description/><Enabled>-1</Enabled><Value>0x100</Value></ValueMapItem><ValueMapItem><Key/><Description/><Enabled>-1</Enabled><Value>0x200</Value></ValueMapItem><ValueMapItem><Key/><Description/><Enabled>-1</Enabled><Value>0x400</Value></ValueMapItem><ValueMapItem><Key/><Description/><Enabled>-1</Enabled><Value>0x800</Value></ValueMapItem><ValueMapItem><Key/><Description/><Enabled>-1</Enabled><Value>0x1000</Value></ValueMapItem><ValueMapItem><Key/><Description/><Enabled>-1</Enabled><Value>0x2000</Value></ValueMapItem><ValueMapItem><Key/><Description/><Enabled>-1</Enabled><Value>0x4000</Value></ValueMapItem><ValueMapItem><Key/><Description/><Enabled>-1</Enabled><Value>0x8000</Value></ValueMapItem><ValueMapItem><Key/><Description/><Enabled>-1</Enabled><Value>0x10000</Value></ValueMapItem><ValueMapItem><Key/><Description/><Enabled>-1</Enabled><Value>0x20000</Value></ValueMapItem><ValueMapItem><Key/><Description/><Enabled>-1</Enabled><Value>0x40000</Value></ValueMapItem><ValueMapItem><Key/><Description/><Enabled>-1</Enabled><Value>0x80000</Value></ValueMapItem><ValueMapItem><Key/><Description/><Enabled>-1</Enabled><Value>0x100000</Value></ValueMapItem><ValueMapItem><Key/><Description/><Enabled>-1</Enabled><Value>0x200000</Value></ValueMapItem><ValueMapItem><Key/><Description/><Enabled>-1</Enabled><Value>0x400000</Value></ValueMapItem><ValueMapItem><Key/><Description/><Enabled>-1</Enabled><Value>0x800000</Value></ValueMapItem><ValueMapItem><Key/><Description/><Enabled>-1</Enabled><Value>0x1000000</Value></ValueMapItem><ValueMapItem><Key/><Description/><Enabled>-1</Enabled><Value>0x2000000</Value></ValueMapItem><ValueMapItem><Key/><Description/><Enabled>-1</Enabled><Value>0x4000000</Value></ValueMapItem><ValueMapItem><Key/><Description/><Enabled>-1</Enabled><Value>0x8000000</Value></ValueMapItem><ValueMapItem><Key/><Description/><Enabled>-1</Enabled><Value>0x10000000</Value></ValueMapItem><ValueMapItem><Key/><Description/><Enabled>-1</Enabled><Value>0x20000000</Value></ValueMapItem><ValueMapItem><Key/><Description/><Enabled>-1</Enabled><Value>0x40000000</Value></ValueMapItem><ValueMapItem><Key/><Description/><Enabled>-1</Enabled><Value>0x80000000</Value></ValueMapItem><ValueMapItem><Key/><Description/><Enabled>-1</Enabled><Value>0x100000000</Value></ValueMapItem><ValueMapItem><Key/><Description/><Enabled>-1</Enabled><Value>0x200000000</Value></ValueMapItem><ValueMapItem><Key/><Description/><Enabled>-1</Enabled><Value>0x400000000</Value></ValueMapItem><ValueMapItem><Key/><Description/><Enabled>-1</Enabled><Value>0x800000000</Value></ValueMapItem><ValueMapItem><Key/><Description/><Enabled>-1</Enabled><Value>0x1000000000</Value></ValueMapItem><ValueMapItem><Key/><Description/><Enabled>-1</Enabled><Value>0x2000000000</Value></ValueMapItem><ValueMapItem><Key/><Description/><Enabled>-1</Enabled><Value>0x4000000000</Value></ValueMapItem><ValueMapItem><Key/><Description/><Enabled>-1</Enabled><Value>0x8000000000</Value></ValueMapItem><ValueMapItem><Key/><Description/><Enabled>-1</Enabled><Value>0x10000000000</Value></ValueMapItem><ValueMapItem><Key/><Description/><Enabled>-1</Enabled><Value>0x20000000000</Value></ValueMapItem><ValueMapItem><Key/><Description/><Enabled>-1</Enabled><Value>0x40000000000</Value></ValueMapItem><ValueMapItem><Key/><Description/><Enabled>-1</Enabled><Value>0x80000000000</Value></ValueMapItem><ValueMapItem><Key/><Description/><Enabled>-1</Enabled><Value>0x100000000000</Value></ValueMapItem><ValueMapItem><Key/><Description/><Enabled>-1</Enabled><Value>0x200000000000</Value></ValueMapItem><ValueMapItem><Key/><Description/><Enabled>-1</Enabled><Value>0x400000000000</Value></ValueMapItem><ValueMapItem><Key/><Description/><Enabled>-1</Enabled><Value>0x800000000000</Value></ValueMapItem><ValueMapItem><Key/><Description/><Enabled>-1</Enabled><Value>0x1000000000000</Value></ValueMapItem><ValueMapItem><Key/><Description/><Enabled>-1</Enabled><Value>0x2000000000000</Value></ValueMapItem><ValueMapItem><Key/><Description/><Enabled>-1</Enabled><Value>0x4000000000000</Value></ValueMapItem><ValueMapItem><Key/><Description/><Enabled>-1</Enabled><Value>0x8000000000000</Value></ValueMapItem><ValueMapItem><Key/><Description/><Enabled>-1</Enabled><Value>0x10000000000000</Value></ValueMapItem><ValueMapItem><Key/><Description/><Enabled>-1</Enabled><Value>0x20000000000000</Value></ValueMapItem><ValueMapItem><Key/><Description/><Enabled>-1</Enabled><Value>0x40000000000000</Value></ValueMapItem><ValueMapItem><Key/><Description/><Enabled>-1</Enabled><Value>0x80000000000000</Value></ValueMapItem><ValueMapItem><Key/><Description/><Enabled>-1</Enabled><Value>0x100000000000000</Value></ValueMapItem><ValueMapItem><Key/><Description/><Enabled>-1</Enabled><Value>0x200000000000000</Value></ValueMapItem><ValueMapItem><Key/><Description/><Enabled>-1</Enabled><Value>0x400000000000000</Value></ValueMapItem><ValueMapItem><Key/><Description/><Enabled>-1</Enabled><Value>0x800000000000000</Value></ValueMapItem><ValueMapItem><Key/><Description/><Enabled>-1</Enabled><Value>0x1000000000000000</Value></ValueMapItem><ValueMapItem><Key/><Description/><Enabled>-1</Enabled><Value>0x2000000000000000</Value></ValueMapItem><ValueMapItem><Key/><Description/><Enabled>-1</Enabled><Value>0x4000000000000000</Value></ValueMapItem><ValueMapItem><Key/><Description/><Enabled>-1</Enabled><Value>0x8000000000000000</Value></ValueMapItem></KeywordsAny><KeywordsAll><Description>Events with all of these keywords are enabled</Description><ValueMapType>2</ValueMapType><Value>0x0</Value></KeywordsAll><Properties><Description>These additional data fields will be collected with each event</Description><ValueMapType>2</ValueMapType><Value>64</Value><ValueMapItem><Key/><Description/><Enabled>-1</Enabled><Value>64</Value></ValueMapItem></Properties><Guid>{24AFA313-0D3B-4C7C-B485-1047FD964B60}</Guid></TraceDataProvider><TraceDataProvider><DisplayName>{C4766D6F-5414-5D26-48DE-873499FF0976}</DisplayName><FilterEnabled>0</FilterEnabled><FilterType>0</FilterType><Level><Description>Events up to this level are enabled</Description><ValueMapType>1</ValueMapType><Value>255</Value><ValueMapItem><Key/><Description/><Enabled>-1</Enabled><Value>255</Value></ValueMapItem></Level><KeywordsAny><Description>Events with any of these keywords are enabled</Description><ValueMapType>2</ValueMapType><Value>0xffffffffffffffff</Value><ValueMapItem><Key/><Description/><Enabled>-1</Enabled><Value>0x1</Value></ValueMapItem><ValueMapItem><Key/><Description/><Enabled>-1</Enabled><Value>0x2</Value></ValueMapItem><ValueMapItem><Key/><Description/><Enabled>-1</Enabled><Value>0x4</Value></ValueMapItem><ValueMapItem><Key/><Description/><Enabled>-1</Enabled><Value>0x8</Value></ValueMapItem><ValueMapItem><Key/><Description/><Enabled>-1</Enabled><Value>0x10</Value></ValueMapItem><ValueMapItem><Key/><Description/><Enabled>-1</Enabled><Value>0x20</Value></ValueMapItem><ValueMapItem><Key/><Description/><Enabled>-1</Enabled><Value>0x40</Value></ValueMapItem><ValueMapItem><Key/><Description/><Enabled>-1</Enabled><Value>0x80</Value></ValueMapItem><ValueMapItem><Key/><Description/><Enabled>-1</Enabled><Value>0x100</Value></ValueMapItem><ValueMapItem><Key/><Description/><Enabled>-1</Enabled><Value>0x200</Value></ValueMapItem><ValueMapItem><Key/><Description/><Enabled>-1</Enabled><Value>0x400</Value></ValueMapItem><ValueMapItem><Key/><Description/><Enabled>-1</Enabled><Value>0x800</Value></ValueMapItem><ValueMapItem><Key/><Description/><Enabled>-1</Enabled><Value>0x1000</Value></ValueMapItem><ValueMapItem><Key/><Description/><Enabled>-1</Enabled><Value>0x2000</Value></ValueMapItem><ValueMapItem><Key/><Description/><Enabled>-1</Enabled><Value>0x4000</Value></ValueMapItem><ValueMapItem><Key/><Description/><Enabled>-1</Enabled><Value>0x8000</Value></ValueMapItem><ValueMapItem><Key/><Description/><Enabled>-1</Enabled><Value>0x10000</Value></ValueMapItem><ValueMapItem><Key/><Description/><Enabled>-1</Enabled><Value>0x20000</Value></ValueMapItem><ValueMapItem><Key/><Description/><Enabled>-1</Enabled><Value>0x40000</Value></ValueMapItem><ValueMapItem><Key/><Description/><Enabled>-1</Enabled><Value>0x80000</Value></ValueMapItem><ValueMapItem><Key/><Description/><Enabled>-1</Enabled><Value>0x100000</Value></ValueMapItem><ValueMapItem><Key/><Description/><Enabled>-1</Enabled><Value>0x200000</Value></ValueMapItem><ValueMapItem><Key/><Description/><Enabled>-1</Enabled><Value>0x400000</Value></ValueMapItem><ValueMapItem><Key/><Description/><Enabled>-1</Enabled><Value>0x800000</Value></ValueMapItem><ValueMapItem><Key/><Description/><Enabled>-1</Enabled><Value>0x1000000</Value></ValueMapItem><ValueMapItem><Key/><Description/><Enabled>-1</Enabled><Value>0x2000000</Value></ValueMapItem><ValueMapItem><Key/><Description/><Enabled>-1</Enabled><Value>0x4000000</Value></ValueMapItem><ValueMapItem><Key/><Description/><Enabled>-1</Enabled><Value>0x8000000</Value></ValueMapItem><ValueMapItem><Key/><Description/><Enabled>-1</Enabled><Value>0x10000000</Value></ValueMapItem><ValueMapItem><Key/><Description/><Enabled>-1</Enabled><Value>0x20000000</Value></ValueMapItem><ValueMapItem><Key/><Description/><Enabled>-1</Enabled><Value>0x40000000</Value></ValueMapItem><ValueMapItem><Key/><Description/><Enabled>-1</Enabled><Value>0x80000000</Value></ValueMapItem><ValueMapItem><Key/><Description/><Enabled>-1</Enabled><Value>0x100000000</Value></ValueMapItem><ValueMapItem><Key/><Description/><Enabled>-1</Enabled><Value>0x200000000</Value></ValueMapItem><ValueMapItem><Key/><Description/><Enabled>-1</Enabled><Value>0x400000000</Value></ValueMapItem><ValueMapItem><Key/><Description/><Enabled>-1</Enabled><Value>0x800000000</Value></ValueMapItem><ValueMapItem><Key/><Description/><Enabled>-1</Enabled><Value>0x1000000000</Value></ValueMapItem><ValueMapItem><Key/><Description/><Enabled>-1</Enabled><Value>0x2000000000</Value></ValueMapItem><ValueMapItem><Key/><Description/><Enabled>-1</Enabled><Value>0x4000000000</Value></ValueMapItem><ValueMapItem><Key/><Description/><Enabled>-1</Enabled><Value>0x8000000000</Value></ValueMapItem><ValueMapItem><Key/><Description/><Enabled>-1</Enabled><Value>0x10000000000</Value></ValueMapItem><ValueMapItem><Key/><Description/><Enabled>-1</Enabled><Value>0x20000000000</Value></ValueMapItem><ValueMapItem><Key/><Description/><Enabled>-1</Enabled><Value>0x40000000000</Value></ValueMapItem><ValueMapItem><Key/><Description/><Enabled>-1</Enabled><Value>0x80000000000</Value></ValueMapItem><ValueMapItem><Key/><Description/><Enabled>-1</Enabled><Value>0x100000000000</Value></ValueMapItem><ValueMapItem><Key/><Description/><Enabled>-1</Enabled><Value>0x200000000000</Value></ValueMapItem><ValueMapItem><Key/><Description/><Enabled>-1</Enabled><Value>0x400000000000</Value></ValueMapItem><ValueMapItem><Key/><Description/><Enabled>-1</Enabled><Value>0x800000000000</Value></ValueMapItem><ValueMapItem><Key/><Description/><Enabled>-1</Enabled><Value>0x1000000000000</Value></ValueMapItem><ValueMapItem><Key/><Description/><Enabled>-1</Enabled><Value>0x2000000000000</Value></ValueMapItem><ValueMapItem><Key/><Description/><Enabled>-1</Enabled><Value>0x4000000000000</Value></ValueMapItem><ValueMapItem><Key/><Description/><Enabled>-1</Enabled><Value>0x8000000000000</Value></ValueMapItem><ValueMapItem><Key/><Description/><Enabled>-1</Enabled><Value>0x10000000000000</Value></ValueMapItem><ValueMapItem><Key/><Description/><Enabled>-1</Enabled><Value>0x20000000000000</Value></ValueMapItem><ValueMapItem><Key/><Description/><Enabled>-1</Enabled><Value>0x40000000000000</Value></ValueMapItem><ValueMapItem><Key/><Description/><Enabled>-1</Enabled><Value>0x80000000000000</Value></ValueMapItem><ValueMapItem><Key/><Description/><Enabled>-1</Enabled><Value>0x100000000000000</Value></ValueMapItem><ValueMapItem><Key/><Description/><Enabled>-1</Enabled><Value>0x200000000000000</Value></ValueMapItem><ValueMapItem><Key/><Description/><Enabled>-1</Enabled><Value>0x400000000000000</Value></ValueMapItem><ValueMapItem><Key/><Description/><Enabled>-1</Enabled><Value>0x800000000000000</Value></ValueMapItem><ValueMapItem><Key/><Description/><Enabled>-1</Enabled><Value>0x1000000000000000</Value></ValueMapItem><ValueMapItem><Key/><Description/><Enabled>-1</Enabled><Value>0x2000000000000000</Value></ValueMapItem><ValueMapItem><Key/><Description/><Enabled>-1</Enabled><Value>0x4000000000000000</Value></ValueMapItem><ValueMapItem><Key/><Description/><Enabled>-1</Enabled><Value>0x8000000000000000</Value></ValueMapItem></KeywordsAny><KeywordsAll><Description>Events with all of these keywords are enabled</Description><ValueMapType>2</ValueMapType><Value>0x0</Value></KeywordsAll><Properties><Description>These additional data fields will be collected with each event</Description><ValueMapType>2</ValueMapType><Value>64</Value><ValueMapItem><Key/><Description/><Enabled>-1</Enabled><Value>64</Value></ValueMapItem></Properties><Guid>{C4766D6F-5414-5D26-48DE-873499FF0976}</Guid></TraceDataProvider><TraceDataProvider><DisplayName>{27B7A543-7280-5C2A-B053-F2F798E2CBB7}</DisplayName><FilterEnabled>0</FilterEnabled><FilterType>0</FilterType><Level><Description>Events up to this level are enabled</Description><ValueMapType>1</ValueMapType><Value>255</Value><ValueMapItem><Key/><Description/><Enabled>-1</Enabled><Value>255</Value></ValueMapItem></Level><KeywordsAny><Description>Events with any of these keywords are enabled</Description><ValueMapType>2</ValueMapType><Value>0xffffffffffffffff</Value><ValueMapItem><Key/><Description/><Enabled>-1</Enabled><Value>0x1</Value></ValueMapItem><ValueMapItem><Key/><Description/><Enabled>-1</Enabled><Value>0x2</Value></ValueMapItem><ValueMapItem><Key/><Description/><Enabled>-1</Enabled><Value>0x4</Value></ValueMapItem><ValueMapItem><Key/><Description/><Enabled>-1</Enabled><Value>0x8</Value></ValueMapItem><ValueMapItem><Key/><Description/><Enabled>-1</Enabled><Value>0x10</Value></ValueMapItem><ValueMapItem><Key/><Description/><Enabled>-1</Enabled><Value>0x20</Value></ValueMapItem><ValueMapItem><Key/><Description/><Enabled>-1</Enabled><Value>0x40</Value></ValueMapItem><ValueMapItem><Key/><Description/><Enabled>-1</Enabled><Value>0x80</Value></ValueMapItem><ValueMapItem><Key/><Description/><Enabled>-1</Enabled><Value>0x100</Value></ValueMapItem><ValueMapItem><Key/><Description/><Enabled>-1</Enabled><Value>0x200</Value></ValueMapItem><ValueMapItem><Key/><Description/><Enabled>-1</Enabled><Value>0x400</Value></ValueMapItem><ValueMapItem><Key/><Description/><Enabled>-1</Enabled><Value>0x800</Value></ValueMapItem><ValueMapItem><Key/><Description/><Enabled>-1</Enabled><Value>0x1000</Value></ValueMapItem><ValueMapItem><Key/><Description/><Enabled>-1</Enabled><Value>0x2000</Value></ValueMapItem><ValueMapItem><Key/><Description/><Enabled>-1</Enabled><Value>0x4000</Value></ValueMapItem><ValueMapItem><Key/><Description/><Enabled>-1</Enabled><Value>0x8000</Value></ValueMapItem><ValueMapItem><Key/><Description/><Enabled>-1</Enabled><Value>0x10000</Value></ValueMapItem><ValueMapItem><Key/><Description/><Enabled>-1</Enabled><Value>0x20000</Value></ValueMapItem><ValueMapItem><Key/><Description/><Enabled>-1</Enabled><Value>0x40000</Value></ValueMapItem><ValueMapItem><Key/><Description/><Enabled>-1</Enabled><Value>0x80000</Value></ValueMapItem><ValueMapItem><Key/><Description/><Enabled>-1</Enabled><Value>0x100000</Value></ValueMapItem><ValueMapItem><Key/><Description/><Enabled>-1</Enabled><Value>0x200000</Value></ValueMapItem><ValueMapItem><Key/><Description/><Enabled>-1</Enabled><Value>0x400000</Value></ValueMapItem><ValueMapItem><Key/><Description/><Enabled>-1</Enabled><Value>0x800000</Value></ValueMapItem><ValueMapItem><Key/><Description/><Enabled>-1</Enabled><Value>0x1000000</Value></ValueMapItem><ValueMapItem><Key/><Description/><Enabled>-1</Enabled><Value>0x2000000</Value></ValueMapItem><ValueMapItem><Key/><Description/><Enabled>-1</Enabled><Value>0x4000000</Value></ValueMapItem><ValueMapItem><Key/><Description/><Enabled>-1</Enabled><Value>0x8000000</Value></ValueMapItem><ValueMapItem><Key/><Description/><Enabled>-1</Enabled><Value>0x10000000</Value></ValueMapItem><ValueMapItem><Key/><Description/><Enabled>-1</Enabled><Value>0x20000000</Value></ValueMapItem><ValueMapItem><Key/><Description/><Enabled>-1</Enabled><Value>0x40000000</Value></ValueMapItem><ValueMapItem><Key/><Description/><Enabled>-1</Enabled><Value>0x80000000</Value></ValueMapItem><ValueMapItem><Key/><Description/><Enabled>-1</Enabled><Value>0x100000000</Value></ValueMapItem><ValueMapItem><Key/><Description/><Enabled>-1</Enabled><Value>0x200000000</Value></ValueMapItem><ValueMapItem><Key/><Description/><Enabled>-1</Enabled><Value>0x400000000</Value></ValueMapItem><ValueMapItem><Key/><Description/><Enabled>-1</Enabled><Value>0x800000000</Value></ValueMapItem><ValueMapItem><Key/><Description/><Enabled>-1</Enabled><Value>0x1000000000</Value></ValueMapItem><ValueMapItem><Key/><Description/><Enabled>-1</Enabled><Value>0x2000000000</Value></ValueMapItem><ValueMapItem><Key/><Description/><Enabled>-1</Enabled><Value>0x4000000000</Value></ValueMapItem><ValueMapItem><Key/><Description/><Enabled>-1</Enabled><Value>0x8000000000</Value></ValueMapItem><ValueMapItem><Key/><Description/><Enabled>-1</Enabled><Value>0x10000000000</Value></ValueMapItem><ValueMapItem><Key/><Description/><Enabled>-1</Enabled><Value>0x20000000000</Value></ValueMapItem><ValueMapItem><Key/><Description/><Enabled>-1</Enabled><Value>0x40000000000</Value></ValueMapItem><ValueMapItem><Key/><Description/><Enabled>-1</Enabled><Value>0x80000000000</Value></ValueMapItem><ValueMapItem><Key/><Description/><Enabled>-1</Enabled><Value>0x100000000000</Value></ValueMapItem><ValueMapItem><Key/><Description/><Enabled>-1</Enabled><Value>0x200000000000</Value></ValueMapItem><ValueMapItem><Key/><Description/><Enabled>-1</Enabled><Value>0x400000000000</Value></ValueMapItem><ValueMapItem><Key/><Description/><Enabled>-1</Enabled><Value>0x800000000000</Value></ValueMapItem><ValueMapItem><Key/><Description/><Enabled>-1</Enabled><Value>0x1000000000000</Value></ValueMapItem><ValueMapItem><Key/><Description/><Enabled>-1</Enabled><Value>0x2000000000000</Value></ValueMapItem><ValueMapItem><Key/><Description/><Enabled>-1</Enabled><Value>0x4000000000000</Value></ValueMapItem><ValueMapItem><Key/><Description/><Enabled>-1</Enabled><Value>0x8000000000000</Value></ValueMapItem><ValueMapItem><Key/><Description/><Enabled>-1</Enabled><Value>0x10000000000000</Value></ValueMapItem><ValueMapItem><Key/><Description/><Enabled>-1</Enabled><Value>0x20000000000000</Value></ValueMapItem><ValueMapItem><Key/><Description/><Enabled>-1</Enabled><Value>0x40000000000000</Value></ValueMapItem><ValueMapItem><Key/><Description/><Enabled>-1</Enabled><Value>0x80000000000000</Value></ValueMapItem><ValueMapItem><Key/><Description/><Enabled>-1</Enabled><Value>0x100000000000000</Value></ValueMapItem><ValueMapItem><Key/><Description/><Enabled>-1</Enabled><Value>0x200000000000000</Value></ValueMapItem><ValueMapItem><Key/><Description/><Enabled>-1</Enabled><Value>0x400000000000000</Value></ValueMapItem><ValueMapItem><Key/><Description/><Enabled>-1</Enabled><Value>0x800000000000000</Value></ValueMapItem><ValueMapItem><Key/><Description/><Enabled>-1</Enabled><Value>0x1000000000000000</Value></ValueMapItem><ValueMapItem><Key/><Description/><Enabled>-1</Enabled><Value>0x2000000000000000</Value></ValueMapItem><ValueMapItem><Key/><Description/><Enabled>-1</Enabled><Value>0x4000000000000000</Value></ValueMapItem><ValueMapItem><Key/><Description/><Enabled>-1</Enabled><Value>0x8000000000000000</Value></ValueMapItem></KeywordsAny><KeywordsAll><Description>Events with all of these keywords are enabled</Description><ValueMapType>2</ValueMapType><Value>0x0</Value></KeywordsAll><Properties><Description>These additional data fields will be collected with each event</Description><ValueMapType>2</ValueMapType><Value>64</Value><ValueMapItem><Key/><Description/><Enabled>-1</Enabled><Value>64</Value></ValueMapItem></Properties><Guid>{27B7A543-7280-5C2A-B053-F2F798E2CBB7}</Guid></TraceDataProvider><TraceDataProvider><DisplayName>{E39B723C-590C-4090-ABB0-11E3E6616346}</DisplayName><FilterEnabled>0</FilterEnabled><FilterType>0</FilterType><Level><Description>Events up to this level are enabled</Description><ValueMapType>1</ValueMapType><Value>255</Value><ValueMapItem><Key/><Description/><Enabled>-1</Enabled><Value>255</Value></ValueMapItem></Level><KeywordsAny><Description>Events with any of these keywords are enabled</Description><ValueMapType>2</ValueMapType><Value>0xffffffffffffffff</Value><ValueMapItem><Key/><Description/><Enabled>-1</Enabled><Value>0x1</Value></ValueMapItem><ValueMapItem><Key/><Description/><Enabled>-1</Enabled><Value>0x2</Value></ValueMapItem><ValueMapItem><Key/><Description/><Enabled>-1</Enabled><Value>0x4</Value></ValueMapItem><ValueMapItem><Key/><Description/><Enabled>-1</Enabled><Value>0x8</Value></ValueMapItem><ValueMapItem><Key/><Description/><Enabled>-1</Enabled><Value>0x10</Value></ValueMapItem><ValueMapItem><Key/><Description/><Enabled>-1</Enabled><Value>0x20</Value></ValueMapItem><ValueMapItem><Key/><Description/><Enabled>-1</Enabled><Value>0x40</Value></ValueMapItem><ValueMapItem><Key/><Description/><Enabled>-1</Enabled><Value>0x80</Value></ValueMapItem><ValueMapItem><Key/><Description/><Enabled>-1</Enabled><Value>0x100</Value></ValueMapItem><ValueMapItem><Key/><Description/><Enabled>-1</Enabled><Value>0x200</Value></ValueMapItem><ValueMapItem><Key/><Description/><Enabled>-1</Enabled><Value>0x400</Value></ValueMapItem><ValueMapItem><Key/><Description/><Enabled>-1</Enabled><Value>0x800</Value></ValueMapItem><ValueMapItem><Key/><Description/><Enabled>-1</Enabled><Value>0x1000</Value></ValueMapItem><ValueMapItem><Key/><Description/><Enabled>-1</Enabled><Value>0x2000</Value></ValueMapItem><ValueMapItem><Key/><Description/><Enabled>-1</Enabled><Value>0x4000</Value></ValueMapItem><ValueMapItem><Key/><Description/><Enabled>-1</Enabled><Value>0x8000</Value></ValueMapItem><ValueMapItem><Key/><Description/><Enabled>-1</Enabled><Value>0x10000</Value></ValueMapItem><ValueMapItem><Key/><Description/><Enabled>-1</Enabled><Value>0x20000</Value></ValueMapItem><ValueMapItem><Key/><Description/><Enabled>-1</Enabled><Value>0x40000</Value></ValueMapItem><ValueMapItem><Key/><Description/><Enabled>-1</Enabled><Value>0x80000</Value></ValueMapItem><ValueMapItem><Key/><Description/><Enabled>-1</Enabled><Value>0x100000</Value></ValueMapItem><ValueMapItem><Key/><Description/><Enabled>-1</Enabled><Value>0x200000</Value></ValueMapItem><ValueMapItem><Key/><Description/><Enabled>-1</Enabled><Value>0x400000</Value></ValueMapItem><ValueMapItem><Key/><Description/><Enabled>-1</Enabled><Value>0x800000</Value></ValueMapItem><ValueMapItem><Key/><Description/><Enabled>-1</Enabled><Value>0x1000000</Value></ValueMapItem><ValueMapItem><Key/><Description/><Enabled>-1</Enabled><Value>0x2000000</Value></ValueMapItem><ValueMapItem><Key/><Description/><Enabled>-1</Enabled><Value>0x4000000</Value></ValueMapItem><ValueMapItem><Key/><Description/><Enabled>-1</Enabled><Value>0x8000000</Value></ValueMapItem><ValueMapItem><Key/><Description/><Enabled>-1</Enabled><Value>0x10000000</Value></ValueMapItem><ValueMapItem><Key/><Description/><Enabled>-1</Enabled><Value>0x20000000</Value></ValueMapItem><ValueMapItem><Key/><Description/><Enabled>-1</Enabled><Value>0x40000000</Value></ValueMapItem><ValueMapItem><Key/><Description/><Enabled>-1</Enabled><Value>0x80000000</Value></ValueMapItem><ValueMapItem><Key/><Description/><Enabled>-1</Enabled><Value>0x100000000</Value></ValueMapItem><ValueMapItem><Key/><Description/><Enabled>-1</Enabled><Value>0x200000000</Value></ValueMapItem><ValueMapItem><Key/><Description/><Enabled>-1</Enabled><Value>0x400000000</Value></ValueMapItem><ValueMapItem><Key/><Description/><Enabled>-1</Enabled><Value>0x800000000</Value></ValueMapItem><ValueMapItem><Key/><Description/><Enabled>-1</Enabled><Value>0x1000000000</Value></ValueMapItem><ValueMapItem><Key/><Description/><Enabled>-1</Enabled><Value>0x2000000000</Value></ValueMapItem><ValueMapItem><Key/><Description/><Enabled>-1</Enabled><Value>0x4000000000</Value></ValueMapItem><ValueMapItem><Key/><Description/><Enabled>-1</Enabled><Value>0x8000000000</Value></ValueMapItem><ValueMapItem><Key/><Description/><Enabled>-1</Enabled><Value>0x10000000000</Value></ValueMapItem><ValueMapItem><Key/><Description/><Enabled>-1</Enabled><Value>0x20000000000</Value></ValueMapItem><ValueMapItem><Key/><Description/><Enabled>-1</Enabled><Value>0x40000000000</Value></ValueMapItem><ValueMapItem><Key/><Description/><Enabled>-1</Enabled><Value>0x80000000000</Value></ValueMapItem><ValueMapItem><Key/><Description/><Enabled>-1</Enabled><Value>0x100000000000</Value></ValueMapItem><ValueMapItem><Key/><Description/><Enabled>-1</Enabled><Value>0x200000000000</Value></ValueMapItem><ValueMapItem><Key/><Description/><Enabled>-1</Enabled><Value>0x400000000000</Value></ValueMapItem><ValueMapItem><Key/><Description/><Enabled>-1</Enabled><Value>0x800000000000</Value></ValueMapItem><ValueMapItem><Key/><Description/><Enabled>-1</Enabled><Value>0x1000000000000</Value></ValueMapItem><ValueMapItem><Key/><Description/><Enabled>-1</Enabled><Value>0x2000000000000</Value></ValueMapItem><ValueMapItem><Key/><Description/><Enabled>-1</Enabled><Value>0x4000000000000</Value></ValueMapItem><ValueMapItem><Key/><Description/><Enabled>-1</Enabled><Value>0x8000000000000</Value></ValueMapItem><ValueMapItem><Key/><Description/><Enabled>-1</Enabled><Value>0x10000000000000</Value></ValueMapItem><ValueMapItem><Key/><Description/><Enabled>-1</Enabled><Value>0x20000000000000</Value></ValueMapItem><ValueMapItem><Key/><Description/><Enabled>-1</Enabled><Value>0x40000000000000</Value></ValueMapItem><ValueMapItem><Key/><Description/><Enabled>-1</Enabled><Value>0x80000000000000</Value></ValueMapItem><ValueMapItem><Key/><Description/><Enabled>-1</Enabled><Value>0x100000000000000</Value></ValueMapItem><ValueMapItem><Key/><Description/><Enabled>-1</Enabled><Value>0x200000000000000</Value></ValueMapItem><ValueMapItem><Key/><Description/><Enabled>-1</Enabled><Value>0x400000000000000</Value></ValueMapItem><ValueMapItem><Key/><Description/><Enabled>-1</Enabled><Value>0x800000000000000</Value></ValueMapItem><ValueMapItem><Key/><Description/><Enabled>-1</Enabled><Value>0x1000000000000000</Value></ValueMapItem><ValueMapItem><Key/><Description/><Enabled>-1</Enabled><Value>0x2000000000000000</Value></ValueMapItem><ValueMapItem><Key/><Description/><Enabled>-1</Enabled><Value>0x4000000000000000</Value></ValueMapItem><ValueMapItem><Key/><Description/><Enabled>-1</Enabled><Value>0x8000000000000000</Value></ValueMapItem></KeywordsAny><KeywordsAll><Description>Events with all of these keywords are enabled</Description><ValueMapType>2</ValueMapType><Value>0x0</Value></KeywordsAll><Properties><Description>These additional data fields will be collected with each event</Description><ValueMapType>2</ValueMapType><Value>64</Value><ValueMapItem><Key/><Description/><Enabled>-1</Enabled><Value>64</Value></ValueMapItem></Properties><Guid>{E39B723C-590C-4090-ABB0-11E3E6616346}</Guid></TraceDataProvider></TraceDataCollector>
</DataCollectorSet>
