﻿<?xml version="1.0" encoding="utf-8"?>
<ServiceManifest Name="VotingDataPkg" Version="1.0.0" xmlns="http://schemas.microsoft.com/2011/01/fabric" xmlns:xsd="http://www.w3.org/2001/XMLSchema" xmlns:xsi="http://www.w3.org/2001/XMLSchema-instance" ManifestId="efd19b4d-8966-48b7-b1ba-a8db6bdeeb4f">
  <ServiceTypes>
    <!-- This is the name of your ServiceType. 
         This name must match the string used in RegisterServiceType call in Program.cs. -->
    <StatefulServiceType ServiceTypeName="VotingDataType" HasPersistedState="true" />
  </ServiceTypes>
  <!-- Code package is your service executable. -->
  <CodePackage Name="Code" Version="1.0.0">
    <EntryPoint>
      <ExeHost>
        <Program>VotingData.exe</Program>
        <WorkingFolder>CodePackage</WorkingFolder>
      </ExeHost>
    </EntryPoint>
  </CodePackage>
  <!-- Config package is the contents of the Config directoy under PackageRoot that contains an 
       independently-updateable and versioned set of custom configuration settings for your service. -->
  <ConfigPackage Name="Config" Version="1.0.0" />
</ServiceManifest>