<DataCollectorSet>
  <Status>1</Status>
  <Duration>0</Duration>
  <Description />
  <DescriptionUnresolved />
  <DisplayName />
  <DisplayNameUnresolved />
  <SchedulesEnabled>-1</SchedulesEnabled>
  <LatestOutputLocation>
  </LatestOutputLocation>
  <Name>httptrace</Name>
  <OutputLocation>
  </OutputLocation>
  <RootPath>C:\windows\TEMP</RootPath>
  <Segment>0</Segment>
  <SegmentMaxDuration>0</SegmentMaxDuration>
  <SegmentMaxSize>500</SegmentMaxSize>
  <SerialNumber>1</SerialNumber>
  <Server />
  <Subdirectory />
  <SubdirectoryFormat>0</SubdirectoryFormat>
  <SubdirectoryFormatPattern />
  <Task />
  <TaskArguments />
  <TaskUserTextArguments />
  <UserAccount />
  <Security>O:BAG:BAD:(A;;0x1800;;;WD)(A;;0x120fff;;;SY)(A;;0x120fff;;;LS)(A;;0x120fff;;;NS)(A;;0x120fff;;;BA)(A;;0xee5;;;LU)(A;;LC;;;MU)(A;;0x1800;;;AC)</Security>
  <TraceDataCollector>
    <DataCollectorType>1</DataCollectorType>
    <Name>httptrace</Name>
    <FileName>
    </FileName>
    <FileNameFormat>0</FileNameFormat>
    <FileNameFormatPattern />
    <LogAppend>0</LogAppend>
    <LogCircular>-1</LogCircular>
    <LogOverwrite>0</LogOverwrite>
    <LatestOutputLocation>
    </LatestOutputLocation>
    <Guid>{307D5C47-0206-4B3A-8B62-241F42703C5E}</Guid>
    <BufferSize>20</BufferSize>
    <BuffersLost>0</BuffersLost>
    <BuffersWritten>1</BuffersWritten>
    <ClockType>1</ClockType>
    <EventsLost>0</EventsLost>
    <ExtendedModes>4194304</ExtendedModes>
    <FlushTimer>0</FlushTimer>
    <FreeBuffers>16</FreeBuffers>
    <MaximumBuffers>80</MaximumBuffers>
    <MinimumBuffers>40</MinimumBuffers>
    <NumberOfBuffers>16</NumberOfBuffers>
    <PreallocateFile>0</PreallocateFile>
    <ProcessMode>0</ProcessMode>
    <RealTimeBuffersLost>0</RealTimeBuffersLost>
    <SessionName>httptrace</SessionName>
    <SessionThreadId>8048</SessionThreadId>
    <StreamMode>1</StreamMode>
    <TraceDataProvider>
      <DisplayName>{F5344219-87A4-4399-B14A-E59CD118ABB8}</DisplayName>
      <FilterEnabled>0</FilterEnabled>
      <FilterType>0</FilterType>
      <Level>
        <Description>Events up to this level are enabled</Description>
        <ValueMapType>1</ValueMapType>
        <Value>255</Value>
        <ValueMapItem>
          <Key />
          <Description />
          <Enabled>-1</Enabled>
          <Value>255</Value>
        </ValueMapItem>
      </Level>
      <KeywordsAny>
        <Description>Events with any of these keywords are enabled</Description>
        <ValueMapType>2</ValueMapType>
        <Value>0xffffffffffffffff</Value>
        <ValueMapItem>
          <Key />
          <Description />
          <Enabled>-1</Enabled>
          <Value>0x1</Value>
        </ValueMapItem>
        <ValueMapItem>
          <Key />
          <Description />
          <Enabled>-1</Enabled>
          <Value>0x2</Value>
        </ValueMapItem>
        <ValueMapItem>
          <Key />
          <Description />
          <Enabled>-1</Enabled>
          <Value>0x4</Value>
        </ValueMapItem>
        <ValueMapItem>
          <Key />
          <Description />
          <Enabled>-1</Enabled>
          <Value>0x8</Value>
        </ValueMapItem>
        <ValueMapItem>
          <Key />
          <Description />
          <Enabled>-1</Enabled>
          <Value>0x10</Value>
        </ValueMapItem>
        <ValueMapItem>
          <Key />
          <Description />
          <Enabled>-1</Enabled>
          <Value>0x20</Value>
        </ValueMapItem>
        <ValueMapItem>
          <Key />
          <Description />
          <Enabled>-1</Enabled>
          <Value>0x40</Value>
        </ValueMapItem>
        <ValueMapItem>
          <Key />
          <Description />
          <Enabled>-1</Enabled>
          <Value>0x80</Value>
        </ValueMapItem>
        <ValueMapItem>
          <Key />
          <Description />
          <Enabled>-1</Enabled>
          <Value>0x100</Value>
        </ValueMapItem>
        <ValueMapItem>
          <Key />
          <Description />
          <Enabled>-1</Enabled>
          <Value>0x200</Value>
        </ValueMapItem>
        <ValueMapItem>
          <Key />
          <Description />
          <Enabled>-1</Enabled>
          <Value>0x400</Value>
        </ValueMapItem>
        <ValueMapItem>
          <Key />
          <Description />
          <Enabled>-1</Enabled>
          <Value>0x800</Value>
        </ValueMapItem>
        <ValueMapItem>
          <Key />
          <Description />
          <Enabled>-1</Enabled>
          <Value>0x1000</Value>
        </ValueMapItem>
        <ValueMapItem>
          <Key />
          <Description />
          <Enabled>-1</Enabled>
          <Value>0x2000</Value>
        </ValueMapItem>
        <ValueMapItem>
          <Key />
          <Description />
          <Enabled>-1</Enabled>
          <Value>0x4000</Value>
        </ValueMapItem>
        <ValueMapItem>
          <Key />
          <Description />
          <Enabled>-1</Enabled>
          <Value>0x8000</Value>
        </ValueMapItem>
        <ValueMapItem>
          <Key />
          <Description />
          <Enabled>-1</Enabled>
          <Value>0x10000</Value>
        </ValueMapItem>
        <ValueMapItem>
          <Key />
          <Description />
          <Enabled>-1</Enabled>
          <Value>0x20000</Value>
        </ValueMapItem>
        <ValueMapItem>
          <Key />
          <Description />
          <Enabled>-1</Enabled>
          <Value>0x40000</Value>
        </ValueMapItem>
        <ValueMapItem>
          <Key />
          <Description />
          <Enabled>-1</Enabled>
          <Value>0x80000</Value>
        </ValueMapItem>
        <ValueMapItem>
          <Key />
          <Description />
          <Enabled>-1</Enabled>
          <Value>0x100000</Value>
        </ValueMapItem>
        <ValueMapItem>
          <Key />
          <Description />
          <Enabled>-1</Enabled>
          <Value>0x200000</Value>
        </ValueMapItem>
        <ValueMapItem>
          <Key />
          <Description />
          <Enabled>-1</Enabled>
          <Value>0x400000</Value>
        </ValueMapItem>
        <ValueMapItem>
          <Key />
          <Description />
          <Enabled>-1</Enabled>
          <Value>0x800000</Value>
        </ValueMapItem>
        <ValueMapItem>
          <Key />
          <Description />
          <Enabled>-1</Enabled>
          <Value>0x1000000</Value>
        </ValueMapItem>
        <ValueMapItem>
          <Key />
          <Description />
          <Enabled>-1</Enabled>
          <Value>0x2000000</Value>
        </ValueMapItem>
        <ValueMapItem>
          <Key />
          <Description />
          <Enabled>-1</Enabled>
          <Value>0x4000000</Value>
        </ValueMapItem>
        <ValueMapItem>
          <Key />
          <Description />
          <Enabled>-1</Enabled>
          <Value>0x8000000</Value>
        </ValueMapItem>
        <ValueMapItem>
          <Key />
          <Description />
          <Enabled>-1</Enabled>
          <Value>0x10000000</Value>
        </ValueMapItem>
        <ValueMapItem>
          <Key />
          <Description />
          <Enabled>-1</Enabled>
          <Value>0x20000000</Value>
        </ValueMapItem>
        <ValueMapItem>
          <Key />
          <Description />
          <Enabled>-1</Enabled>
          <Value>0x40000000</Value>
        </ValueMapItem>
        <ValueMapItem>
          <Key />
          <Description />
          <Enabled>-1</Enabled>
          <Value>0x80000000</Value>
        </ValueMapItem>
        <ValueMapItem>
          <Key />
          <Description />
          <Enabled>-1</Enabled>
          <Value>0x100000000</Value>
        </ValueMapItem>
        <ValueMapItem>
          <Key />
          <Description />
          <Enabled>-1</Enabled>
          <Value>0x200000000</Value>
        </ValueMapItem>
        <ValueMapItem>
          <Key />
          <Description />
          <Enabled>-1</Enabled>
          <Value>0x400000000</Value>
        </ValueMapItem>
        <ValueMapItem>
          <Key />
          <Description />
          <Enabled>-1</Enabled>
          <Value>0x800000000</Value>
        </ValueMapItem>
        <ValueMapItem>
          <Key />
          <Description />
          <Enabled>-1</Enabled>
          <Value>0x1000000000</Value>
        </ValueMapItem>
        <ValueMapItem>
          <Key />
          <Description />
          <Enabled>-1</Enabled>
          <Value>0x2000000000</Value>
        </ValueMapItem>
        <ValueMapItem>
          <Key />
          <Description />
          <Enabled>-1</Enabled>
          <Value>0x4000000000</Value>
        </ValueMapItem>
        <ValueMapItem>
          <Key />
          <Description />
          <Enabled>-1</Enabled>
          <Value>0x8000000000</Value>
        </ValueMapItem>
        <ValueMapItem>
          <Key />
          <Description />
          <Enabled>-1</Enabled>
          <Value>0x10000000000</Value>
        </ValueMapItem>
        <ValueMapItem>
          <Key />
          <Description />
          <Enabled>-1</Enabled>
          <Value>0x20000000000</Value>
        </ValueMapItem>
        <ValueMapItem>
          <Key />
          <Description />
          <Enabled>-1</Enabled>
          <Value>0x40000000000</Value>
        </ValueMapItem>
        <ValueMapItem>
          <Key />
          <Description />
          <Enabled>-1</Enabled>
          <Value>0x80000000000</Value>
        </ValueMapItem>
        <ValueMapItem>
          <Key />
          <Description />
          <Enabled>-1</Enabled>
          <Value>0x100000000000</Value>
        </ValueMapItem>
        <ValueMapItem>
          <Key />
          <Description />
          <Enabled>-1</Enabled>
          <Value>0x200000000000</Value>
        </ValueMapItem>
        <ValueMapItem>
          <Key />
          <Description />
          <Enabled>-1</Enabled>
          <Value>0x400000000000</Value>
        </ValueMapItem>
        <ValueMapItem>
          <Key />
          <Description />
          <Enabled>-1</Enabled>
          <Value>0x800000000000</Value>
        </ValueMapItem>
        <ValueMapItem>
          <Key />
          <Description />
          <Enabled>-1</Enabled>
          <Value>0x1000000000000</Value>
        </ValueMapItem>
        <ValueMapItem>
          <Key />
          <Description />
          <Enabled>-1</Enabled>
          <Value>0x2000000000000</Value>
        </ValueMapItem>
        <ValueMapItem>
          <Key />
          <Description />
          <Enabled>-1</Enabled>
          <Value>0x4000000000000</Value>
        </ValueMapItem>
        <ValueMapItem>
          <Key />
          <Description />
          <Enabled>-1</Enabled>
          <Value>0x8000000000000</Value>
        </ValueMapItem>
        <ValueMapItem>
          <Key />
          <Description />
          <Enabled>-1</Enabled>
          <Value>0x10000000000000</Value>
        </ValueMapItem>
        <ValueMapItem>
          <Key />
          <Description />
          <Enabled>-1</Enabled>
          <Value>0x20000000000000</Value>
        </ValueMapItem>
        <ValueMapItem>
          <Key />
          <Description />
          <Enabled>-1</Enabled>
          <Value>0x40000000000000</Value>
        </ValueMapItem>
        <ValueMapItem>
          <Key />
          <Description />
          <Enabled>-1</Enabled>
          <Value>0x80000000000000</Value>
        </ValueMapItem>
        <ValueMapItem>
          <Key />
          <Description />
          <Enabled>-1</Enabled>
          <Value>0x100000000000000</Value>
        </ValueMapItem>
        <ValueMapItem>
          <Key />
          <Description />
          <Enabled>-1</Enabled>
          <Value>0x200000000000000</Value>
        </ValueMapItem>
        <ValueMapItem>
          <Key />
          <Description />
          <Enabled>-1</Enabled>
          <Value>0x400000000000000</Value>
        </ValueMapItem>
        <ValueMapItem>
          <Key />
          <Description />
          <Enabled>-1</Enabled>
          <Value>0x800000000000000</Value>
        </ValueMapItem>
        <ValueMapItem>
          <Key />
          <Description />
          <Enabled>-1</Enabled>
          <Value>0x1000000000000000</Value>
        </ValueMapItem>
        <ValueMapItem>
          <Key />
          <Description />
          <Enabled>-1</Enabled>
          <Value>0x2000000000000000</Value>
        </ValueMapItem>
        <ValueMapItem>
          <Key />
          <Description />
          <Enabled>-1</Enabled>
          <Value>0x4000000000000000</Value>
        </ValueMapItem>
        <ValueMapItem>
          <Key />
          <Description />
          <Enabled>-1</Enabled>
          <Value>0x8000000000000000</Value>
        </ValueMapItem>
      </KeywordsAny>
      <KeywordsAll>
        <Description>Events with all of these keywords are enabled</Description>
        <ValueMapType>2</ValueMapType>
        <Value>0x0</Value>
      </KeywordsAll>
      <Properties>
        <Description>These additional data fields will be collected with each event</Description>
        <ValueMapType>2</ValueMapType>
        <Value>64</Value>
        <ValueMapItem>
          <Key />
          <Description />
          <Enabled>-1</Enabled>
          <Value>64</Value>
        </ValueMapItem>
      </Properties>
      <Guid>{F5344219-87A4-4399-B14A-E59CD118ABB8}</Guid>
    </TraceDataProvider>
    <TraceDataProvider>
      <DisplayName>{C42A2738-2333-40A5-A32F-6ACC36449DCC}</DisplayName>
      <FilterEnabled>0</FilterEnabled>
      <FilterType>0</FilterType>
      <Level>
        <Description>Events up to this level are enabled</Description>
        <ValueMapType>1</ValueMapType>
        <Value>255</Value>
        <ValueMapItem>
          <Key />
          <Description />
          <Enabled>-1</Enabled>
          <Value>255</Value>
        </ValueMapItem>
      </Level>
      <KeywordsAny>
        <Description>Events with any of these keywords are enabled</Description>
        <ValueMapType>2</ValueMapType>
        <Value>0xffffffffffffffff</Value>
        <ValueMapItem>
          <Key />
          <Description />
          <Enabled>-1</Enabled>
          <Value>0x1</Value>
        </ValueMapItem>
        <ValueMapItem>
          <Key />
          <Description />
          <Enabled>-1</Enabled>
          <Value>0x2</Value>
        </ValueMapItem>
        <ValueMapItem>
          <Key />
          <Description />
          <Enabled>-1</Enabled>
          <Value>0x4</Value>
        </ValueMapItem>
        <ValueMapItem>
          <Key />
          <Description />
          <Enabled>-1</Enabled>
          <Value>0x8</Value>
        </ValueMapItem>
        <ValueMapItem>
          <Key />
          <Description />
          <Enabled>-1</Enabled>
          <Value>0x10</Value>
        </ValueMapItem>
        <ValueMapItem>
          <Key />
          <Description />
          <Enabled>-1</Enabled>
          <Value>0x20</Value>
        </ValueMapItem>
        <ValueMapItem>
          <Key />
          <Description />
          <Enabled>-1</Enabled>
          <Value>0x40</Value>
        </ValueMapItem>
        <ValueMapItem>
          <Key />
          <Description />
          <Enabled>-1</Enabled>
          <Value>0x80</Value>
        </ValueMapItem>
        <ValueMapItem>
          <Key />
          <Description />
          <Enabled>-1</Enabled>
          <Value>0x100</Value>
        </ValueMapItem>
        <ValueMapItem>
          <Key />
          <Description />
          <Enabled>-1</Enabled>
          <Value>0x200</Value>
        </ValueMapItem>
        <ValueMapItem>
          <Key />
          <Description />
          <Enabled>-1</Enabled>
          <Value>0x400</Value>
        </ValueMapItem>
        <ValueMapItem>
          <Key />
          <Description />
          <Enabled>-1</Enabled>
          <Value>0x800</Value>
        </ValueMapItem>
        <ValueMapItem>
          <Key />
          <Description />
          <Enabled>-1</Enabled>
          <Value>0x1000</Value>
        </ValueMapItem>
        <ValueMapItem>
          <Key />
          <Description />
          <Enabled>-1</Enabled>
          <Value>0x2000</Value>
        </ValueMapItem>
        <ValueMapItem>
          <Key />
          <Description />
          <Enabled>-1</Enabled>
          <Value>0x4000</Value>
        </ValueMapItem>
        <ValueMapItem>
          <Key />
          <Description />
          <Enabled>-1</Enabled>
          <Value>0x8000</Value>
        </ValueMapItem>
        <ValueMapItem>
          <Key />
          <Description />
          <Enabled>-1</Enabled>
          <Value>0x10000</Value>
        </ValueMapItem>
        <ValueMapItem>
          <Key />
          <Description />
          <Enabled>-1</Enabled>
          <Value>0x20000</Value>
        </ValueMapItem>
        <ValueMapItem>
          <Key />
          <Description />
          <Enabled>-1</Enabled>
          <Value>0x40000</Value>
        </ValueMapItem>
        <ValueMapItem>
          <Key />
          <Description />
          <Enabled>-1</Enabled>
          <Value>0x80000</Value>
        </ValueMapItem>
        <ValueMapItem>
          <Key />
          <Description />
          <Enabled>-1</Enabled>
          <Value>0x100000</Value>
        </ValueMapItem>
        <ValueMapItem>
          <Key />
          <Description />
          <Enabled>-1</Enabled>
          <Value>0x200000</Value>
        </ValueMapItem>
        <ValueMapItem>
          <Key />
          <Description />
          <Enabled>-1</Enabled>
          <Value>0x400000</Value>
        </ValueMapItem>
        <ValueMapItem>
          <Key />
          <Description />
          <Enabled>-1</Enabled>
          <Value>0x800000</Value>
        </ValueMapItem>
        <ValueMapItem>
          <Key />
          <Description />
          <Enabled>-1</Enabled>
          <Value>0x1000000</Value>
        </ValueMapItem>
        <ValueMapItem>
          <Key />
          <Description />
          <Enabled>-1</Enabled>
          <Value>0x2000000</Value>
        </ValueMapItem>
        <ValueMapItem>
          <Key />
          <Description />
          <Enabled>-1</Enabled>
          <Value>0x4000000</Value>
        </ValueMapItem>
        <ValueMapItem>
          <Key />
          <Description />
          <Enabled>-1</Enabled>
          <Value>0x8000000</Value>
        </ValueMapItem>
        <ValueMapItem>
          <Key />
          <Description />
          <Enabled>-1</Enabled>
          <Value>0x10000000</Value>
        </ValueMapItem>
        <ValueMapItem>
          <Key />
          <Description />
          <Enabled>-1</Enabled>
          <Value>0x20000000</Value>
        </ValueMapItem>
        <ValueMapItem>
          <Key />
          <Description />
          <Enabled>-1</Enabled>
          <Value>0x40000000</Value>
        </ValueMapItem>
        <ValueMapItem>
          <Key />
          <Description />
          <Enabled>-1</Enabled>
          <Value>0x80000000</Value>
        </ValueMapItem>
        <ValueMapItem>
          <Key />
          <Description />
          <Enabled>-1</Enabled>
          <Value>0x100000000</Value>
        </ValueMapItem>
        <ValueMapItem>
          <Key />
          <Description />
          <Enabled>-1</Enabled>
          <Value>0x200000000</Value>
        </ValueMapItem>
        <ValueMapItem>
          <Key />
          <Description />
          <Enabled>-1</Enabled>
          <Value>0x400000000</Value>
        </ValueMapItem>
        <ValueMapItem>
          <Key />
          <Description />
          <Enabled>-1</Enabled>
          <Value>0x800000000</Value>
        </ValueMapItem>
        <ValueMapItem>
          <Key />
          <Description />
          <Enabled>-1</Enabled>
          <Value>0x1000000000</Value>
        </ValueMapItem>
        <ValueMapItem>
          <Key />
          <Description />
          <Enabled>-1</Enabled>
          <Value>0x2000000000</Value>
        </ValueMapItem>
        <ValueMapItem>
          <Key />
          <Description />
          <Enabled>-1</Enabled>
          <Value>0x4000000000</Value>
        </ValueMapItem>
        <ValueMapItem>
          <Key />
          <Description />
          <Enabled>-1</Enabled>
          <Value>0x8000000000</Value>
        </ValueMapItem>
        <ValueMapItem>
          <Key />
          <Description />
          <Enabled>-1</Enabled>
          <Value>0x10000000000</Value>
        </ValueMapItem>
        <ValueMapItem>
          <Key />
          <Description />
          <Enabled>-1</Enabled>
          <Value>0x20000000000</Value>
        </ValueMapItem>
        <ValueMapItem>
          <Key />
          <Description />
          <Enabled>-1</Enabled>
          <Value>0x40000000000</Value>
        </ValueMapItem>
        <ValueMapItem>
          <Key />
          <Description />
          <Enabled>-1</Enabled>
          <Value>0x80000000000</Value>
        </ValueMapItem>
        <ValueMapItem>
          <Key />
          <Description />
          <Enabled>-1</Enabled>
          <Value>0x100000000000</Value>
        </ValueMapItem>
        <ValueMapItem>
          <Key />
          <Description />
          <Enabled>-1</Enabled>
          <Value>0x200000000000</Value>
        </ValueMapItem>
        <ValueMapItem>
          <Key />
          <Description />
          <Enabled>-1</Enabled>
          <Value>0x400000000000</Value>
        </ValueMapItem>
        <ValueMapItem>
          <Key />
          <Description />
          <Enabled>-1</Enabled>
          <Value>0x800000000000</Value>
        </ValueMapItem>
        <ValueMapItem>
          <Key />
          <Description />
          <Enabled>-1</Enabled>
          <Value>0x1000000000000</Value>
        </ValueMapItem>
        <ValueMapItem>
          <Key />
          <Description />
          <Enabled>-1</Enabled>
          <Value>0x2000000000000</Value>
        </ValueMapItem>
        <ValueMapItem>
          <Key />
          <Description />
          <Enabled>-1</Enabled>
          <Value>0x4000000000000</Value>
        </ValueMapItem>
        <ValueMapItem>
          <Key />
          <Description />
          <Enabled>-1</Enabled>
          <Value>0x8000000000000</Value>
        </ValueMapItem>
        <ValueMapItem>
          <Key />
          <Description />
          <Enabled>-1</Enabled>
          <Value>0x10000000000000</Value>
        </ValueMapItem>
        <ValueMapItem>
          <Key />
          <Description />
          <Enabled>-1</Enabled>
          <Value>0x20000000000000</Value>
        </ValueMapItem>
        <ValueMapItem>
          <Key />
          <Description />
          <Enabled>-1</Enabled>
          <Value>0x40000000000000</Value>
        </ValueMapItem>
        <ValueMapItem>
          <Key />
          <Description />
          <Enabled>-1</Enabled>
          <Value>0x80000000000000</Value>
        </ValueMapItem>
        <ValueMapItem>
          <Key />
          <Description />
          <Enabled>-1</Enabled>
          <Value>0x100000000000000</Value>
        </ValueMapItem>
        <ValueMapItem>
          <Key />
          <Description />
          <Enabled>-1</Enabled>
          <Value>0x200000000000000</Value>
        </ValueMapItem>
        <ValueMapItem>
          <Key />
          <Description />
          <Enabled>-1</Enabled>
          <Value>0x400000000000000</Value>
        </ValueMapItem>
        <ValueMapItem>
          <Key />
          <Description />
          <Enabled>-1</Enabled>
          <Value>0x800000000000000</Value>
        </ValueMapItem>
        <ValueMapItem>
          <Key />
          <Description />
          <Enabled>-1</Enabled>
          <Value>0x1000000000000000</Value>
        </ValueMapItem>
        <ValueMapItem>
          <Key />
          <Description />
          <Enabled>-1</Enabled>
          <Value>0x2000000000000000</Value>
        </ValueMapItem>
        <ValueMapItem>
          <Key />
          <Description />
          <Enabled>-1</Enabled>
          <Value>0x4000000000000000</Value>
        </ValueMapItem>
        <ValueMapItem>
          <Key />
          <Description />
          <Enabled>-1</Enabled>
          <Value>0x8000000000000000</Value>
        </ValueMapItem>
      </KeywordsAny>
      <KeywordsAll>
        <Description>Events with all of these keywords are enabled</Description>
        <ValueMapType>2</ValueMapType>
        <Value>0x0</Value>
      </KeywordsAll>
      <Properties>
        <Description>These additional data fields will be collected with each event</Description>
        <ValueMapType>2</ValueMapType>
        <Value>64</Value>
        <ValueMapItem>
          <Key />
          <Description />
          <Enabled>-1</Enabled>
          <Value>64</Value>
        </ValueMapItem>
      </Properties>
      <Guid>{C42A2738-2333-40A5-A32F-6ACC36449DCC}</Guid>
    </TraceDataProvider>
    <TraceDataProvider>
      <DisplayName>{7B6BC78C-898B-4170-BBF8-1A469EA43FC5}</DisplayName>
      <FilterEnabled>0</FilterEnabled>
      <FilterType>0</FilterType>
      <Level>
        <Description>Events up to this level are enabled</Description>
        <ValueMapType>1</ValueMapType>
        <Value>255</Value>
        <ValueMapItem>
          <Key />
          <Description />
          <Enabled>-1</Enabled>
          <Value>255</Value>
        </ValueMapItem>
      </Level>
      <KeywordsAny>
        <Description>Events with any of these keywords are enabled</Description>
        <ValueMapType>2</ValueMapType>
        <Value>0xffffffffffffffff</Value>
        <ValueMapItem>
          <Key />
          <Description />
          <Enabled>-1</Enabled>
          <Value>0x1</Value>
        </ValueMapItem>
        <ValueMapItem>
          <Key />
          <Description />
          <Enabled>-1</Enabled>
          <Value>0x2</Value>
        </ValueMapItem>
        <ValueMapItem>
          <Key />
          <Description />
          <Enabled>-1</Enabled>
          <Value>0x4</Value>
        </ValueMapItem>
        <ValueMapItem>
          <Key />
          <Description />
          <Enabled>-1</Enabled>
          <Value>0x8</Value>
        </ValueMapItem>
        <ValueMapItem>
          <Key />
          <Description />
          <Enabled>-1</Enabled>
          <Value>0x10</Value>
        </ValueMapItem>
        <ValueMapItem>
          <Key />
          <Description />
          <Enabled>-1</Enabled>
          <Value>0x20</Value>
        </ValueMapItem>
        <ValueMapItem>
          <Key />
          <Description />
          <Enabled>-1</Enabled>
          <Value>0x40</Value>
        </ValueMapItem>
        <ValueMapItem>
          <Key />
          <Description />
          <Enabled>-1</Enabled>
          <Value>0x80</Value>
        </ValueMapItem>
        <ValueMapItem>
          <Key />
          <Description />
          <Enabled>-1</Enabled>
          <Value>0x100</Value>
        </ValueMapItem>
        <ValueMapItem>
          <Key />
          <Description />
          <Enabled>-1</Enabled>
          <Value>0x200</Value>
        </ValueMapItem>
        <ValueMapItem>
          <Key />
          <Description />
          <Enabled>-1</Enabled>
          <Value>0x400</Value>
        </ValueMapItem>
        <ValueMapItem>
          <Key />
          <Description />
          <Enabled>-1</Enabled>
          <Value>0x800</Value>
        </ValueMapItem>
        <ValueMapItem>
          <Key />
          <Description />
          <Enabled>-1</Enabled>
          <Value>0x1000</Value>
        </ValueMapItem>
        <ValueMapItem>
          <Key />
          <Description />
          <Enabled>-1</Enabled>
          <Value>0x2000</Value>
        </ValueMapItem>
        <ValueMapItem>
          <Key />
          <Description />
          <Enabled>-1</Enabled>
          <Value>0x4000</Value>
        </ValueMapItem>
        <ValueMapItem>
          <Key />
          <Description />
          <Enabled>-1</Enabled>
          <Value>0x8000</Value>
        </ValueMapItem>
        <ValueMapItem>
          <Key />
          <Description />
          <Enabled>-1</Enabled>
          <Value>0x10000</Value>
        </ValueMapItem>
        <ValueMapItem>
          <Key />
          <Description />
          <Enabled>-1</Enabled>
          <Value>0x20000</Value>
        </ValueMapItem>
        <ValueMapItem>
          <Key />
          <Description />
          <Enabled>-1</Enabled>
          <Value>0x40000</Value>
        </ValueMapItem>
        <ValueMapItem>
          <Key />
          <Description />
          <Enabled>-1</Enabled>
          <Value>0x80000</Value>
        </ValueMapItem>
        <ValueMapItem>
          <Key />
          <Description />
          <Enabled>-1</Enabled>
          <Value>0x100000</Value>
        </ValueMapItem>
        <ValueMapItem>
          <Key />
          <Description />
          <Enabled>-1</Enabled>
          <Value>0x200000</Value>
        </ValueMapItem>
        <ValueMapItem>
          <Key />
          <Description />
          <Enabled>-1</Enabled>
          <Value>0x400000</Value>
        </ValueMapItem>
        <ValueMapItem>
          <Key />
          <Description />
          <Enabled>-1</Enabled>
          <Value>0x800000</Value>
        </ValueMapItem>
        <ValueMapItem>
          <Key />
          <Description />
          <Enabled>-1</Enabled>
          <Value>0x1000000</Value>
        </ValueMapItem>
        <ValueMapItem>
          <Key />
          <Description />
          <Enabled>-1</Enabled>
          <Value>0x2000000</Value>
        </ValueMapItem>
        <ValueMapItem>
          <Key />
          <Description />
          <Enabled>-1</Enabled>
          <Value>0x4000000</Value>
        </ValueMapItem>
        <ValueMapItem>
          <Key />
          <Description />
          <Enabled>-1</Enabled>
          <Value>0x8000000</Value>
        </ValueMapItem>
        <ValueMapItem>
          <Key />
          <Description />
          <Enabled>-1</Enabled>
          <Value>0x10000000</Value>
        </ValueMapItem>
        <ValueMapItem>
          <Key />
          <Description />
          <Enabled>-1</Enabled>
          <Value>0x20000000</Value>
        </ValueMapItem>
        <ValueMapItem>
          <Key />
          <Description />
          <Enabled>-1</Enabled>
          <Value>0x40000000</Value>
        </ValueMapItem>
        <ValueMapItem>
          <Key />
          <Description />
          <Enabled>-1</Enabled>
          <Value>0x80000000</Value>
        </ValueMapItem>
        <ValueMapItem>
          <Key />
          <Description />
          <Enabled>-1</Enabled>
          <Value>0x100000000</Value>
        </ValueMapItem>
        <ValueMapItem>
          <Key />
          <Description />
          <Enabled>-1</Enabled>
          <Value>0x200000000</Value>
        </ValueMapItem>
        <ValueMapItem>
          <Key />
          <Description />
          <Enabled>-1</Enabled>
          <Value>0x400000000</Value>
        </ValueMapItem>
        <ValueMapItem>
          <Key />
          <Description />
          <Enabled>-1</Enabled>
          <Value>0x800000000</Value>
        </ValueMapItem>
        <ValueMapItem>
          <Key />
          <Description />
          <Enabled>-1</Enabled>
          <Value>0x1000000000</Value>
        </ValueMapItem>
        <ValueMapItem>
          <Key />
          <Description />
          <Enabled>-1</Enabled>
          <Value>0x2000000000</Value>
        </ValueMapItem>
        <ValueMapItem>
          <Key />
          <Description />
          <Enabled>-1</Enabled>
          <Value>0x4000000000</Value>
        </ValueMapItem>
        <ValueMapItem>
          <Key />
          <Description />
          <Enabled>-1</Enabled>
          <Value>0x8000000000</Value>
        </ValueMapItem>
        <ValueMapItem>
          <Key />
          <Description />
          <Enabled>-1</Enabled>
          <Value>0x10000000000</Value>
        </ValueMapItem>
        <ValueMapItem>
          <Key />
          <Description />
          <Enabled>-1</Enabled>
          <Value>0x20000000000</Value>
        </ValueMapItem>
        <ValueMapItem>
          <Key />
          <Description />
          <Enabled>-1</Enabled>
          <Value>0x40000000000</Value>
        </ValueMapItem>
        <ValueMapItem>
          <Key />
          <Description />
          <Enabled>-1</Enabled>
          <Value>0x80000000000</Value>
        </ValueMapItem>
        <ValueMapItem>
          <Key />
          <Description />
          <Enabled>-1</Enabled>
          <Value>0x100000000000</Value>
        </ValueMapItem>
        <ValueMapItem>
          <Key />
          <Description />
          <Enabled>-1</Enabled>
          <Value>0x200000000000</Value>
        </ValueMapItem>
        <ValueMapItem>
          <Key />
          <Description />
          <Enabled>-1</Enabled>
          <Value>0x400000000000</Value>
        </ValueMapItem>
        <ValueMapItem>
          <Key />
          <Description />
          <Enabled>-1</Enabled>
          <Value>0x800000000000</Value>
        </ValueMapItem>
        <ValueMapItem>
          <Key />
          <Description />
          <Enabled>-1</Enabled>
          <Value>0x1000000000000</Value>
        </ValueMapItem>
        <ValueMapItem>
          <Key />
          <Description />
          <Enabled>-1</Enabled>
          <Value>0x2000000000000</Value>
        </ValueMapItem>
        <ValueMapItem>
          <Key />
          <Description />
          <Enabled>-1</Enabled>
          <Value>0x4000000000000</Value>
        </ValueMapItem>
        <ValueMapItem>
          <Key />
          <Description />
          <Enabled>-1</Enabled>
          <Value>0x8000000000000</Value>
        </ValueMapItem>
        <ValueMapItem>
          <Key />
          <Description />
          <Enabled>-1</Enabled>
          <Value>0x10000000000000</Value>
        </ValueMapItem>
        <ValueMapItem>
          <Key />
          <Description />
          <Enabled>-1</Enabled>
          <Value>0x20000000000000</Value>
        </ValueMapItem>
        <ValueMapItem>
          <Key />
          <Description />
          <Enabled>-1</Enabled>
          <Value>0x40000000000000</Value>
        </ValueMapItem>
        <ValueMapItem>
          <Key />
          <Description />
          <Enabled>-1</Enabled>
          <Value>0x80000000000000</Value>
        </ValueMapItem>
        <ValueMapItem>
          <Key />
          <Description />
          <Enabled>-1</Enabled>
          <Value>0x100000000000000</Value>
        </ValueMapItem>
        <ValueMapItem>
          <Key />
          <Description />
          <Enabled>-1</Enabled>
          <Value>0x200000000000000</Value>
        </ValueMapItem>
        <ValueMapItem>
          <Key />
          <Description />
          <Enabled>-1</Enabled>
          <Value>0x400000000000000</Value>
        </ValueMapItem>
        <ValueMapItem>
          <Key />
          <Description />
          <Enabled>-1</Enabled>
          <Value>0x800000000000000</Value>
        </ValueMapItem>
        <ValueMapItem>
          <Key />
          <Description />
          <Enabled>-1</Enabled>
          <Value>0x1000000000000000</Value>
        </ValueMapItem>
        <ValueMapItem>
          <Key />
          <Description />
          <Enabled>-1</Enabled>
          <Value>0x2000000000000000</Value>
        </ValueMapItem>
        <ValueMapItem>
          <Key />
          <Description />
          <Enabled>-1</Enabled>
          <Value>0x4000000000000000</Value>
        </ValueMapItem>
        <ValueMapItem>
          <Key />
          <Description />
          <Enabled>-1</Enabled>
          <Value>0x8000000000000000</Value>
        </ValueMapItem>
      </KeywordsAny>
      <KeywordsAll>
        <Description>Events with all of these keywords are enabled</Description>
        <ValueMapType>2</ValueMapType>
        <Value>0x0</Value>
      </KeywordsAll>
      <Properties>
        <Description>These additional data fields will be collected with each event</Description>
        <ValueMapType>2</ValueMapType>
        <Value>64</Value>
        <ValueMapItem>
          <Key />
          <Description />
          <Enabled>-1</Enabled>
          <Value>64</Value>
        </ValueMapItem>
      </Properties>
      <Guid>{7B6BC78C-898B-4170-BBF8-1A469EA43FC5}</Guid>
    </TraceDataProvider>
    <TraceDataProvider>
      <DisplayName>{DD5EF90A-6398-47A4-AD34-4DCECDEF795F}</DisplayName>
      <FilterEnabled>0</FilterEnabled>
      <FilterType>0</FilterType>
      <Level>
        <Description>Events up to this level are enabled</Description>
        <ValueMapType>1</ValueMapType>
        <Value>255</Value>
        <ValueMapItem>
          <Key />
          <Description />
          <Enabled>-1</Enabled>
          <Value>255</Value>
        </ValueMapItem>
      </Level>
      <KeywordsAny>
        <Description>Events with any of these keywords are enabled</Description>
        <ValueMapType>2</ValueMapType>
        <Value>0xffffffffffffffff</Value>
        <ValueMapItem>
          <Key />
          <Description />
          <Enabled>-1</Enabled>
          <Value>0x1</Value>
        </ValueMapItem>
        <ValueMapItem>
          <Key />
          <Description />
          <Enabled>-1</Enabled>
          <Value>0x2</Value>
        </ValueMapItem>
        <ValueMapItem>
          <Key />
          <Description />
          <Enabled>-1</Enabled>
          <Value>0x4</Value>
        </ValueMapItem>
        <ValueMapItem>
          <Key />
          <Description />
          <Enabled>-1</Enabled>
          <Value>0x8</Value>
        </ValueMapItem>
        <ValueMapItem>
          <Key />
          <Description />
          <Enabled>-1</Enabled>
          <Value>0x10</Value>
        </ValueMapItem>
        <ValueMapItem>
          <Key />
          <Description />
          <Enabled>-1</Enabled>
          <Value>0x20</Value>
        </ValueMapItem>
        <ValueMapItem>
          <Key />
          <Description />
          <Enabled>-1</Enabled>
          <Value>0x40</Value>
        </ValueMapItem>
        <ValueMapItem>
          <Key />
          <Description />
          <Enabled>-1</Enabled>
          <Value>0x80</Value>
        </ValueMapItem>
        <ValueMapItem>
          <Key />
          <Description />
          <Enabled>-1</Enabled>
          <Value>0x100</Value>
        </ValueMapItem>
        <ValueMapItem>
          <Key />
          <Description />
          <Enabled>-1</Enabled>
          <Value>0x200</Value>
        </ValueMapItem>
        <ValueMapItem>
          <Key />
          <Description />
          <Enabled>-1</Enabled>
          <Value>0x400</Value>
        </ValueMapItem>
        <ValueMapItem>
          <Key />
          <Description />
          <Enabled>-1</Enabled>
          <Value>0x800</Value>
        </ValueMapItem>
        <ValueMapItem>
          <Key />
          <Description />
          <Enabled>-1</Enabled>
          <Value>0x1000</Value>
        </ValueMapItem>
        <ValueMapItem>
          <Key />
          <Description />
          <Enabled>-1</Enabled>
          <Value>0x2000</Value>
        </ValueMapItem>
        <ValueMapItem>
          <Key />
          <Description />
          <Enabled>-1</Enabled>
          <Value>0x4000</Value>
        </ValueMapItem>
        <ValueMapItem>
          <Key />
          <Description />
          <Enabled>-1</Enabled>
          <Value>0x8000</Value>
        </ValueMapItem>
        <ValueMapItem>
          <Key />
          <Description />
          <Enabled>-1</Enabled>
          <Value>0x10000</Value>
        </ValueMapItem>
        <ValueMapItem>
          <Key />
          <Description />
          <Enabled>-1</Enabled>
          <Value>0x20000</Value>
        </ValueMapItem>
        <ValueMapItem>
          <Key />
          <Description />
          <Enabled>-1</Enabled>
          <Value>0x40000</Value>
        </ValueMapItem>
        <ValueMapItem>
          <Key />
          <Description />
          <Enabled>-1</Enabled>
          <Value>0x80000</Value>
        </ValueMapItem>
        <ValueMapItem>
          <Key />
          <Description />
          <Enabled>-1</Enabled>
          <Value>0x100000</Value>
        </ValueMapItem>
        <ValueMapItem>
          <Key />
          <Description />
          <Enabled>-1</Enabled>
          <Value>0x200000</Value>
        </ValueMapItem>
        <ValueMapItem>
          <Key />
          <Description />
          <Enabled>-1</Enabled>
          <Value>0x400000</Value>
        </ValueMapItem>
        <ValueMapItem>
          <Key />
          <Description />
          <Enabled>-1</Enabled>
          <Value>0x800000</Value>
        </ValueMapItem>
        <ValueMapItem>
          <Key />
          <Description />
          <Enabled>-1</Enabled>
          <Value>0x1000000</Value>
        </ValueMapItem>
        <ValueMapItem>
          <Key />
          <Description />
          <Enabled>-1</Enabled>
          <Value>0x2000000</Value>
        </ValueMapItem>
        <ValueMapItem>
          <Key />
          <Description />
          <Enabled>-1</Enabled>
          <Value>0x4000000</Value>
        </ValueMapItem>
        <ValueMapItem>
          <Key />
          <Description />
          <Enabled>-1</Enabled>
          <Value>0x8000000</Value>
        </ValueMapItem>
        <ValueMapItem>
          <Key />
          <Description />
          <Enabled>-1</Enabled>
          <Value>0x10000000</Value>
        </ValueMapItem>
        <ValueMapItem>
          <Key />
          <Description />
          <Enabled>-1</Enabled>
          <Value>0x20000000</Value>
        </ValueMapItem>
        <ValueMapItem>
          <Key />
          <Description />
          <Enabled>-1</Enabled>
          <Value>0x40000000</Value>
        </ValueMapItem>
        <ValueMapItem>
          <Key />
          <Description />
          <Enabled>-1</Enabled>
          <Value>0x80000000</Value>
        </ValueMapItem>
        <ValueMapItem>
          <Key />
          <Description />
          <Enabled>-1</Enabled>
          <Value>0x100000000</Value>
        </ValueMapItem>
        <ValueMapItem>
          <Key />
          <Description />
          <Enabled>-1</Enabled>
          <Value>0x200000000</Value>
        </ValueMapItem>
        <ValueMapItem>
          <Key />
          <Description />
          <Enabled>-1</Enabled>
          <Value>0x400000000</Value>
        </ValueMapItem>
        <ValueMapItem>
          <Key />
          <Description />
          <Enabled>-1</Enabled>
          <Value>0x800000000</Value>
        </ValueMapItem>
        <ValueMapItem>
          <Key />
          <Description />
          <Enabled>-1</Enabled>
          <Value>0x1000000000</Value>
        </ValueMapItem>
        <ValueMapItem>
          <Key />
          <Description />
          <Enabled>-1</Enabled>
          <Value>0x2000000000</Value>
        </ValueMapItem>
        <ValueMapItem>
          <Key />
          <Description />
          <Enabled>-1</Enabled>
          <Value>0x4000000000</Value>
        </ValueMapItem>
        <ValueMapItem>
          <Key />
          <Description />
          <Enabled>-1</Enabled>
          <Value>0x8000000000</Value>
        </ValueMapItem>
        <ValueMapItem>
          <Key />
          <Description />
          <Enabled>-1</Enabled>
          <Value>0x10000000000</Value>
        </ValueMapItem>
        <ValueMapItem>
          <Key />
          <Description />
          <Enabled>-1</Enabled>
          <Value>0x20000000000</Value>
        </ValueMapItem>
        <ValueMapItem>
          <Key />
          <Description />
          <Enabled>-1</Enabled>
          <Value>0x40000000000</Value>
        </ValueMapItem>
        <ValueMapItem>
          <Key />
          <Description />
          <Enabled>-1</Enabled>
          <Value>0x80000000000</Value>
        </ValueMapItem>
        <ValueMapItem>
          <Key />
          <Description />
          <Enabled>-1</Enabled>
          <Value>0x100000000000</Value>
        </ValueMapItem>
        <ValueMapItem>
          <Key />
          <Description />
          <Enabled>-1</Enabled>
          <Value>0x200000000000</Value>
        </ValueMapItem>
        <ValueMapItem>
          <Key />
          <Description />
          <Enabled>-1</Enabled>
          <Value>0x400000000000</Value>
        </ValueMapItem>
        <ValueMapItem>
          <Key />
          <Description />
          <Enabled>-1</Enabled>
          <Value>0x800000000000</Value>
        </ValueMapItem>
        <ValueMapItem>
          <Key />
          <Description />
          <Enabled>-1</Enabled>
          <Value>0x1000000000000</Value>
        </ValueMapItem>
        <ValueMapItem>
          <Key />
          <Description />
          <Enabled>-1</Enabled>
          <Value>0x2000000000000</Value>
        </ValueMapItem>
        <ValueMapItem>
          <Key />
          <Description />
          <Enabled>-1</Enabled>
          <Value>0x4000000000000</Value>
        </ValueMapItem>
        <ValueMapItem>
          <Key />
          <Description />
          <Enabled>-1</Enabled>
          <Value>0x8000000000000</Value>
        </ValueMapItem>
        <ValueMapItem>
          <Key />
          <Description />
          <Enabled>-1</Enabled>
          <Value>0x10000000000000</Value>
        </ValueMapItem>
        <ValueMapItem>
          <Key />
          <Description />
          <Enabled>-1</Enabled>
          <Value>0x20000000000000</Value>
        </ValueMapItem>
        <ValueMapItem>
          <Key />
          <Description />
          <Enabled>-1</Enabled>
          <Value>0x40000000000000</Value>
        </ValueMapItem>
        <ValueMapItem>
          <Key />
          <Description />
          <Enabled>-1</Enabled>
          <Value>0x80000000000000</Value>
        </ValueMapItem>
        <ValueMapItem>
          <Key />
          <Description />
          <Enabled>-1</Enabled>
          <Value>0x100000000000000</Value>
        </ValueMapItem>
        <ValueMapItem>
          <Key />
          <Description />
          <Enabled>-1</Enabled>
          <Value>0x200000000000000</Value>
        </ValueMapItem>
        <ValueMapItem>
          <Key />
          <Description />
          <Enabled>-1</Enabled>
          <Value>0x400000000000000</Value>
        </ValueMapItem>
        <ValueMapItem>
          <Key />
          <Description />
          <Enabled>-1</Enabled>
          <Value>0x800000000000000</Value>
        </ValueMapItem>
        <ValueMapItem>
          <Key />
          <Description />
          <Enabled>-1</Enabled>
          <Value>0x1000000000000000</Value>
        </ValueMapItem>
        <ValueMapItem>
          <Key />
          <Description />
          <Enabled>-1</Enabled>
          <Value>0x2000000000000000</Value>
        </ValueMapItem>
        <ValueMapItem>
          <Key />
          <Description />
          <Enabled>-1</Enabled>
          <Value>0x4000000000000000</Value>
        </ValueMapItem>
        <ValueMapItem>
          <Key />
          <Description />
          <Enabled>-1</Enabled>
          <Value>0x8000000000000000</Value>
        </ValueMapItem>
      </KeywordsAny>
      <KeywordsAll>
        <Description>Events with all of these keywords are enabled</Description>
        <ValueMapType>2</ValueMapType>
        <Value>0x0</Value>
      </KeywordsAll>
      <Properties>
        <Description>These additional data fields will be collected with each event</Description>
        <ValueMapType>2</ValueMapType>
        <Value>64</Value>
        <ValueMapItem>
          <Key />
          <Description />
          <Enabled>-1</Enabled>
          <Value>64</Value>
        </ValueMapItem>
      </Properties>
      <Guid>{DD5EF90A-6398-47A4-AD34-4DCECDEF795F}</Guid>
    </TraceDataProvider>
    <TraceDataProvider>
      <DisplayName>{20F61733-57F1-4127-9F48-4AB7A9308AE2}</DisplayName>
      <FilterEnabled>0</FilterEnabled>
      <FilterType>0</FilterType>
      <Level>
        <Description>Events up to this level are enabled</Description>
        <ValueMapType>1</ValueMapType>
        <Value>255</Value>
        <ValueMapItem>
          <Key />
          <Description />
          <Enabled>-1</Enabled>
          <Value>255</Value>
        </ValueMapItem>
      </Level>
      <KeywordsAny>
        <Description>Events with any of these keywords are enabled</Description>
        <ValueMapType>2</ValueMapType>
        <Value>0xffffffffffffffff</Value>
        <ValueMapItem>
          <Key />
          <Description />
          <Enabled>-1</Enabled>
          <Value>0x1</Value>
        </ValueMapItem>
        <ValueMapItem>
          <Key />
          <Description />
          <Enabled>-1</Enabled>
          <Value>0x2</Value>
        </ValueMapItem>
        <ValueMapItem>
          <Key />
          <Description />
          <Enabled>-1</Enabled>
          <Value>0x4</Value>
        </ValueMapItem>
        <ValueMapItem>
          <Key />
          <Description />
          <Enabled>-1</Enabled>
          <Value>0x8</Value>
        </ValueMapItem>
        <ValueMapItem>
          <Key />
          <Description />
          <Enabled>-1</Enabled>
          <Value>0x10</Value>
        </ValueMapItem>
        <ValueMapItem>
          <Key />
          <Description />
          <Enabled>-1</Enabled>
          <Value>0x20</Value>
        </ValueMapItem>
        <ValueMapItem>
          <Key />
          <Description />
          <Enabled>-1</Enabled>
          <Value>0x40</Value>
        </ValueMapItem>
        <ValueMapItem>
          <Key />
          <Description />
          <Enabled>-1</Enabled>
          <Value>0x80</Value>
        </ValueMapItem>
        <ValueMapItem>
          <Key />
          <Description />
          <Enabled>-1</Enabled>
          <Value>0x100</Value>
        </ValueMapItem>
        <ValueMapItem>
          <Key />
          <Description />
          <Enabled>-1</Enabled>
          <Value>0x200</Value>
        </ValueMapItem>
        <ValueMapItem>
          <Key />
          <Description />
          <Enabled>-1</Enabled>
          <Value>0x400</Value>
        </ValueMapItem>
        <ValueMapItem>
          <Key />
          <Description />
          <Enabled>-1</Enabled>
          <Value>0x800</Value>
        </ValueMapItem>
        <ValueMapItem>
          <Key />
          <Description />
          <Enabled>-1</Enabled>
          <Value>0x1000</Value>
        </ValueMapItem>
        <ValueMapItem>
          <Key />
          <Description />
          <Enabled>-1</Enabled>
          <Value>0x2000</Value>
        </ValueMapItem>
        <ValueMapItem>
          <Key />
          <Description />
          <Enabled>-1</Enabled>
          <Value>0x4000</Value>
        </ValueMapItem>
        <ValueMapItem>
          <Key />
          <Description />
          <Enabled>-1</Enabled>
          <Value>0x8000</Value>
        </ValueMapItem>
        <ValueMapItem>
          <Key />
          <Description />
          <Enabled>-1</Enabled>
          <Value>0x10000</Value>
        </ValueMapItem>
        <ValueMapItem>
          <Key />
          <Description />
          <Enabled>-1</Enabled>
          <Value>0x20000</Value>
        </ValueMapItem>
        <ValueMapItem>
          <Key />
          <Description />
          <Enabled>-1</Enabled>
          <Value>0x40000</Value>
        </ValueMapItem>
        <ValueMapItem>
          <Key />
          <Description />
          <Enabled>-1</Enabled>
          <Value>0x80000</Value>
        </ValueMapItem>
        <ValueMapItem>
          <Key />
          <Description />
          <Enabled>-1</Enabled>
          <Value>0x100000</Value>
        </ValueMapItem>
        <ValueMapItem>
          <Key />
          <Description />
          <Enabled>-1</Enabled>
          <Value>0x200000</Value>
        </ValueMapItem>
        <ValueMapItem>
          <Key />
          <Description />
          <Enabled>-1</Enabled>
          <Value>0x400000</Value>
        </ValueMapItem>
        <ValueMapItem>
          <Key />
          <Description />
          <Enabled>-1</Enabled>
          <Value>0x800000</Value>
        </ValueMapItem>
        <ValueMapItem>
          <Key />
          <Description />
          <Enabled>-1</Enabled>
          <Value>0x1000000</Value>
        </ValueMapItem>
        <ValueMapItem>
          <Key />
          <Description />
          <Enabled>-1</Enabled>
          <Value>0x2000000</Value>
        </ValueMapItem>
        <ValueMapItem>
          <Key />
          <Description />
          <Enabled>-1</Enabled>
          <Value>0x4000000</Value>
        </ValueMapItem>
        <ValueMapItem>
          <Key />
          <Description />
          <Enabled>-1</Enabled>
          <Value>0x8000000</Value>
        </ValueMapItem>
        <ValueMapItem>
          <Key />
          <Description />
          <Enabled>-1</Enabled>
          <Value>0x10000000</Value>
        </ValueMapItem>
        <ValueMapItem>
          <Key />
          <Description />
          <Enabled>-1</Enabled>
          <Value>0x20000000</Value>
        </ValueMapItem>
        <ValueMapItem>
          <Key />
          <Description />
          <Enabled>-1</Enabled>
          <Value>0x40000000</Value>
        </ValueMapItem>
        <ValueMapItem>
          <Key />
          <Description />
          <Enabled>-1</Enabled>
          <Value>0x80000000</Value>
        </ValueMapItem>
        <ValueMapItem>
          <Key />
          <Description />
          <Enabled>-1</Enabled>
          <Value>0x100000000</Value>
        </ValueMapItem>
        <ValueMapItem>
          <Key />
          <Description />
          <Enabled>-1</Enabled>
          <Value>0x200000000</Value>
        </ValueMapItem>
        <ValueMapItem>
          <Key />
          <Description />
          <Enabled>-1</Enabled>
          <Value>0x400000000</Value>
        </ValueMapItem>
        <ValueMapItem>
          <Key />
          <Description />
          <Enabled>-1</Enabled>
          <Value>0x800000000</Value>
        </ValueMapItem>
        <ValueMapItem>
          <Key />
          <Description />
          <Enabled>-1</Enabled>
          <Value>0x1000000000</Value>
        </ValueMapItem>
        <ValueMapItem>
          <Key />
          <Description />
          <Enabled>-1</Enabled>
          <Value>0x2000000000</Value>
        </ValueMapItem>
        <ValueMapItem>
          <Key />
          <Description />
          <Enabled>-1</Enabled>
          <Value>0x4000000000</Value>
        </ValueMapItem>
        <ValueMapItem>
          <Key />
          <Description />
          <Enabled>-1</Enabled>
          <Value>0x8000000000</Value>
        </ValueMapItem>
        <ValueMapItem>
          <Key />
          <Description />
          <Enabled>-1</Enabled>
          <Value>0x10000000000</Value>
        </ValueMapItem>
        <ValueMapItem>
          <Key />
          <Description />
          <Enabled>-1</Enabled>
          <Value>0x20000000000</Value>
        </ValueMapItem>
        <ValueMapItem>
          <Key />
          <Description />
          <Enabled>-1</Enabled>
          <Value>0x40000000000</Value>
        </ValueMapItem>
        <ValueMapItem>
          <Key />
          <Description />
          <Enabled>-1</Enabled>
          <Value>0x80000000000</Value>
        </ValueMapItem>
        <ValueMapItem>
          <Key />
          <Description />
          <Enabled>-1</Enabled>
          <Value>0x100000000000</Value>
        </ValueMapItem>
        <ValueMapItem>
          <Key />
          <Description />
          <Enabled>-1</Enabled>
          <Value>0x200000000000</Value>
        </ValueMapItem>
        <ValueMapItem>
          <Key />
          <Description />
          <Enabled>-1</Enabled>
          <Value>0x400000000000</Value>
        </ValueMapItem>
        <ValueMapItem>
          <Key />
          <Description />
          <Enabled>-1</Enabled>
          <Value>0x800000000000</Value>
        </ValueMapItem>
        <ValueMapItem>
          <Key />
          <Description />
          <Enabled>-1</Enabled>
          <Value>0x1000000000000</Value>
        </ValueMapItem>
        <ValueMapItem>
          <Key />
          <Description />
          <Enabled>-1</Enabled>
          <Value>0x2000000000000</Value>
        </ValueMapItem>
        <ValueMapItem>
          <Key />
          <Description />
          <Enabled>-1</Enabled>
          <Value>0x4000000000000</Value>
        </ValueMapItem>
        <ValueMapItem>
          <Key />
          <Description />
          <Enabled>-1</Enabled>
          <Value>0x8000000000000</Value>
        </ValueMapItem>
        <ValueMapItem>
          <Key />
          <Description />
          <Enabled>-1</Enabled>
          <Value>0x10000000000000</Value>
        </ValueMapItem>
        <ValueMapItem>
          <Key />
          <Description />
          <Enabled>-1</Enabled>
          <Value>0x20000000000000</Value>
        </ValueMapItem>
        <ValueMapItem>
          <Key />
          <Description />
          <Enabled>-1</Enabled>
          <Value>0x40000000000000</Value>
        </ValueMapItem>
        <ValueMapItem>
          <Key />
          <Description />
          <Enabled>-1</Enabled>
          <Value>0x80000000000000</Value>
        </ValueMapItem>
        <ValueMapItem>
          <Key />
          <Description />
          <Enabled>-1</Enabled>
          <Value>0x100000000000000</Value>
        </ValueMapItem>
        <ValueMapItem>
          <Key />
          <Description />
          <Enabled>-1</Enabled>
          <Value>0x200000000000000</Value>
        </ValueMapItem>
        <ValueMapItem>
          <Key />
          <Description />
          <Enabled>-1</Enabled>
          <Value>0x400000000000000</Value>
        </ValueMapItem>
        <ValueMapItem>
          <Key />
          <Description />
          <Enabled>-1</Enabled>
          <Value>0x800000000000000</Value>
        </ValueMapItem>
        <ValueMapItem>
          <Key />
          <Description />
          <Enabled>-1</Enabled>
          <Value>0x1000000000000000</Value>
        </ValueMapItem>
        <ValueMapItem>
          <Key />
          <Description />
          <Enabled>-1</Enabled>
          <Value>0x2000000000000000</Value>
        </ValueMapItem>
        <ValueMapItem>
          <Key />
          <Description />
          <Enabled>-1</Enabled>
          <Value>0x4000000000000000</Value>
        </ValueMapItem>
        <ValueMapItem>
          <Key />
          <Description />
          <Enabled>-1</Enabled>
          <Value>0x8000000000000000</Value>
        </ValueMapItem>
      </KeywordsAny>
      <KeywordsAll>
        <Description>Events with all of these keywords are enabled</Description>
        <ValueMapType>2</ValueMapType>
        <Value>0x0</Value>
      </KeywordsAll>
      <Properties>
        <Description>These additional data fields will be collected with each event</Description>
        <ValueMapType>2</ValueMapType>
        <Value>0</Value>
      </Properties>
      <Guid>{20F61733-57F1-4127-9F48-4AB7A9308AE2}</Guid>
    </TraceDataProvider>
  </TraceDataCollector>
</DataCollectorSet>