<DataCollectorSet>
  <Status>1</Status>
  <Duration>0</Duration>
  <Description />
  <DescriptionUnresolved />
  <DisplayName />
  <DisplayNameUnresolved />
  <SchedulesEnabled>-1</SchedulesEnabled>
  <LatestOutputLocation>
  </LatestOutputLocation>
  <Name>ds_adsi</Name>
  <OutputLocation>
  </OutputLocation>
  <RootPath>C:\windows\TEMP</RootPath>
  <Segment>0</Segment>
  <SegmentMaxDuration>0</SegmentMaxDuration>
  <SegmentMaxSize>500</SegmentMaxSize>
  <SerialNumber>1</SerialNumber>
  <Server />
  <Subdirectory />
  <SubdirectoryFormat>0</SubdirectoryFormat>
  <SubdirectoryFormatPattern />
  <Task />
  <TaskArguments />
  <TaskUserTextArguments />
  <UserAccount />
  <Security>O:BAG:BAD:(A;;0x800;;;WD)(A;;0x120fff;;;SY)(A;;0x120fff;;;LS)(A;;0x120fff;;;NS)(A;;0x120fff;;;BA)(A;;0xee5;;;LU)(A;;LC;;;MU)(A;;0x800;;;AC)</Security>
  <TraceDataCollector>
    <DataCollectorType>1</DataCollectorType>
    <Name>ds_adsi</Name>
    <FileName>
    </FileName>
    <FileNameFormat>0</FileNameFormat>
    <FileNameFormatPattern />
    <LogAppend>0</LogAppend>
    <LogCircular>-1</LogCircular>
    <LogOverwrite>0</LogOverwrite>
    <LatestOutputLocation>
    </LatestOutputLocation>
    <Guid>{619DCE01-E064-4A0B-B318-FA88138968A7}</Guid>
    <BufferSize>20</BufferSize>
    <BuffersLost>0</BuffersLost>
    <BuffersWritten>1</BuffersWritten>
    <ClockType>1</ClockType>
    <EventsLost>0</EventsLost>
    <ExtendedModes>4194304</ExtendedModes>
    <FlushTimer>0</FlushTimer>
    <FreeBuffers>16</FreeBuffers>
    <MaximumBuffers>80</MaximumBuffers>
    <MinimumBuffers>40</MinimumBuffers>
    <NumberOfBuffers>16</NumberOfBuffers>
    <PreallocateFile>0</PreallocateFile>
    <ProcessMode>0</ProcessMode>
    <RealTimeBuffersLost>0</RealTimeBuffersLost>
    <SessionName>ds_adsi</SessionName>
    <SessionThreadId>1176</SessionThreadId>
    <StreamMode>1</StreamMode>
    <TraceDataProvider>
      <DisplayName>{7288C9F8-D63C-4932-A345-89D6B060174D}</DisplayName>
      <FilterEnabled>0</FilterEnabled>
      <FilterType>0</FilterType>
      <Level>
        <Description>Events up to this level are enabled</Description>
        <ValueMapType>1</ValueMapType>
        <Value>255</Value>
        <ValueMapItem>
          <Key />
          <Description />
          <Enabled>-1</Enabled>
          <Value>255</Value>
        </ValueMapItem>
      </Level>
      <KeywordsAny>
        <Description>Events with any of these keywords are enabled</Description>
        <ValueMapType>2</ValueMapType>
        <Value>0xffffffffffffffff</Value>
        <ValueMapItem>
          <Key />
          <Description />
          <Enabled>-1</Enabled>
          <Value>0x1</Value>
        </ValueMapItem>
        <ValueMapItem>
          <Key />
          <Description />
          <Enabled>-1</Enabled>
          <Value>0x2</Value>
        </ValueMapItem>
        <ValueMapItem>
          <Key />
          <Description />
          <Enabled>-1</Enabled>
          <Value>0x4</Value>
        </ValueMapItem>
        <ValueMapItem>
          <Key />
          <Description />
          <Enabled>-1</Enabled>
          <Value>0x8</Value>
        </ValueMapItem>
        <ValueMapItem>
          <Key />
          <Description />
          <Enabled>-1</Enabled>
          <Value>0x10</Value>
        </ValueMapItem>
        <ValueMapItem>
          <Key />
          <Description />
          <Enabled>-1</Enabled>
          <Value>0x20</Value>
        </ValueMapItem>
        <ValueMapItem>
          <Key />
          <Description />
          <Enabled>-1</Enabled>
          <Value>0x40</Value>
        </ValueMapItem>
        <ValueMapItem>
          <Key />
          <Description />
          <Enabled>-1</Enabled>
          <Value>0x80</Value>
        </ValueMapItem>
        <ValueMapItem>
          <Key />
          <Description />
          <Enabled>-1</Enabled>
          <Value>0x100</Value>
        </ValueMapItem>
        <ValueMapItem>
          <Key />
          <Description />
          <Enabled>-1</Enabled>
          <Value>0x200</Value>
        </ValueMapItem>
        <ValueMapItem>
          <Key />
          <Description />
          <Enabled>-1</Enabled>
          <Value>0x400</Value>
        </ValueMapItem>
        <ValueMapItem>
          <Key />
          <Description />
          <Enabled>-1</Enabled>
          <Value>0x800</Value>
        </ValueMapItem>
        <ValueMapItem>
          <Key />
          <Description />
          <Enabled>-1</Enabled>
          <Value>0x1000</Value>
        </ValueMapItem>
        <ValueMapItem>
          <Key />
          <Description />
          <Enabled>-1</Enabled>
          <Value>0x2000</Value>
        </ValueMapItem>
        <ValueMapItem>
          <Key />
          <Description />
          <Enabled>-1</Enabled>
          <Value>0x4000</Value>
        </ValueMapItem>
        <ValueMapItem>
          <Key />
          <Description />
          <Enabled>-1</Enabled>
          <Value>0x8000</Value>
        </ValueMapItem>
        <ValueMapItem>
          <Key />
          <Description />
          <Enabled>-1</Enabled>
          <Value>0x10000</Value>
        </ValueMapItem>
        <ValueMapItem>
          <Key />
          <Description />
          <Enabled>-1</Enabled>
          <Value>0x20000</Value>
        </ValueMapItem>
        <ValueMapItem>
          <Key />
          <Description />
          <Enabled>-1</Enabled>
          <Value>0x40000</Value>
        </ValueMapItem>
        <ValueMapItem>
          <Key />
          <Description />
          <Enabled>-1</Enabled>
          <Value>0x80000</Value>
        </ValueMapItem>
        <ValueMapItem>
          <Key />
          <Description />
          <Enabled>-1</Enabled>
          <Value>0x100000</Value>
        </ValueMapItem>
        <ValueMapItem>
          <Key />
          <Description />
          <Enabled>-1</Enabled>
          <Value>0x200000</Value>
        </ValueMapItem>
        <ValueMapItem>
          <Key />
          <Description />
          <Enabled>-1</Enabled>
          <Value>0x400000</Value>
        </ValueMapItem>
        <ValueMapItem>
          <Key />
          <Description />
          <Enabled>-1</Enabled>
          <Value>0x800000</Value>
        </ValueMapItem>
        <ValueMapItem>
          <Key />
          <Description />
          <Enabled>-1</Enabled>
          <Value>0x1000000</Value>
        </ValueMapItem>
        <ValueMapItem>
          <Key />
          <Description />
          <Enabled>-1</Enabled>
          <Value>0x2000000</Value>
        </ValueMapItem>
        <ValueMapItem>
          <Key />
          <Description />
          <Enabled>-1</Enabled>
          <Value>0x4000000</Value>
        </ValueMapItem>
        <ValueMapItem>
          <Key />
          <Description />
          <Enabled>-1</Enabled>
          <Value>0x8000000</Value>
        </ValueMapItem>
        <ValueMapItem>
          <Key />
          <Description />
          <Enabled>-1</Enabled>
          <Value>0x10000000</Value>
        </ValueMapItem>
        <ValueMapItem>
          <Key />
          <Description />
          <Enabled>-1</Enabled>
          <Value>0x20000000</Value>
        </ValueMapItem>
        <ValueMapItem>
          <Key />
          <Description />
          <Enabled>-1</Enabled>
          <Value>0x40000000</Value>
        </ValueMapItem>
        <ValueMapItem>
          <Key />
          <Description />
          <Enabled>-1</Enabled>
          <Value>0x80000000</Value>
        </ValueMapItem>
        <ValueMapItem>
          <Key />
          <Description />
          <Enabled>-1</Enabled>
          <Value>0x100000000</Value>
        </ValueMapItem>
        <ValueMapItem>
          <Key />
          <Description />
          <Enabled>-1</Enabled>
          <Value>0x200000000</Value>
        </ValueMapItem>
        <ValueMapItem>
          <Key />
          <Description />
          <Enabled>-1</Enabled>
          <Value>0x400000000</Value>
        </ValueMapItem>
        <ValueMapItem>
          <Key />
          <Description />
          <Enabled>-1</Enabled>
          <Value>0x800000000</Value>
        </ValueMapItem>
        <ValueMapItem>
          <Key />
          <Description />
          <Enabled>-1</Enabled>
          <Value>0x1000000000</Value>
        </ValueMapItem>
        <ValueMapItem>
          <Key />
          <Description />
          <Enabled>-1</Enabled>
          <Value>0x2000000000</Value>
        </ValueMapItem>
        <ValueMapItem>
          <Key />
          <Description />
          <Enabled>-1</Enabled>
          <Value>0x4000000000</Value>
        </ValueMapItem>
        <ValueMapItem>
          <Key />
          <Description />
          <Enabled>-1</Enabled>
          <Value>0x8000000000</Value>
        </ValueMapItem>
        <ValueMapItem>
          <Key />
          <Description />
          <Enabled>-1</Enabled>
          <Value>0x10000000000</Value>
        </ValueMapItem>
        <ValueMapItem>
          <Key />
          <Description />
          <Enabled>-1</Enabled>
          <Value>0x20000000000</Value>
        </ValueMapItem>
        <ValueMapItem>
          <Key />
          <Description />
          <Enabled>-1</Enabled>
          <Value>0x40000000000</Value>
        </ValueMapItem>
        <ValueMapItem>
          <Key />
          <Description />
          <Enabled>-1</Enabled>
          <Value>0x80000000000</Value>
        </ValueMapItem>
        <ValueMapItem>
          <Key />
          <Description />
          <Enabled>-1</Enabled>
          <Value>0x100000000000</Value>
        </ValueMapItem>
        <ValueMapItem>
          <Key />
          <Description />
          <Enabled>-1</Enabled>
          <Value>0x200000000000</Value>
        </ValueMapItem>
        <ValueMapItem>
          <Key />
          <Description />
          <Enabled>-1</Enabled>
          <Value>0x400000000000</Value>
        </ValueMapItem>
        <ValueMapItem>
          <Key />
          <Description />
          <Enabled>-1</Enabled>
          <Value>0x800000000000</Value>
        </ValueMapItem>
        <ValueMapItem>
          <Key />
          <Description />
          <Enabled>-1</Enabled>
          <Value>0x1000000000000</Value>
        </ValueMapItem>
        <ValueMapItem>
          <Key />
          <Description />
          <Enabled>-1</Enabled>
          <Value>0x2000000000000</Value>
        </ValueMapItem>
        <ValueMapItem>
          <Key />
          <Description />
          <Enabled>-1</Enabled>
          <Value>0x4000000000000</Value>
        </ValueMapItem>
        <ValueMapItem>
          <Key />
          <Description />
          <Enabled>-1</Enabled>
          <Value>0x8000000000000</Value>
        </ValueMapItem>
        <ValueMapItem>
          <Key />
          <Description />
          <Enabled>-1</Enabled>
          <Value>0x10000000000000</Value>
        </ValueMapItem>
        <ValueMapItem>
          <Key />
          <Description />
          <Enabled>-1</Enabled>
          <Value>0x20000000000000</Value>
        </ValueMapItem>
        <ValueMapItem>
          <Key />
          <Description />
          <Enabled>-1</Enabled>
          <Value>0x40000000000000</Value>
        </ValueMapItem>
        <ValueMapItem>
          <Key />
          <Description />
          <Enabled>-1</Enabled>
          <Value>0x80000000000000</Value>
        </ValueMapItem>
        <ValueMapItem>
          <Key />
          <Description />
          <Enabled>-1</Enabled>
          <Value>0x100000000000000</Value>
        </ValueMapItem>
        <ValueMapItem>
          <Key />
          <Description />
          <Enabled>-1</Enabled>
          <Value>0x200000000000000</Value>
        </ValueMapItem>
        <ValueMapItem>
          <Key />
          <Description />
          <Enabled>-1</Enabled>
          <Value>0x400000000000000</Value>
        </ValueMapItem>
        <ValueMapItem>
          <Key />
          <Description />
          <Enabled>-1</Enabled>
          <Value>0x800000000000000</Value>
        </ValueMapItem>
        <ValueMapItem>
          <Key />
          <Description />
          <Enabled>-1</Enabled>
          <Value>0x1000000000000000</Value>
        </ValueMapItem>
        <ValueMapItem>
          <Key />
          <Description />
          <Enabled>-1</Enabled>
          <Value>0x2000000000000000</Value>
        </ValueMapItem>
        <ValueMapItem>
          <Key />
          <Description />
          <Enabled>-1</Enabled>
          <Value>0x4000000000000000</Value>
        </ValueMapItem>
        <ValueMapItem>
          <Key />
          <Description />
          <Enabled>-1</Enabled>
          <Value>0x8000000000000000</Value>
        </ValueMapItem>
      </KeywordsAny>
      <KeywordsAll>
        <Description>Events with all of these keywords are enabled</Description>
        <ValueMapType>2</ValueMapType>
        <Value>0x0</Value>
      </KeywordsAll>
      <Properties>
        <Description>These additional data fields will be collected with each event</Description>
        <ValueMapType>2</ValueMapType>
        <Value>0</Value>
      </Properties>
      <Guid>{7288C9F8-D63C-4932-A345-89D6B060174D}</Guid>
    </TraceDataProvider>
    <TraceDataProvider>
      <DisplayName>{F33959B4-DBEC-11D2-895B-00C04F79AB69}</DisplayName>
      <FilterEnabled>0</FilterEnabled>
      <FilterType>0</FilterType>
      <Level>
        <Description>Events up to this level are enabled</Description>
        <ValueMapType>1</ValueMapType>
        <Value>255</Value>
        <ValueMapItem>
          <Key />
          <Description />
          <Enabled>-1</Enabled>
          <Value>255</Value>
        </ValueMapItem>
      </Level>
      <KeywordsAny>
        <Description>Events with any of these keywords are enabled</Description>
        <ValueMapType>2</ValueMapType>
        <Value>0xffffffffffffffff</Value>
        <ValueMapItem>
          <Key />
          <Description />
          <Enabled>-1</Enabled>
          <Value>0x1</Value>
        </ValueMapItem>
        <ValueMapItem>
          <Key />
          <Description />
          <Enabled>-1</Enabled>
          <Value>0x2</Value>
        </ValueMapItem>
        <ValueMapItem>
          <Key />
          <Description />
          <Enabled>-1</Enabled>
          <Value>0x4</Value>
        </ValueMapItem>
        <ValueMapItem>
          <Key />
          <Description />
          <Enabled>-1</Enabled>
          <Value>0x8</Value>
        </ValueMapItem>
        <ValueMapItem>
          <Key />
          <Description />
          <Enabled>-1</Enabled>
          <Value>0x10</Value>
        </ValueMapItem>
        <ValueMapItem>
          <Key />
          <Description />
          <Enabled>-1</Enabled>
          <Value>0x20</Value>
        </ValueMapItem>
        <ValueMapItem>
          <Key />
          <Description />
          <Enabled>-1</Enabled>
          <Value>0x40</Value>
        </ValueMapItem>
        <ValueMapItem>
          <Key />
          <Description />
          <Enabled>-1</Enabled>
          <Value>0x80</Value>
        </ValueMapItem>
        <ValueMapItem>
          <Key />
          <Description />
          <Enabled>-1</Enabled>
          <Value>0x100</Value>
        </ValueMapItem>
        <ValueMapItem>
          <Key />
          <Description />
          <Enabled>-1</Enabled>
          <Value>0x200</Value>
        </ValueMapItem>
        <ValueMapItem>
          <Key />
          <Description />
          <Enabled>-1</Enabled>
          <Value>0x400</Value>
        </ValueMapItem>
        <ValueMapItem>
          <Key />
          <Description />
          <Enabled>-1</Enabled>
          <Value>0x800</Value>
        </ValueMapItem>
        <ValueMapItem>
          <Key />
          <Description />
          <Enabled>-1</Enabled>
          <Value>0x1000</Value>
        </ValueMapItem>
        <ValueMapItem>
          <Key />
          <Description />
          <Enabled>-1</Enabled>
          <Value>0x2000</Value>
        </ValueMapItem>
        <ValueMapItem>
          <Key />
          <Description />
          <Enabled>-1</Enabled>
          <Value>0x4000</Value>
        </ValueMapItem>
        <ValueMapItem>
          <Key />
          <Description />
          <Enabled>-1</Enabled>
          <Value>0x8000</Value>
        </ValueMapItem>
        <ValueMapItem>
          <Key />
          <Description />
          <Enabled>-1</Enabled>
          <Value>0x10000</Value>
        </ValueMapItem>
        <ValueMapItem>
          <Key />
          <Description />
          <Enabled>-1</Enabled>
          <Value>0x20000</Value>
        </ValueMapItem>
        <ValueMapItem>
          <Key />
          <Description />
          <Enabled>-1</Enabled>
          <Value>0x40000</Value>
        </ValueMapItem>
        <ValueMapItem>
          <Key />
          <Description />
          <Enabled>-1</Enabled>
          <Value>0x80000</Value>
        </ValueMapItem>
        <ValueMapItem>
          <Key />
          <Description />
          <Enabled>-1</Enabled>
          <Value>0x100000</Value>
        </ValueMapItem>
        <ValueMapItem>
          <Key />
          <Description />
          <Enabled>-1</Enabled>
          <Value>0x200000</Value>
        </ValueMapItem>
        <ValueMapItem>
          <Key />
          <Description />
          <Enabled>-1</Enabled>
          <Value>0x400000</Value>
        </ValueMapItem>
        <ValueMapItem>
          <Key />
          <Description />
          <Enabled>-1</Enabled>
          <Value>0x800000</Value>
        </ValueMapItem>
        <ValueMapItem>
          <Key />
          <Description />
          <Enabled>-1</Enabled>
          <Value>0x1000000</Value>
        </ValueMapItem>
        <ValueMapItem>
          <Key />
          <Description />
          <Enabled>-1</Enabled>
          <Value>0x2000000</Value>
        </ValueMapItem>
        <ValueMapItem>
          <Key />
          <Description />
          <Enabled>-1</Enabled>
          <Value>0x4000000</Value>
        </ValueMapItem>
        <ValueMapItem>
          <Key />
          <Description />
          <Enabled>-1</Enabled>
          <Value>0x8000000</Value>
        </ValueMapItem>
        <ValueMapItem>
          <Key />
          <Description />
          <Enabled>-1</Enabled>
          <Value>0x10000000</Value>
        </ValueMapItem>
        <ValueMapItem>
          <Key />
          <Description />
          <Enabled>-1</Enabled>
          <Value>0x20000000</Value>
        </ValueMapItem>
        <ValueMapItem>
          <Key />
          <Description />
          <Enabled>-1</Enabled>
          <Value>0x40000000</Value>
        </ValueMapItem>
        <ValueMapItem>
          <Key />
          <Description />
          <Enabled>-1</Enabled>
          <Value>0x80000000</Value>
        </ValueMapItem>
        <ValueMapItem>
          <Key />
          <Description />
          <Enabled>-1</Enabled>
          <Value>0x100000000</Value>
        </ValueMapItem>
        <ValueMapItem>
          <Key />
          <Description />
          <Enabled>-1</Enabled>
          <Value>0x200000000</Value>
        </ValueMapItem>
        <ValueMapItem>
          <Key />
          <Description />
          <Enabled>-1</Enabled>
          <Value>0x400000000</Value>
        </ValueMapItem>
        <ValueMapItem>
          <Key />
          <Description />
          <Enabled>-1</Enabled>
          <Value>0x800000000</Value>
        </ValueMapItem>
        <ValueMapItem>
          <Key />
          <Description />
          <Enabled>-1</Enabled>
          <Value>0x1000000000</Value>
        </ValueMapItem>
        <ValueMapItem>
          <Key />
          <Description />
          <Enabled>-1</Enabled>
          <Value>0x2000000000</Value>
        </ValueMapItem>
        <ValueMapItem>
          <Key />
          <Description />
          <Enabled>-1</Enabled>
          <Value>0x4000000000</Value>
        </ValueMapItem>
        <ValueMapItem>
          <Key />
          <Description />
          <Enabled>-1</Enabled>
          <Value>0x8000000000</Value>
        </ValueMapItem>
        <ValueMapItem>
          <Key />
          <Description />
          <Enabled>-1</Enabled>
          <Value>0x10000000000</Value>
        </ValueMapItem>
        <ValueMapItem>
          <Key />
          <Description />
          <Enabled>-1</Enabled>
          <Value>0x20000000000</Value>
        </ValueMapItem>
        <ValueMapItem>
          <Key />
          <Description />
          <Enabled>-1</Enabled>
          <Value>0x40000000000</Value>
        </ValueMapItem>
        <ValueMapItem>
          <Key />
          <Description />
          <Enabled>-1</Enabled>
          <Value>0x80000000000</Value>
        </ValueMapItem>
        <ValueMapItem>
          <Key />
          <Description />
          <Enabled>-1</Enabled>
          <Value>0x100000000000</Value>
        </ValueMapItem>
        <ValueMapItem>
          <Key />
          <Description />
          <Enabled>-1</Enabled>
          <Value>0x200000000000</Value>
        </ValueMapItem>
        <ValueMapItem>
          <Key />
          <Description />
          <Enabled>-1</Enabled>
          <Value>0x400000000000</Value>
        </ValueMapItem>
        <ValueMapItem>
          <Key />
          <Description />
          <Enabled>-1</Enabled>
          <Value>0x800000000000</Value>
        </ValueMapItem>
        <ValueMapItem>
          <Key />
          <Description />
          <Enabled>-1</Enabled>
          <Value>0x1000000000000</Value>
        </ValueMapItem>
        <ValueMapItem>
          <Key />
          <Description />
          <Enabled>-1</Enabled>
          <Value>0x2000000000000</Value>
        </ValueMapItem>
        <ValueMapItem>
          <Key />
          <Description />
          <Enabled>-1</Enabled>
          <Value>0x4000000000000</Value>
        </ValueMapItem>
        <ValueMapItem>
          <Key />
          <Description />
          <Enabled>-1</Enabled>
          <Value>0x8000000000000</Value>
        </ValueMapItem>
        <ValueMapItem>
          <Key />
          <Description />
          <Enabled>-1</Enabled>
          <Value>0x10000000000000</Value>
        </ValueMapItem>
        <ValueMapItem>
          <Key />
          <Description />
          <Enabled>-1</Enabled>
          <Value>0x20000000000000</Value>
        </ValueMapItem>
        <ValueMapItem>
          <Key />
          <Description />
          <Enabled>-1</Enabled>
          <Value>0x40000000000000</Value>
        </ValueMapItem>
        <ValueMapItem>
          <Key />
          <Description />
          <Enabled>-1</Enabled>
          <Value>0x80000000000000</Value>
        </ValueMapItem>
        <ValueMapItem>
          <Key />
          <Description />
          <Enabled>-1</Enabled>
          <Value>0x100000000000000</Value>
        </ValueMapItem>
        <ValueMapItem>
          <Key />
          <Description />
          <Enabled>-1</Enabled>
          <Value>0x200000000000000</Value>
        </ValueMapItem>
        <ValueMapItem>
          <Key />
          <Description />
          <Enabled>-1</Enabled>
          <Value>0x400000000000000</Value>
        </ValueMapItem>
        <ValueMapItem>
          <Key />
          <Description />
          <Enabled>-1</Enabled>
          <Value>0x800000000000000</Value>
        </ValueMapItem>
        <ValueMapItem>
          <Key />
          <Description />
          <Enabled>-1</Enabled>
          <Value>0x1000000000000000</Value>
        </ValueMapItem>
        <ValueMapItem>
          <Key />
          <Description />
          <Enabled>-1</Enabled>
          <Value>0x2000000000000000</Value>
        </ValueMapItem>
        <ValueMapItem>
          <Key />
          <Description />
          <Enabled>-1</Enabled>
          <Value>0x4000000000000000</Value>
        </ValueMapItem>
        <ValueMapItem>
          <Key />
          <Description />
          <Enabled>-1</Enabled>
          <Value>0x8000000000000000</Value>
        </ValueMapItem>
      </KeywordsAny>
      <KeywordsAll>
        <Description>Events with all of these keywords are enabled</Description>
        <ValueMapType>2</ValueMapType>
        <Value>0x0</Value>
      </KeywordsAll>
      <Properties>
        <Description>These additional data fields will be collected with each event</Description>
        <ValueMapType>2</ValueMapType>
        <Value>0</Value>
      </Properties>
      <Guid>{F33959B4-DBEC-11D2-895B-00C04F79AB69}</Guid>
    </TraceDataProvider>
    <TraceDataProvider>
      <DisplayName>{24DB8964-E6BC-11D1-916A-0000F8045B04}</DisplayName>
      <FilterEnabled>0</FilterEnabled>
      <FilterType>0</FilterType>
      <Level>
        <Description>Events up to this level are enabled</Description>
        <ValueMapType>1</ValueMapType>
        <Value>255</Value>
        <ValueMapItem>
          <Key />
          <Description />
          <Enabled>-1</Enabled>
          <Value>255</Value>
        </ValueMapItem>
      </Level>
      <KeywordsAny>
        <Description>Events with any of these keywords are enabled</Description>
        <ValueMapType>2</ValueMapType>
        <Value>0xffffffffffffffff</Value>
        <ValueMapItem>
          <Key />
          <Description />
          <Enabled>-1</Enabled>
          <Value>0x1</Value>
        </ValueMapItem>
        <ValueMapItem>
          <Key />
          <Description />
          <Enabled>-1</Enabled>
          <Value>0x2</Value>
        </ValueMapItem>
        <ValueMapItem>
          <Key />
          <Description />
          <Enabled>-1</Enabled>
          <Value>0x4</Value>
        </ValueMapItem>
        <ValueMapItem>
          <Key />
          <Description />
          <Enabled>-1</Enabled>
          <Value>0x8</Value>
        </ValueMapItem>
        <ValueMapItem>
          <Key />
          <Description />
          <Enabled>-1</Enabled>
          <Value>0x10</Value>
        </ValueMapItem>
        <ValueMapItem>
          <Key />
          <Description />
          <Enabled>-1</Enabled>
          <Value>0x20</Value>
        </ValueMapItem>
        <ValueMapItem>
          <Key />
          <Description />
          <Enabled>-1</Enabled>
          <Value>0x40</Value>
        </ValueMapItem>
        <ValueMapItem>
          <Key />
          <Description />
          <Enabled>-1</Enabled>
          <Value>0x80</Value>
        </ValueMapItem>
        <ValueMapItem>
          <Key />
          <Description />
          <Enabled>-1</Enabled>
          <Value>0x100</Value>
        </ValueMapItem>
        <ValueMapItem>
          <Key />
          <Description />
          <Enabled>-1</Enabled>
          <Value>0x200</Value>
        </ValueMapItem>
        <ValueMapItem>
          <Key />
          <Description />
          <Enabled>-1</Enabled>
          <Value>0x400</Value>
        </ValueMapItem>
        <ValueMapItem>
          <Key />
          <Description />
          <Enabled>-1</Enabled>
          <Value>0x800</Value>
        </ValueMapItem>
        <ValueMapItem>
          <Key />
          <Description />
          <Enabled>-1</Enabled>
          <Value>0x1000</Value>
        </ValueMapItem>
        <ValueMapItem>
          <Key />
          <Description />
          <Enabled>-1</Enabled>
          <Value>0x2000</Value>
        </ValueMapItem>
        <ValueMapItem>
          <Key />
          <Description />
          <Enabled>-1</Enabled>
          <Value>0x4000</Value>
        </ValueMapItem>
        <ValueMapItem>
          <Key />
          <Description />
          <Enabled>-1</Enabled>
          <Value>0x8000</Value>
        </ValueMapItem>
        <ValueMapItem>
          <Key />
          <Description />
          <Enabled>-1</Enabled>
          <Value>0x10000</Value>
        </ValueMapItem>
        <ValueMapItem>
          <Key />
          <Description />
          <Enabled>-1</Enabled>
          <Value>0x20000</Value>
        </ValueMapItem>
        <ValueMapItem>
          <Key />
          <Description />
          <Enabled>-1</Enabled>
          <Value>0x40000</Value>
        </ValueMapItem>
        <ValueMapItem>
          <Key />
          <Description />
          <Enabled>-1</Enabled>
          <Value>0x80000</Value>
        </ValueMapItem>
        <ValueMapItem>
          <Key />
          <Description />
          <Enabled>-1</Enabled>
          <Value>0x100000</Value>
        </ValueMapItem>
        <ValueMapItem>
          <Key />
          <Description />
          <Enabled>-1</Enabled>
          <Value>0x200000</Value>
        </ValueMapItem>
        <ValueMapItem>
          <Key />
          <Description />
          <Enabled>-1</Enabled>
          <Value>0x400000</Value>
        </ValueMapItem>
        <ValueMapItem>
          <Key />
          <Description />
          <Enabled>-1</Enabled>
          <Value>0x800000</Value>
        </ValueMapItem>
        <ValueMapItem>
          <Key />
          <Description />
          <Enabled>-1</Enabled>
          <Value>0x1000000</Value>
        </ValueMapItem>
        <ValueMapItem>
          <Key />
          <Description />
          <Enabled>-1</Enabled>
          <Value>0x2000000</Value>
        </ValueMapItem>
        <ValueMapItem>
          <Key />
          <Description />
          <Enabled>-1</Enabled>
          <Value>0x4000000</Value>
        </ValueMapItem>
        <ValueMapItem>
          <Key />
          <Description />
          <Enabled>-1</Enabled>
          <Value>0x8000000</Value>
        </ValueMapItem>
        <ValueMapItem>
          <Key />
          <Description />
          <Enabled>-1</Enabled>
          <Value>0x10000000</Value>
        </ValueMapItem>
        <ValueMapItem>
          <Key />
          <Description />
          <Enabled>-1</Enabled>
          <Value>0x20000000</Value>
        </ValueMapItem>
        <ValueMapItem>
          <Key />
          <Description />
          <Enabled>-1</Enabled>
          <Value>0x40000000</Value>
        </ValueMapItem>
        <ValueMapItem>
          <Key />
          <Description />
          <Enabled>-1</Enabled>
          <Value>0x80000000</Value>
        </ValueMapItem>
        <ValueMapItem>
          <Key />
          <Description />
          <Enabled>-1</Enabled>
          <Value>0x100000000</Value>
        </ValueMapItem>
        <ValueMapItem>
          <Key />
          <Description />
          <Enabled>-1</Enabled>
          <Value>0x200000000</Value>
        </ValueMapItem>
        <ValueMapItem>
          <Key />
          <Description />
          <Enabled>-1</Enabled>
          <Value>0x400000000</Value>
        </ValueMapItem>
        <ValueMapItem>
          <Key />
          <Description />
          <Enabled>-1</Enabled>
          <Value>0x800000000</Value>
        </ValueMapItem>
        <ValueMapItem>
          <Key />
          <Description />
          <Enabled>-1</Enabled>
          <Value>0x1000000000</Value>
        </ValueMapItem>
        <ValueMapItem>
          <Key />
          <Description />
          <Enabled>-1</Enabled>
          <Value>0x2000000000</Value>
        </ValueMapItem>
        <ValueMapItem>
          <Key />
          <Description />
          <Enabled>-1</Enabled>
          <Value>0x4000000000</Value>
        </ValueMapItem>
        <ValueMapItem>
          <Key />
          <Description />
          <Enabled>-1</Enabled>
          <Value>0x8000000000</Value>
        </ValueMapItem>
        <ValueMapItem>
          <Key />
          <Description />
          <Enabled>-1</Enabled>
          <Value>0x10000000000</Value>
        </ValueMapItem>
        <ValueMapItem>
          <Key />
          <Description />
          <Enabled>-1</Enabled>
          <Value>0x20000000000</Value>
        </ValueMapItem>
        <ValueMapItem>
          <Key />
          <Description />
          <Enabled>-1</Enabled>
          <Value>0x40000000000</Value>
        </ValueMapItem>
        <ValueMapItem>
          <Key />
          <Description />
          <Enabled>-1</Enabled>
          <Value>0x80000000000</Value>
        </ValueMapItem>
        <ValueMapItem>
          <Key />
          <Description />
          <Enabled>-1</Enabled>
          <Value>0x100000000000</Value>
        </ValueMapItem>
        <ValueMapItem>
          <Key />
          <Description />
          <Enabled>-1</Enabled>
          <Value>0x200000000000</Value>
        </ValueMapItem>
        <ValueMapItem>
          <Key />
          <Description />
          <Enabled>-1</Enabled>
          <Value>0x400000000000</Value>
        </ValueMapItem>
        <ValueMapItem>
          <Key />
          <Description />
          <Enabled>-1</Enabled>
          <Value>0x800000000000</Value>
        </ValueMapItem>
        <ValueMapItem>
          <Key />
          <Description />
          <Enabled>-1</Enabled>
          <Value>0x1000000000000</Value>
        </ValueMapItem>
        <ValueMapItem>
          <Key />
          <Description />
          <Enabled>-1</Enabled>
          <Value>0x2000000000000</Value>
        </ValueMapItem>
        <ValueMapItem>
          <Key />
          <Description />
          <Enabled>-1</Enabled>
          <Value>0x4000000000000</Value>
        </ValueMapItem>
        <ValueMapItem>
          <Key />
          <Description />
          <Enabled>-1</Enabled>
          <Value>0x8000000000000</Value>
        </ValueMapItem>
        <ValueMapItem>
          <Key />
          <Description />
          <Enabled>-1</Enabled>
          <Value>0x10000000000000</Value>
        </ValueMapItem>
        <ValueMapItem>
          <Key />
          <Description />
          <Enabled>-1</Enabled>
          <Value>0x20000000000000</Value>
        </ValueMapItem>
        <ValueMapItem>
          <Key />
          <Description />
          <Enabled>-1</Enabled>
          <Value>0x40000000000000</Value>
        </ValueMapItem>
        <ValueMapItem>
          <Key />
          <Description />
          <Enabled>-1</Enabled>
          <Value>0x80000000000000</Value>
        </ValueMapItem>
        <ValueMapItem>
          <Key />
          <Description />
          <Enabled>-1</Enabled>
          <Value>0x100000000000000</Value>
        </ValueMapItem>
        <ValueMapItem>
          <Key />
          <Description />
          <Enabled>-1</Enabled>
          <Value>0x200000000000000</Value>
        </ValueMapItem>
        <ValueMapItem>
          <Key />
          <Description />
          <Enabled>-1</Enabled>
          <Value>0x400000000000000</Value>
        </ValueMapItem>
        <ValueMapItem>
          <Key />
          <Description />
          <Enabled>-1</Enabled>
          <Value>0x800000000000000</Value>
        </ValueMapItem>
        <ValueMapItem>
          <Key />
          <Description />
          <Enabled>-1</Enabled>
          <Value>0x1000000000000000</Value>
        </ValueMapItem>
        <ValueMapItem>
          <Key />
          <Description />
          <Enabled>-1</Enabled>
          <Value>0x2000000000000000</Value>
        </ValueMapItem>
        <ValueMapItem>
          <Key />
          <Description />
          <Enabled>-1</Enabled>
          <Value>0x4000000000000000</Value>
        </ValueMapItem>
        <ValueMapItem>
          <Key />
          <Description />
          <Enabled>-1</Enabled>
          <Value>0x8000000000000000</Value>
        </ValueMapItem>
      </KeywordsAny>
      <KeywordsAll>
        <Description>Events with all of these keywords are enabled</Description>
        <ValueMapType>2</ValueMapType>
        <Value>0x0</Value>
      </KeywordsAll>
      <Properties>
        <Description>These additional data fields will be collected with each event</Description>
        <ValueMapType>2</ValueMapType>
        <Value>0</Value>
      </Properties>
      <Guid>{24DB8964-E6BC-11D1-916A-0000F8045B04}</Guid>
    </TraceDataProvider>
    <TraceDataProvider>
      <DisplayName>{1C83B2FC-C04F-11D1-8AFC-00C04FC21914}</DisplayName>
      <FilterEnabled>0</FilterEnabled>
      <FilterType>0</FilterType>
      <Level>
        <Description>Events up to this level are enabled</Description>
        <ValueMapType>1</ValueMapType>
        <Value>255</Value>
        <ValueMapItem>
          <Key />
          <Description />
          <Enabled>-1</Enabled>
          <Value>255</Value>
        </ValueMapItem>
      </Level>
      <KeywordsAny>
        <Description>Events with any of these keywords are enabled</Description>
        <ValueMapType>2</ValueMapType>
        <Value>0xffffffffffffffff</Value>
        <ValueMapItem>
          <Key />
          <Description />
          <Enabled>-1</Enabled>
          <Value>0x1</Value>
        </ValueMapItem>
        <ValueMapItem>
          <Key />
          <Description />
          <Enabled>-1</Enabled>
          <Value>0x2</Value>
        </ValueMapItem>
        <ValueMapItem>
          <Key />
          <Description />
          <Enabled>-1</Enabled>
          <Value>0x4</Value>
        </ValueMapItem>
        <ValueMapItem>
          <Key />
          <Description />
          <Enabled>-1</Enabled>
          <Value>0x8</Value>
        </ValueMapItem>
        <ValueMapItem>
          <Key />
          <Description />
          <Enabled>-1</Enabled>
          <Value>0x10</Value>
        </ValueMapItem>
        <ValueMapItem>
          <Key />
          <Description />
          <Enabled>-1</Enabled>
          <Value>0x20</Value>
        </ValueMapItem>
        <ValueMapItem>
          <Key />
          <Description />
          <Enabled>-1</Enabled>
          <Value>0x40</Value>
        </ValueMapItem>
        <ValueMapItem>
          <Key />
          <Description />
          <Enabled>-1</Enabled>
          <Value>0x80</Value>
        </ValueMapItem>
        <ValueMapItem>
          <Key />
          <Description />
          <Enabled>-1</Enabled>
          <Value>0x100</Value>
        </ValueMapItem>
        <ValueMapItem>
          <Key />
          <Description />
          <Enabled>-1</Enabled>
          <Value>0x200</Value>
        </ValueMapItem>
        <ValueMapItem>
          <Key />
          <Description />
          <Enabled>-1</Enabled>
          <Value>0x400</Value>
        </ValueMapItem>
        <ValueMapItem>
          <Key />
          <Description />
          <Enabled>-1</Enabled>
          <Value>0x800</Value>
        </ValueMapItem>
        <ValueMapItem>
          <Key />
          <Description />
          <Enabled>-1</Enabled>
          <Value>0x1000</Value>
        </ValueMapItem>
        <ValueMapItem>
          <Key />
          <Description />
          <Enabled>-1</Enabled>
          <Value>0x2000</Value>
        </ValueMapItem>
        <ValueMapItem>
          <Key />
          <Description />
          <Enabled>-1</Enabled>
          <Value>0x4000</Value>
        </ValueMapItem>
        <ValueMapItem>
          <Key />
          <Description />
          <Enabled>-1</Enabled>
          <Value>0x8000</Value>
        </ValueMapItem>
        <ValueMapItem>
          <Key />
          <Description />
          <Enabled>-1</Enabled>
          <Value>0x10000</Value>
        </ValueMapItem>
        <ValueMapItem>
          <Key />
          <Description />
          <Enabled>-1</Enabled>
          <Value>0x20000</Value>
        </ValueMapItem>
        <ValueMapItem>
          <Key />
          <Description />
          <Enabled>-1</Enabled>
          <Value>0x40000</Value>
        </ValueMapItem>
        <ValueMapItem>
          <Key />
          <Description />
          <Enabled>-1</Enabled>
          <Value>0x80000</Value>
        </ValueMapItem>
        <ValueMapItem>
          <Key />
          <Description />
          <Enabled>-1</Enabled>
          <Value>0x100000</Value>
        </ValueMapItem>
        <ValueMapItem>
          <Key />
          <Description />
          <Enabled>-1</Enabled>
          <Value>0x200000</Value>
        </ValueMapItem>
        <ValueMapItem>
          <Key />
          <Description />
          <Enabled>-1</Enabled>
          <Value>0x400000</Value>
        </ValueMapItem>
        <ValueMapItem>
          <Key />
          <Description />
          <Enabled>-1</Enabled>
          <Value>0x800000</Value>
        </ValueMapItem>
        <ValueMapItem>
          <Key />
          <Description />
          <Enabled>-1</Enabled>
          <Value>0x1000000</Value>
        </ValueMapItem>
        <ValueMapItem>
          <Key />
          <Description />
          <Enabled>-1</Enabled>
          <Value>0x2000000</Value>
        </ValueMapItem>
        <ValueMapItem>
          <Key />
          <Description />
          <Enabled>-1</Enabled>
          <Value>0x4000000</Value>
        </ValueMapItem>
        <ValueMapItem>
          <Key />
          <Description />
          <Enabled>-1</Enabled>
          <Value>0x8000000</Value>
        </ValueMapItem>
        <ValueMapItem>
          <Key />
          <Description />
          <Enabled>-1</Enabled>
          <Value>0x10000000</Value>
        </ValueMapItem>
        <ValueMapItem>
          <Key />
          <Description />
          <Enabled>-1</Enabled>
          <Value>0x20000000</Value>
        </ValueMapItem>
        <ValueMapItem>
          <Key />
          <Description />
          <Enabled>-1</Enabled>
          <Value>0x40000000</Value>
        </ValueMapItem>
        <ValueMapItem>
          <Key />
          <Description />
          <Enabled>-1</Enabled>
          <Value>0x80000000</Value>
        </ValueMapItem>
        <ValueMapItem>
          <Key />
          <Description />
          <Enabled>-1</Enabled>
          <Value>0x100000000</Value>
        </ValueMapItem>
        <ValueMapItem>
          <Key />
          <Description />
          <Enabled>-1</Enabled>
          <Value>0x200000000</Value>
        </ValueMapItem>
        <ValueMapItem>
          <Key />
          <Description />
          <Enabled>-1</Enabled>
          <Value>0x400000000</Value>
        </ValueMapItem>
        <ValueMapItem>
          <Key />
          <Description />
          <Enabled>-1</Enabled>
          <Value>0x800000000</Value>
        </ValueMapItem>
        <ValueMapItem>
          <Key />
          <Description />
          <Enabled>-1</Enabled>
          <Value>0x1000000000</Value>
        </ValueMapItem>
        <ValueMapItem>
          <Key />
          <Description />
          <Enabled>-1</Enabled>
          <Value>0x2000000000</Value>
        </ValueMapItem>
        <ValueMapItem>
          <Key />
          <Description />
          <Enabled>-1</Enabled>
          <Value>0x4000000000</Value>
        </ValueMapItem>
        <ValueMapItem>
          <Key />
          <Description />
          <Enabled>-1</Enabled>
          <Value>0x8000000000</Value>
        </ValueMapItem>
        <ValueMapItem>
          <Key />
          <Description />
          <Enabled>-1</Enabled>
          <Value>0x10000000000</Value>
        </ValueMapItem>
        <ValueMapItem>
          <Key />
          <Description />
          <Enabled>-1</Enabled>
          <Value>0x20000000000</Value>
        </ValueMapItem>
        <ValueMapItem>
          <Key />
          <Description />
          <Enabled>-1</Enabled>
          <Value>0x40000000000</Value>
        </ValueMapItem>
        <ValueMapItem>
          <Key />
          <Description />
          <Enabled>-1</Enabled>
          <Value>0x80000000000</Value>
        </ValueMapItem>
        <ValueMapItem>
          <Key />
          <Description />
          <Enabled>-1</Enabled>
          <Value>0x100000000000</Value>
        </ValueMapItem>
        <ValueMapItem>
          <Key />
          <Description />
          <Enabled>-1</Enabled>
          <Value>0x200000000000</Value>
        </ValueMapItem>
        <ValueMapItem>
          <Key />
          <Description />
          <Enabled>-1</Enabled>
          <Value>0x400000000000</Value>
        </ValueMapItem>
        <ValueMapItem>
          <Key />
          <Description />
          <Enabled>-1</Enabled>
          <Value>0x800000000000</Value>
        </ValueMapItem>
        <ValueMapItem>
          <Key />
          <Description />
          <Enabled>-1</Enabled>
          <Value>0x1000000000000</Value>
        </ValueMapItem>
        <ValueMapItem>
          <Key />
          <Description />
          <Enabled>-1</Enabled>
          <Value>0x2000000000000</Value>
        </ValueMapItem>
        <ValueMapItem>
          <Key />
          <Description />
          <Enabled>-1</Enabled>
          <Value>0x4000000000000</Value>
        </ValueMapItem>
        <ValueMapItem>
          <Key />
          <Description />
          <Enabled>-1</Enabled>
          <Value>0x8000000000000</Value>
        </ValueMapItem>
        <ValueMapItem>
          <Key />
          <Description />
          <Enabled>-1</Enabled>
          <Value>0x10000000000000</Value>
        </ValueMapItem>
        <ValueMapItem>
          <Key />
          <Description />
          <Enabled>-1</Enabled>
          <Value>0x20000000000000</Value>
        </ValueMapItem>
        <ValueMapItem>
          <Key />
          <Description />
          <Enabled>-1</Enabled>
          <Value>0x40000000000000</Value>
        </ValueMapItem>
        <ValueMapItem>
          <Key />
          <Description />
          <Enabled>-1</Enabled>
          <Value>0x80000000000000</Value>
        </ValueMapItem>
        <ValueMapItem>
          <Key />
          <Description />
          <Enabled>-1</Enabled>
          <Value>0x100000000000000</Value>
        </ValueMapItem>
        <ValueMapItem>
          <Key />
          <Description />
          <Enabled>-1</Enabled>
          <Value>0x200000000000000</Value>
        </ValueMapItem>
        <ValueMapItem>
          <Key />
          <Description />
          <Enabled>-1</Enabled>
          <Value>0x400000000000000</Value>
        </ValueMapItem>
        <ValueMapItem>
          <Key />
          <Description />
          <Enabled>-1</Enabled>
          <Value>0x800000000000000</Value>
        </ValueMapItem>
        <ValueMapItem>
          <Key />
          <Description />
          <Enabled>-1</Enabled>
          <Value>0x1000000000000000</Value>
        </ValueMapItem>
        <ValueMapItem>
          <Key />
          <Description />
          <Enabled>-1</Enabled>
          <Value>0x2000000000000000</Value>
        </ValueMapItem>
        <ValueMapItem>
          <Key />
          <Description />
          <Enabled>-1</Enabled>
          <Value>0x4000000000000000</Value>
        </ValueMapItem>
        <ValueMapItem>
          <Key />
          <Description />
          <Enabled>-1</Enabled>
          <Value>0x8000000000000000</Value>
        </ValueMapItem>
      </KeywordsAny>
      <KeywordsAll>
        <Description>Events with all of these keywords are enabled</Description>
        <ValueMapType>2</ValueMapType>
        <Value>0x0</Value>
      </KeywordsAll>
      <Properties>
        <Description>These additional data fields will be collected with each event</Description>
        <ValueMapType>2</ValueMapType>
        <Value>0</Value>
      </Properties>
      <Guid>{1C83B2FC-C04F-11D1-8AFC-00C04FC21914}</Guid>
    </TraceDataProvider>
    <TraceDataProvider>
      <DisplayName>{099614A5-5DD7-4788-8BC9-E29F43DB28FC}</DisplayName>
      <FilterEnabled>0</FilterEnabled>
      <FilterType>0</FilterType>
      <Level>
        <Description>Events up to this level are enabled</Description>
        <ValueMapType>1</ValueMapType>
        <Value>255</Value>
        <ValueMapItem>
          <Key />
          <Description />
          <Enabled>-1</Enabled>
          <Value>255</Value>
        </ValueMapItem>
      </Level>
      <KeywordsAny>
        <Description>Events with any of these keywords are enabled</Description>
        <ValueMapType>2</ValueMapType>
        <Value>0xffffffffffffffff</Value>
        <ValueMapItem>
          <Key />
          <Description />
          <Enabled>-1</Enabled>
          <Value>0x1</Value>
        </ValueMapItem>
        <ValueMapItem>
          <Key />
          <Description />
          <Enabled>-1</Enabled>
          <Value>0x2</Value>
        </ValueMapItem>
        <ValueMapItem>
          <Key />
          <Description />
          <Enabled>-1</Enabled>
          <Value>0x4</Value>
        </ValueMapItem>
        <ValueMapItem>
          <Key />
          <Description />
          <Enabled>-1</Enabled>
          <Value>0x8</Value>
        </ValueMapItem>
        <ValueMapItem>
          <Key />
          <Description />
          <Enabled>-1</Enabled>
          <Value>0x10</Value>
        </ValueMapItem>
        <ValueMapItem>
          <Key />
          <Description />
          <Enabled>-1</Enabled>
          <Value>0x20</Value>
        </ValueMapItem>
        <ValueMapItem>
          <Key />
          <Description />
          <Enabled>-1</Enabled>
          <Value>0x40</Value>
        </ValueMapItem>
        <ValueMapItem>
          <Key />
          <Description />
          <Enabled>-1</Enabled>
          <Value>0x80</Value>
        </ValueMapItem>
        <ValueMapItem>
          <Key />
          <Description />
          <Enabled>-1</Enabled>
          <Value>0x100</Value>
        </ValueMapItem>
        <ValueMapItem>
          <Key />
          <Description />
          <Enabled>-1</Enabled>
          <Value>0x200</Value>
        </ValueMapItem>
        <ValueMapItem>
          <Key />
          <Description />
          <Enabled>-1</Enabled>
          <Value>0x400</Value>
        </ValueMapItem>
        <ValueMapItem>
          <Key />
          <Description />
          <Enabled>-1</Enabled>
          <Value>0x800</Value>
        </ValueMapItem>
        <ValueMapItem>
          <Key />
          <Description />
          <Enabled>-1</Enabled>
          <Value>0x1000</Value>
        </ValueMapItem>
        <ValueMapItem>
          <Key />
          <Description />
          <Enabled>-1</Enabled>
          <Value>0x2000</Value>
        </ValueMapItem>
        <ValueMapItem>
          <Key />
          <Description />
          <Enabled>-1</Enabled>
          <Value>0x4000</Value>
        </ValueMapItem>
        <ValueMapItem>
          <Key />
          <Description />
          <Enabled>-1</Enabled>
          <Value>0x8000</Value>
        </ValueMapItem>
        <ValueMapItem>
          <Key />
          <Description />
          <Enabled>-1</Enabled>
          <Value>0x10000</Value>
        </ValueMapItem>
        <ValueMapItem>
          <Key />
          <Description />
          <Enabled>-1</Enabled>
          <Value>0x20000</Value>
        </ValueMapItem>
        <ValueMapItem>
          <Key />
          <Description />
          <Enabled>-1</Enabled>
          <Value>0x40000</Value>
        </ValueMapItem>
        <ValueMapItem>
          <Key />
          <Description />
          <Enabled>-1</Enabled>
          <Value>0x80000</Value>
        </ValueMapItem>
        <ValueMapItem>
          <Key />
          <Description />
          <Enabled>-1</Enabled>
          <Value>0x100000</Value>
        </ValueMapItem>
        <ValueMapItem>
          <Key />
          <Description />
          <Enabled>-1</Enabled>
          <Value>0x200000</Value>
        </ValueMapItem>
        <ValueMapItem>
          <Key />
          <Description />
          <Enabled>-1</Enabled>
          <Value>0x400000</Value>
        </ValueMapItem>
        <ValueMapItem>
          <Key />
          <Description />
          <Enabled>-1</Enabled>
          <Value>0x800000</Value>
        </ValueMapItem>
        <ValueMapItem>
          <Key />
          <Description />
          <Enabled>-1</Enabled>
          <Value>0x1000000</Value>
        </ValueMapItem>
        <ValueMapItem>
          <Key />
          <Description />
          <Enabled>-1</Enabled>
          <Value>0x2000000</Value>
        </ValueMapItem>
        <ValueMapItem>
          <Key />
          <Description />
          <Enabled>-1</Enabled>
          <Value>0x4000000</Value>
        </ValueMapItem>
        <ValueMapItem>
          <Key />
          <Description />
          <Enabled>-1</Enabled>
          <Value>0x8000000</Value>
        </ValueMapItem>
        <ValueMapItem>
          <Key />
          <Description />
          <Enabled>-1</Enabled>
          <Value>0x10000000</Value>
        </ValueMapItem>
        <ValueMapItem>
          <Key />
          <Description />
          <Enabled>-1</Enabled>
          <Value>0x20000000</Value>
        </ValueMapItem>
        <ValueMapItem>
          <Key />
          <Description />
          <Enabled>-1</Enabled>
          <Value>0x40000000</Value>
        </ValueMapItem>
        <ValueMapItem>
          <Key />
          <Description />
          <Enabled>-1</Enabled>
          <Value>0x80000000</Value>
        </ValueMapItem>
        <ValueMapItem>
          <Key />
          <Description />
          <Enabled>-1</Enabled>
          <Value>0x100000000</Value>
        </ValueMapItem>
        <ValueMapItem>
          <Key />
          <Description />
          <Enabled>-1</Enabled>
          <Value>0x200000000</Value>
        </ValueMapItem>
        <ValueMapItem>
          <Key />
          <Description />
          <Enabled>-1</Enabled>
          <Value>0x400000000</Value>
        </ValueMapItem>
        <ValueMapItem>
          <Key />
          <Description />
          <Enabled>-1</Enabled>
          <Value>0x800000000</Value>
        </ValueMapItem>
        <ValueMapItem>
          <Key />
          <Description />
          <Enabled>-1</Enabled>
          <Value>0x1000000000</Value>
        </ValueMapItem>
        <ValueMapItem>
          <Key />
          <Description />
          <Enabled>-1</Enabled>
          <Value>0x2000000000</Value>
        </ValueMapItem>
        <ValueMapItem>
          <Key />
          <Description />
          <Enabled>-1</Enabled>
          <Value>0x4000000000</Value>
        </ValueMapItem>
        <ValueMapItem>
          <Key />
          <Description />
          <Enabled>-1</Enabled>
          <Value>0x8000000000</Value>
        </ValueMapItem>
        <ValueMapItem>
          <Key />
          <Description />
          <Enabled>-1</Enabled>
          <Value>0x10000000000</Value>
        </ValueMapItem>
        <ValueMapItem>
          <Key />
          <Description />
          <Enabled>-1</Enabled>
          <Value>0x20000000000</Value>
        </ValueMapItem>
        <ValueMapItem>
          <Key />
          <Description />
          <Enabled>-1</Enabled>
          <Value>0x40000000000</Value>
        </ValueMapItem>
        <ValueMapItem>
          <Key />
          <Description />
          <Enabled>-1</Enabled>
          <Value>0x80000000000</Value>
        </ValueMapItem>
        <ValueMapItem>
          <Key />
          <Description />
          <Enabled>-1</Enabled>
          <Value>0x100000000000</Value>
        </ValueMapItem>
        <ValueMapItem>
          <Key />
          <Description />
          <Enabled>-1</Enabled>
          <Value>0x200000000000</Value>
        </ValueMapItem>
        <ValueMapItem>
          <Key />
          <Description />
          <Enabled>-1</Enabled>
          <Value>0x400000000000</Value>
        </ValueMapItem>
        <ValueMapItem>
          <Key />
          <Description />
          <Enabled>-1</Enabled>
          <Value>0x800000000000</Value>
        </ValueMapItem>
        <ValueMapItem>
          <Key />
          <Description />
          <Enabled>-1</Enabled>
          <Value>0x1000000000000</Value>
        </ValueMapItem>
        <ValueMapItem>
          <Key />
          <Description />
          <Enabled>-1</Enabled>
          <Value>0x2000000000000</Value>
        </ValueMapItem>
        <ValueMapItem>
          <Key />
          <Description />
          <Enabled>-1</Enabled>
          <Value>0x4000000000000</Value>
        </ValueMapItem>
        <ValueMapItem>
          <Key />
          <Description />
          <Enabled>-1</Enabled>
          <Value>0x8000000000000</Value>
        </ValueMapItem>
        <ValueMapItem>
          <Key />
          <Description />
          <Enabled>-1</Enabled>
          <Value>0x10000000000000</Value>
        </ValueMapItem>
        <ValueMapItem>
          <Key />
          <Description />
          <Enabled>-1</Enabled>
          <Value>0x20000000000000</Value>
        </ValueMapItem>
        <ValueMapItem>
          <Key />
          <Description />
          <Enabled>-1</Enabled>
          <Value>0x40000000000000</Value>
        </ValueMapItem>
        <ValueMapItem>
          <Key />
          <Description />
          <Enabled>-1</Enabled>
          <Value>0x80000000000000</Value>
        </ValueMapItem>
        <ValueMapItem>
          <Key />
          <Description />
          <Enabled>-1</Enabled>
          <Value>0x100000000000000</Value>
        </ValueMapItem>
        <ValueMapItem>
          <Key />
          <Description />
          <Enabled>-1</Enabled>
          <Value>0x200000000000000</Value>
        </ValueMapItem>
        <ValueMapItem>
          <Key />
          <Description />
          <Enabled>-1</Enabled>
          <Value>0x400000000000000</Value>
        </ValueMapItem>
        <ValueMapItem>
          <Key />
          <Description />
          <Enabled>-1</Enabled>
          <Value>0x800000000000000</Value>
        </ValueMapItem>
        <ValueMapItem>
          <Key />
          <Description />
          <Enabled>-1</Enabled>
          <Value>0x1000000000000000</Value>
        </ValueMapItem>
        <ValueMapItem>
          <Key />
          <Description />
          <Enabled>-1</Enabled>
          <Value>0x2000000000000000</Value>
        </ValueMapItem>
        <ValueMapItem>
          <Key />
          <Description />
          <Enabled>-1</Enabled>
          <Value>0x4000000000000000</Value>
        </ValueMapItem>
        <ValueMapItem>
          <Key />
          <Description />
          <Enabled>-1</Enabled>
          <Value>0x8000000000000000</Value>
        </ValueMapItem>
      </KeywordsAny>
      <KeywordsAll>
        <Description>Events with all of these keywords are enabled</Description>
        <ValueMapType>2</ValueMapType>
        <Value>0x0</Value>
      </KeywordsAll>
      <Properties>
        <Description>These additional data fields will be collected with each event</Description>
        <ValueMapType>2</ValueMapType>
        <Value>0</Value>
      </Properties>
      <Guid>{099614A5-5DD7-4788-8BC9-E29F43DB28FC}</Guid>
    </TraceDataProvider>
    <TraceDataProvider>
      <DisplayName>{BBA3ADD2-C229-4CDB-AE2B-57EB6966B0C4}</DisplayName>
      <FilterEnabled>0</FilterEnabled>
      <FilterType>0</FilterType>
      <Level>
        <Description>Events up to this level are enabled</Description>
        <ValueMapType>1</ValueMapType>
        <Value>255</Value>
        <ValueMapItem>
          <Key />
          <Description />
          <Enabled>-1</Enabled>
          <Value>255</Value>
        </ValueMapItem>
      </Level>
      <KeywordsAny>
        <Description>Events with any of these keywords are enabled</Description>
        <ValueMapType>2</ValueMapType>
        <Value>0xffffffffffffffff</Value>
        <ValueMapItem>
          <Key />
          <Description />
          <Enabled>-1</Enabled>
          <Value>0x1</Value>
        </ValueMapItem>
        <ValueMapItem>
          <Key />
          <Description />
          <Enabled>-1</Enabled>
          <Value>0x2</Value>
        </ValueMapItem>
        <ValueMapItem>
          <Key />
          <Description />
          <Enabled>-1</Enabled>
          <Value>0x4</Value>
        </ValueMapItem>
        <ValueMapItem>
          <Key />
          <Description />
          <Enabled>-1</Enabled>
          <Value>0x8</Value>
        </ValueMapItem>
        <ValueMapItem>
          <Key />
          <Description />
          <Enabled>-1</Enabled>
          <Value>0x10</Value>
        </ValueMapItem>
        <ValueMapItem>
          <Key />
          <Description />
          <Enabled>-1</Enabled>
          <Value>0x20</Value>
        </ValueMapItem>
        <ValueMapItem>
          <Key />
          <Description />
          <Enabled>-1</Enabled>
          <Value>0x40</Value>
        </ValueMapItem>
        <ValueMapItem>
          <Key />
          <Description />
          <Enabled>-1</Enabled>
          <Value>0x80</Value>
        </ValueMapItem>
        <ValueMapItem>
          <Key />
          <Description />
          <Enabled>-1</Enabled>
          <Value>0x100</Value>
        </ValueMapItem>
        <ValueMapItem>
          <Key />
          <Description />
          <Enabled>-1</Enabled>
          <Value>0x200</Value>
        </ValueMapItem>
        <ValueMapItem>
          <Key />
          <Description />
          <Enabled>-1</Enabled>
          <Value>0x400</Value>
        </ValueMapItem>
        <ValueMapItem>
          <Key />
          <Description />
          <Enabled>-1</Enabled>
          <Value>0x800</Value>
        </ValueMapItem>
        <ValueMapItem>
          <Key />
          <Description />
          <Enabled>-1</Enabled>
          <Value>0x1000</Value>
        </ValueMapItem>
        <ValueMapItem>
          <Key />
          <Description />
          <Enabled>-1</Enabled>
          <Value>0x2000</Value>
        </ValueMapItem>
        <ValueMapItem>
          <Key />
          <Description />
          <Enabled>-1</Enabled>
          <Value>0x4000</Value>
        </ValueMapItem>
        <ValueMapItem>
          <Key />
          <Description />
          <Enabled>-1</Enabled>
          <Value>0x8000</Value>
        </ValueMapItem>
        <ValueMapItem>
          <Key />
          <Description />
          <Enabled>-1</Enabled>
          <Value>0x10000</Value>
        </ValueMapItem>
        <ValueMapItem>
          <Key />
          <Description />
          <Enabled>-1</Enabled>
          <Value>0x20000</Value>
        </ValueMapItem>
        <ValueMapItem>
          <Key />
          <Description />
          <Enabled>-1</Enabled>
          <Value>0x40000</Value>
        </ValueMapItem>
        <ValueMapItem>
          <Key />
          <Description />
          <Enabled>-1</Enabled>
          <Value>0x80000</Value>
        </ValueMapItem>
        <ValueMapItem>
          <Key />
          <Description />
          <Enabled>-1</Enabled>
          <Value>0x100000</Value>
        </ValueMapItem>
        <ValueMapItem>
          <Key />
          <Description />
          <Enabled>-1</Enabled>
          <Value>0x200000</Value>
        </ValueMapItem>
        <ValueMapItem>
          <Key />
          <Description />
          <Enabled>-1</Enabled>
          <Value>0x400000</Value>
        </ValueMapItem>
        <ValueMapItem>
          <Key />
          <Description />
          <Enabled>-1</Enabled>
          <Value>0x800000</Value>
        </ValueMapItem>
        <ValueMapItem>
          <Key />
          <Description />
          <Enabled>-1</Enabled>
          <Value>0x1000000</Value>
        </ValueMapItem>
        <ValueMapItem>
          <Key />
          <Description />
          <Enabled>-1</Enabled>
          <Value>0x2000000</Value>
        </ValueMapItem>
        <ValueMapItem>
          <Key />
          <Description />
          <Enabled>-1</Enabled>
          <Value>0x4000000</Value>
        </ValueMapItem>
        <ValueMapItem>
          <Key />
          <Description />
          <Enabled>-1</Enabled>
          <Value>0x8000000</Value>
        </ValueMapItem>
        <ValueMapItem>
          <Key />
          <Description />
          <Enabled>-1</Enabled>
          <Value>0x10000000</Value>
        </ValueMapItem>
        <ValueMapItem>
          <Key />
          <Description />
          <Enabled>-1</Enabled>
          <Value>0x20000000</Value>
        </ValueMapItem>
        <ValueMapItem>
          <Key />
          <Description />
          <Enabled>-1</Enabled>
          <Value>0x40000000</Value>
        </ValueMapItem>
        <ValueMapItem>
          <Key />
          <Description />
          <Enabled>-1</Enabled>
          <Value>0x80000000</Value>
        </ValueMapItem>
        <ValueMapItem>
          <Key />
          <Description />
          <Enabled>-1</Enabled>
          <Value>0x100000000</Value>
        </ValueMapItem>
        <ValueMapItem>
          <Key />
          <Description />
          <Enabled>-1</Enabled>
          <Value>0x200000000</Value>
        </ValueMapItem>
        <ValueMapItem>
          <Key />
          <Description />
          <Enabled>-1</Enabled>
          <Value>0x400000000</Value>
        </ValueMapItem>
        <ValueMapItem>
          <Key />
          <Description />
          <Enabled>-1</Enabled>
          <Value>0x800000000</Value>
        </ValueMapItem>
        <ValueMapItem>
          <Key />
          <Description />
          <Enabled>-1</Enabled>
          <Value>0x1000000000</Value>
        </ValueMapItem>
        <ValueMapItem>
          <Key />
          <Description />
          <Enabled>-1</Enabled>
          <Value>0x2000000000</Value>
        </ValueMapItem>
        <ValueMapItem>
          <Key />
          <Description />
          <Enabled>-1</Enabled>
          <Value>0x4000000000</Value>
        </ValueMapItem>
        <ValueMapItem>
          <Key />
          <Description />
          <Enabled>-1</Enabled>
          <Value>0x8000000000</Value>
        </ValueMapItem>
        <ValueMapItem>
          <Key />
          <Description />
          <Enabled>-1</Enabled>
          <Value>0x10000000000</Value>
        </ValueMapItem>
        <ValueMapItem>
          <Key />
          <Description />
          <Enabled>-1</Enabled>
          <Value>0x20000000000</Value>
        </ValueMapItem>
        <ValueMapItem>
          <Key />
          <Description />
          <Enabled>-1</Enabled>
          <Value>0x40000000000</Value>
        </ValueMapItem>
        <ValueMapItem>
          <Key />
          <Description />
          <Enabled>-1</Enabled>
          <Value>0x80000000000</Value>
        </ValueMapItem>
        <ValueMapItem>
          <Key />
          <Description />
          <Enabled>-1</Enabled>
          <Value>0x100000000000</Value>
        </ValueMapItem>
        <ValueMapItem>
          <Key />
          <Description />
          <Enabled>-1</Enabled>
          <Value>0x200000000000</Value>
        </ValueMapItem>
        <ValueMapItem>
          <Key />
          <Description />
          <Enabled>-1</Enabled>
          <Value>0x400000000000</Value>
        </ValueMapItem>
        <ValueMapItem>
          <Key />
          <Description />
          <Enabled>-1</Enabled>
          <Value>0x800000000000</Value>
        </ValueMapItem>
        <ValueMapItem>
          <Key />
          <Description />
          <Enabled>-1</Enabled>
          <Value>0x1000000000000</Value>
        </ValueMapItem>
        <ValueMapItem>
          <Key />
          <Description />
          <Enabled>-1</Enabled>
          <Value>0x2000000000000</Value>
        </ValueMapItem>
        <ValueMapItem>
          <Key />
          <Description />
          <Enabled>-1</Enabled>
          <Value>0x4000000000000</Value>
        </ValueMapItem>
        <ValueMapItem>
          <Key />
          <Description />
          <Enabled>-1</Enabled>
          <Value>0x8000000000000</Value>
        </ValueMapItem>
        <ValueMapItem>
          <Key />
          <Description />
          <Enabled>-1</Enabled>
          <Value>0x10000000000000</Value>
        </ValueMapItem>
        <ValueMapItem>
          <Key />
          <Description />
          <Enabled>-1</Enabled>
          <Value>0x20000000000000</Value>
        </ValueMapItem>
        <ValueMapItem>
          <Key />
          <Description />
          <Enabled>-1</Enabled>
          <Value>0x40000000000000</Value>
        </ValueMapItem>
        <ValueMapItem>
          <Key />
          <Description />
          <Enabled>-1</Enabled>
          <Value>0x80000000000000</Value>
        </ValueMapItem>
        <ValueMapItem>
          <Key />
          <Description />
          <Enabled>-1</Enabled>
          <Value>0x100000000000000</Value>
        </ValueMapItem>
        <ValueMapItem>
          <Key />
          <Description />
          <Enabled>-1</Enabled>
          <Value>0x200000000000000</Value>
        </ValueMapItem>
        <ValueMapItem>
          <Key />
          <Description />
          <Enabled>-1</Enabled>
          <Value>0x400000000000000</Value>
        </ValueMapItem>
        <ValueMapItem>
          <Key />
          <Description />
          <Enabled>-1</Enabled>
          <Value>0x800000000000000</Value>
        </ValueMapItem>
        <ValueMapItem>
          <Key />
          <Description />
          <Enabled>-1</Enabled>
          <Value>0x1000000000000000</Value>
        </ValueMapItem>
        <ValueMapItem>
          <Key />
          <Description />
          <Enabled>-1</Enabled>
          <Value>0x2000000000000000</Value>
        </ValueMapItem>
        <ValueMapItem>
          <Key />
          <Description />
          <Enabled>-1</Enabled>
          <Value>0x4000000000000000</Value>
        </ValueMapItem>
        <ValueMapItem>
          <Key />
          <Description />
          <Enabled>-1</Enabled>
          <Value>0x8000000000000000</Value>
        </ValueMapItem>
      </KeywordsAny>
      <KeywordsAll>
        <Description>Events with all of these keywords are enabled</Description>
        <ValueMapType>2</ValueMapType>
        <Value>0x0</Value>
      </KeywordsAll>
      <Properties>
        <Description>These additional data fields will be collected with each event</Description>
        <ValueMapType>2</ValueMapType>
        <Value>0</Value>
      </Properties>
      <Guid>{BBA3ADD2-C229-4CDB-AE2B-57EB6966B0C4}</Guid>
    </TraceDataProvider>
  </TraceDataCollector>
</DataCollectorSet>