﻿<?xml version="1.0" encoding="utf-8"?>
<DataCollectorSet>
  <Status>1</Status>
  <Duration>0</Duration>
  <Description />
  <DescriptionUnresolved />
  <DisplayName />
  <DisplayNameUnresolved />
  <SchedulesEnabled>-1</SchedulesEnabled>
  <LatestOutputLocation />
  <Name>net_winhttp</Name>
  <OutputLocation>c:\</OutputLocation>
  <RootPath>c:</RootPath>
  <Segment>0</Segment>
  <SegmentMaxDuration>0</SegmentMaxDuration>
  <SegmentMaxSize>4096</SegmentMaxSize>
  <SerialNumber>1</SerialNumber>
  <Server />
  <Subdirectory />
  <SubdirectoryFormat>0</SubdirectoryFormat>
  <SubdirectoryFormatPattern />
  <Task />
  <TaskArguments />
  <TaskUserTextArguments />
  <UserAccount />
  <Security>O:BAG:BAD:(A;;0x800;;;WD)(A;;0x120fff;;;SY)(A;;0x120fff;;;LS)(A;;0x120fff;;;NS)(A;;0x120fff;;;BA)(A;;0xee5;;;LU)(A;;LC;;;MU)</Security>
  <TraceDataCollector>
    <DataCollectorType>1</DataCollectorType>
    <Name>net_winhttp</Name>
    <FileName>net_winhttp</FileName>
    <FileNameFormat>0</FileNameFormat>
    <FileNameFormatPattern />
    <LogAppend>0</LogAppend>
    <LogCircular>-1</LogCircular>
    <LogOverwrite>0</LogOverwrite>
    <LatestOutputLocation></LatestOutputLocation>
    <Guid>{88DE7094-DCB5-4213-BEDE-1B9780066A99}</Guid>
    <BufferSize>1024</BufferSize>
    <BuffersLost>0</BuffersLost>
    <BuffersWritten>1</BuffersWritten>
    <ClockType>1</ClockType>
    <EventsLost>0</EventsLost>
    <ExtendedModes>0</ExtendedModes>
    <FlushTimer>0</FlushTimer>
    <FreeBuffers>16</FreeBuffers>
    <MaximumBuffers>16</MaximumBuffers>
    <MinimumBuffers>16</MinimumBuffers>
    <NumberOfBuffers>16</NumberOfBuffers>
    <PreallocateFile>0</PreallocateFile>
    <ProcessMode>0</ProcessMode>
    <RealTimeBuffersLost>0</RealTimeBuffersLost>
    <SessionName>net_winhttp</SessionName>
    <SessionThreadId>3816</SessionThreadId>
    <StreamMode>1</StreamMode>
    <TraceDataProvider>
      <DisplayName>{F61CEFC0-AA2E-11DA-A746-0800200C9A66}</DisplayName>
      <FilterEnabled>0</FilterEnabled>
      <FilterType>0</FilterType>
      <Level>
        <Description>Events up to this level are enabled</Description>
        <ValueMapType>1</ValueMapType>
        <Value>255</Value>
        <ValueMapItem>
          <Key />
          <Description />
          <Enabled>-1</Enabled>
          <Value>255</Value>
        </ValueMapItem>
      </Level>
      <KeywordsAny>
        <Description>Events with any of these keywords are enabled</Description>
        <ValueMapType>2</ValueMapType>
        <Value>0xffffffffffffffff</Value>
        <ValueMapItem>
          <Key />
          <Description />
          <Enabled>-1</Enabled>
          <Value>0x1</Value>
        </ValueMapItem>
        <ValueMapItem>
          <Key />
          <Description />
          <Enabled>-1</Enabled>
          <Value>0x2</Value>
        </ValueMapItem>
        <ValueMapItem>
          <Key />
          <Description />
          <Enabled>-1</Enabled>
          <Value>0x4</Value>
        </ValueMapItem>
        <ValueMapItem>
          <Key />
          <Description />
          <Enabled>-1</Enabled>
          <Value>0x8</Value>
        </ValueMapItem>
        <ValueMapItem>
          <Key />
          <Description />
          <Enabled>-1</Enabled>
          <Value>0x10</Value>
        </ValueMapItem>
        <ValueMapItem>
          <Key />
          <Description />
          <Enabled>-1</Enabled>
          <Value>0x20</Value>
        </ValueMapItem>
        <ValueMapItem>
          <Key />
          <Description />
          <Enabled>-1</Enabled>
          <Value>0x40</Value>
        </ValueMapItem>
        <ValueMapItem>
          <Key />
          <Description />
          <Enabled>-1</Enabled>
          <Value>0x80</Value>
        </ValueMapItem>
        <ValueMapItem>
          <Key />
          <Description />
          <Enabled>-1</Enabled>
          <Value>0x100</Value>
        </ValueMapItem>
        <ValueMapItem>
          <Key />
          <Description />
          <Enabled>-1</Enabled>
          <Value>0x200</Value>
        </ValueMapItem>
        <ValueMapItem>
          <Key />
          <Description />
          <Enabled>-1</Enabled>
          <Value>0x400</Value>
        </ValueMapItem>
        <ValueMapItem>
          <Key />
          <Description />
          <Enabled>-1</Enabled>
          <Value>0x800</Value>
        </ValueMapItem>
        <ValueMapItem>
          <Key />
          <Description />
          <Enabled>-1</Enabled>
          <Value>0x1000</Value>
        </ValueMapItem>
        <ValueMapItem>
          <Key />
          <Description />
          <Enabled>-1</Enabled>
          <Value>0x2000</Value>
        </ValueMapItem>
        <ValueMapItem>
          <Key />
          <Description />
          <Enabled>-1</Enabled>
          <Value>0x4000</Value>
        </ValueMapItem>
        <ValueMapItem>
          <Key />
          <Description />
          <Enabled>-1</Enabled>
          <Value>0x8000</Value>
        </ValueMapItem>
        <ValueMapItem>
          <Key />
          <Description />
          <Enabled>-1</Enabled>
          <Value>0x10000</Value>
        </ValueMapItem>
        <ValueMapItem>
          <Key />
          <Description />
          <Enabled>-1</Enabled>
          <Value>0x20000</Value>
        </ValueMapItem>
        <ValueMapItem>
          <Key />
          <Description />
          <Enabled>-1</Enabled>
          <Value>0x40000</Value>
        </ValueMapItem>
        <ValueMapItem>
          <Key />
          <Description />
          <Enabled>-1</Enabled>
          <Value>0x80000</Value>
        </ValueMapItem>
        <ValueMapItem>
          <Key />
          <Description />
          <Enabled>-1</Enabled>
          <Value>0x100000</Value>
        </ValueMapItem>
        <ValueMapItem>
          <Key />
          <Description />
          <Enabled>-1</Enabled>
          <Value>0x200000</Value>
        </ValueMapItem>
        <ValueMapItem>
          <Key />
          <Description />
          <Enabled>-1</Enabled>
          <Value>0x400000</Value>
        </ValueMapItem>
        <ValueMapItem>
          <Key />
          <Description />
          <Enabled>-1</Enabled>
          <Value>0x800000</Value>
        </ValueMapItem>
        <ValueMapItem>
          <Key />
          <Description />
          <Enabled>-1</Enabled>
          <Value>0x1000000</Value>
        </ValueMapItem>
        <ValueMapItem>
          <Key />
          <Description />
          <Enabled>-1</Enabled>
          <Value>0x2000000</Value>
        </ValueMapItem>
        <ValueMapItem>
          <Key />
          <Description />
          <Enabled>-1</Enabled>
          <Value>0x4000000</Value>
        </ValueMapItem>
        <ValueMapItem>
          <Key />
          <Description />
          <Enabled>-1</Enabled>
          <Value>0x8000000</Value>
        </ValueMapItem>
        <ValueMapItem>
          <Key />
          <Description />
          <Enabled>-1</Enabled>
          <Value>0x10000000</Value>
        </ValueMapItem>
        <ValueMapItem>
          <Key />
          <Description />
          <Enabled>-1</Enabled>
          <Value>0x20000000</Value>
        </ValueMapItem>
        <ValueMapItem>
          <Key />
          <Description />
          <Enabled>-1</Enabled>
          <Value>0x40000000</Value>
        </ValueMapItem>
        <ValueMapItem>
          <Key />
          <Description />
          <Enabled>-1</Enabled>
          <Value>0x80000000</Value>
        </ValueMapItem>
        <ValueMapItem>
          <Key />
          <Description />
          <Enabled>-1</Enabled>
          <Value>0x100000000</Value>
        </ValueMapItem>
        <ValueMapItem>
          <Key />
          <Description />
          <Enabled>-1</Enabled>
          <Value>0x200000000</Value>
        </ValueMapItem>
        <ValueMapItem>
          <Key />
          <Description />
          <Enabled>-1</Enabled>
          <Value>0x400000000</Value>
        </ValueMapItem>
        <ValueMapItem>
          <Key />
          <Description />
          <Enabled>-1</Enabled>
          <Value>0x800000000</Value>
        </ValueMapItem>
        <ValueMapItem>
          <Key />
          <Description />
          <Enabled>-1</Enabled>
          <Value>0x1000000000</Value>
        </ValueMapItem>
        <ValueMapItem>
          <Key />
          <Description />
          <Enabled>-1</Enabled>
          <Value>0x2000000000</Value>
        </ValueMapItem>
        <ValueMapItem>
          <Key />
          <Description />
          <Enabled>-1</Enabled>
          <Value>0x4000000000</Value>
        </ValueMapItem>
        <ValueMapItem>
          <Key />
          <Description />
          <Enabled>-1</Enabled>
          <Value>0x8000000000</Value>
        </ValueMapItem>
        <ValueMapItem>
          <Key />
          <Description />
          <Enabled>-1</Enabled>
          <Value>0x10000000000</Value>
        </ValueMapItem>
        <ValueMapItem>
          <Key />
          <Description />
          <Enabled>-1</Enabled>
          <Value>0x20000000000</Value>
        </ValueMapItem>
        <ValueMapItem>
          <Key />
          <Description />
          <Enabled>-1</Enabled>
          <Value>0x40000000000</Value>
        </ValueMapItem>
        <ValueMapItem>
          <Key />
          <Description />
          <Enabled>-1</Enabled>
          <Value>0x80000000000</Value>
        </ValueMapItem>
        <ValueMapItem>
          <Key />
          <Description />
          <Enabled>-1</Enabled>
          <Value>0x100000000000</Value>
        </ValueMapItem>
        <ValueMapItem>
          <Key />
          <Description />
          <Enabled>-1</Enabled>
          <Value>0x200000000000</Value>
        </ValueMapItem>
        <ValueMapItem>
          <Key />
          <Description />
          <Enabled>-1</Enabled>
          <Value>0x400000000000</Value>
        </ValueMapItem>
        <ValueMapItem>
          <Key />
          <Description />
          <Enabled>-1</Enabled>
          <Value>0x800000000000</Value>
        </ValueMapItem>
        <ValueMapItem>
          <Key />
          <Description />
          <Enabled>-1</Enabled>
          <Value>0x1000000000000</Value>
        </ValueMapItem>
        <ValueMapItem>
          <Key />
          <Description />
          <Enabled>-1</Enabled>
          <Value>0x2000000000000</Value>
        </ValueMapItem>
        <ValueMapItem>
          <Key />
          <Description />
          <Enabled>-1</Enabled>
          <Value>0x4000000000000</Value>
        </ValueMapItem>
        <ValueMapItem>
          <Key />
          <Description />
          <Enabled>-1</Enabled>
          <Value>0x8000000000000</Value>
        </ValueMapItem>
        <ValueMapItem>
          <Key />
          <Description />
          <Enabled>-1</Enabled>
          <Value>0x10000000000000</Value>
        </ValueMapItem>
        <ValueMapItem>
          <Key />
          <Description />
          <Enabled>-1</Enabled>
          <Value>0x20000000000000</Value>
        </ValueMapItem>
        <ValueMapItem>
          <Key />
          <Description />
          <Enabled>-1</Enabled>
          <Value>0x40000000000000</Value>
        </ValueMapItem>
        <ValueMapItem>
          <Key />
          <Description />
          <Enabled>-1</Enabled>
          <Value>0x80000000000000</Value>
        </ValueMapItem>
        <ValueMapItem>
          <Key />
          <Description />
          <Enabled>-1</Enabled>
          <Value>0x100000000000000</Value>
        </ValueMapItem>
        <ValueMapItem>
          <Key />
          <Description />
          <Enabled>-1</Enabled>
          <Value>0x200000000000000</Value>
        </ValueMapItem>
        <ValueMapItem>
          <Key />
          <Description />
          <Enabled>-1</Enabled>
          <Value>0x400000000000000</Value>
        </ValueMapItem>
        <ValueMapItem>
          <Key />
          <Description />
          <Enabled>-1</Enabled>
          <Value>0x800000000000000</Value>
        </ValueMapItem>
        <ValueMapItem>
          <Key />
          <Description />
          <Enabled>-1</Enabled>
          <Value>0x1000000000000000</Value>
        </ValueMapItem>
        <ValueMapItem>
          <Key />
          <Description />
          <Enabled>-1</Enabled>
          <Value>0x2000000000000000</Value>
        </ValueMapItem>
        <ValueMapItem>
          <Key />
          <Description />
          <Enabled>-1</Enabled>
          <Value>0x4000000000000000</Value>
        </ValueMapItem>
        <ValueMapItem>
          <Key />
          <Description />
          <Enabled>-1</Enabled>
          <Value>0x8000000000000000</Value>
        </ValueMapItem>
      </KeywordsAny>
      <KeywordsAll>
        <Description>Events with all of these keywords are enabled</Description>
        <ValueMapType>2</ValueMapType>
        <Value>0x0</Value>
      </KeywordsAll>
      <Properties>
        <Description>These additional data fields will be collected with each event</Description>
        <ValueMapType>2</ValueMapType>
        <Value>0</Value>
      </Properties>
      <Guid>{F61CEFC0-AA2E-11DA-A746-0800200C9A66}</Guid>
    </TraceDataProvider>
    <TraceDataProvider>
      <DisplayName>{B3A7698A-0C45-44DA-B73D-E181C9B5C8E6}</DisplayName>
      <FilterEnabled>0</FilterEnabled>
      <FilterType>0</FilterType>
      <Level>
        <Description>Events up to this level are enabled</Description>
        <ValueMapType>1</ValueMapType>
        <Value>255</Value>
        <ValueMapItem>
          <Key />
          <Description />
          <Enabled>-1</Enabled>
          <Value>255</Value>
        </ValueMapItem>
      </Level>
      <KeywordsAny>
        <Description>Events with any of these keywords are enabled</Description>
        <ValueMapType>2</ValueMapType>
        <Value>0xffffffffffffffff</Value>
        <ValueMapItem>
          <Key />
          <Description />
          <Enabled>-1</Enabled>
          <Value>0x1</Value>
        </ValueMapItem>
        <ValueMapItem>
          <Key />
          <Description />
          <Enabled>-1</Enabled>
          <Value>0x2</Value>
        </ValueMapItem>
        <ValueMapItem>
          <Key />
          <Description />
          <Enabled>-1</Enabled>
          <Value>0x4</Value>
        </ValueMapItem>
        <ValueMapItem>
          <Key />
          <Description />
          <Enabled>-1</Enabled>
          <Value>0x8</Value>
        </ValueMapItem>
        <ValueMapItem>
          <Key />
          <Description />
          <Enabled>-1</Enabled>
          <Value>0x10</Value>
        </ValueMapItem>
        <ValueMapItem>
          <Key />
          <Description />
          <Enabled>-1</Enabled>
          <Value>0x20</Value>
        </ValueMapItem>
        <ValueMapItem>
          <Key />
          <Description />
          <Enabled>-1</Enabled>
          <Value>0x40</Value>
        </ValueMapItem>
        <ValueMapItem>
          <Key />
          <Description />
          <Enabled>-1</Enabled>
          <Value>0x80</Value>
        </ValueMapItem>
        <ValueMapItem>
          <Key />
          <Description />
          <Enabled>-1</Enabled>
          <Value>0x100</Value>
        </ValueMapItem>
        <ValueMapItem>
          <Key />
          <Description />
          <Enabled>-1</Enabled>
          <Value>0x200</Value>
        </ValueMapItem>
        <ValueMapItem>
          <Key />
          <Description />
          <Enabled>-1</Enabled>
          <Value>0x400</Value>
        </ValueMapItem>
        <ValueMapItem>
          <Key />
          <Description />
          <Enabled>-1</Enabled>
          <Value>0x800</Value>
        </ValueMapItem>
        <ValueMapItem>
          <Key />
          <Description />
          <Enabled>-1</Enabled>
          <Value>0x1000</Value>
        </ValueMapItem>
        <ValueMapItem>
          <Key />
          <Description />
          <Enabled>-1</Enabled>
          <Value>0x2000</Value>
        </ValueMapItem>
        <ValueMapItem>
          <Key />
          <Description />
          <Enabled>-1</Enabled>
          <Value>0x4000</Value>
        </ValueMapItem>
        <ValueMapItem>
          <Key />
          <Description />
          <Enabled>-1</Enabled>
          <Value>0x8000</Value>
        </ValueMapItem>
        <ValueMapItem>
          <Key />
          <Description />
          <Enabled>-1</Enabled>
          <Value>0x10000</Value>
        </ValueMapItem>
        <ValueMapItem>
          <Key />
          <Description />
          <Enabled>-1</Enabled>
          <Value>0x20000</Value>
        </ValueMapItem>
        <ValueMapItem>
          <Key />
          <Description />
          <Enabled>-1</Enabled>
          <Value>0x40000</Value>
        </ValueMapItem>
        <ValueMapItem>
          <Key />
          <Description />
          <Enabled>-1</Enabled>
          <Value>0x80000</Value>
        </ValueMapItem>
        <ValueMapItem>
          <Key />
          <Description />
          <Enabled>-1</Enabled>
          <Value>0x100000</Value>
        </ValueMapItem>
        <ValueMapItem>
          <Key />
          <Description />
          <Enabled>-1</Enabled>
          <Value>0x200000</Value>
        </ValueMapItem>
        <ValueMapItem>
          <Key />
          <Description />
          <Enabled>-1</Enabled>
          <Value>0x400000</Value>
        </ValueMapItem>
        <ValueMapItem>
          <Key />
          <Description />
          <Enabled>-1</Enabled>
          <Value>0x800000</Value>
        </ValueMapItem>
        <ValueMapItem>
          <Key />
          <Description />
          <Enabled>-1</Enabled>
          <Value>0x1000000</Value>
        </ValueMapItem>
        <ValueMapItem>
          <Key />
          <Description />
          <Enabled>-1</Enabled>
          <Value>0x2000000</Value>
        </ValueMapItem>
        <ValueMapItem>
          <Key />
          <Description />
          <Enabled>-1</Enabled>
          <Value>0x4000000</Value>
        </ValueMapItem>
        <ValueMapItem>
          <Key />
          <Description />
          <Enabled>-1</Enabled>
          <Value>0x8000000</Value>
        </ValueMapItem>
        <ValueMapItem>
          <Key />
          <Description />
          <Enabled>-1</Enabled>
          <Value>0x10000000</Value>
        </ValueMapItem>
        <ValueMapItem>
          <Key />
          <Description />
          <Enabled>-1</Enabled>
          <Value>0x20000000</Value>
        </ValueMapItem>
        <ValueMapItem>
          <Key />
          <Description />
          <Enabled>-1</Enabled>
          <Value>0x40000000</Value>
        </ValueMapItem>
        <ValueMapItem>
          <Key />
          <Description />
          <Enabled>-1</Enabled>
          <Value>0x80000000</Value>
        </ValueMapItem>
        <ValueMapItem>
          <Key />
          <Description />
          <Enabled>-1</Enabled>
          <Value>0x100000000</Value>
        </ValueMapItem>
        <ValueMapItem>
          <Key />
          <Description />
          <Enabled>-1</Enabled>
          <Value>0x200000000</Value>
        </ValueMapItem>
        <ValueMapItem>
          <Key />
          <Description />
          <Enabled>-1</Enabled>
          <Value>0x400000000</Value>
        </ValueMapItem>
        <ValueMapItem>
          <Key />
          <Description />
          <Enabled>-1</Enabled>
          <Value>0x800000000</Value>
        </ValueMapItem>
        <ValueMapItem>
          <Key />
          <Description />
          <Enabled>-1</Enabled>
          <Value>0x1000000000</Value>
        </ValueMapItem>
        <ValueMapItem>
          <Key />
          <Description />
          <Enabled>-1</Enabled>
          <Value>0x2000000000</Value>
        </ValueMapItem>
        <ValueMapItem>
          <Key />
          <Description />
          <Enabled>-1</Enabled>
          <Value>0x4000000000</Value>
        </ValueMapItem>
        <ValueMapItem>
          <Key />
          <Description />
          <Enabled>-1</Enabled>
          <Value>0x8000000000</Value>
        </ValueMapItem>
        <ValueMapItem>
          <Key />
          <Description />
          <Enabled>-1</Enabled>
          <Value>0x10000000000</Value>
        </ValueMapItem>
        <ValueMapItem>
          <Key />
          <Description />
          <Enabled>-1</Enabled>
          <Value>0x20000000000</Value>
        </ValueMapItem>
        <ValueMapItem>
          <Key />
          <Description />
          <Enabled>-1</Enabled>
          <Value>0x40000000000</Value>
        </ValueMapItem>
        <ValueMapItem>
          <Key />
          <Description />
          <Enabled>-1</Enabled>
          <Value>0x80000000000</Value>
        </ValueMapItem>
        <ValueMapItem>
          <Key />
          <Description />
          <Enabled>-1</Enabled>
          <Value>0x100000000000</Value>
        </ValueMapItem>
        <ValueMapItem>
          <Key />
          <Description />
          <Enabled>-1</Enabled>
          <Value>0x200000000000</Value>
        </ValueMapItem>
        <ValueMapItem>
          <Key />
          <Description />
          <Enabled>-1</Enabled>
          <Value>0x400000000000</Value>
        </ValueMapItem>
        <ValueMapItem>
          <Key />
          <Description />
          <Enabled>-1</Enabled>
          <Value>0x800000000000</Value>
        </ValueMapItem>
        <ValueMapItem>
          <Key />
          <Description />
          <Enabled>-1</Enabled>
          <Value>0x1000000000000</Value>
        </ValueMapItem>
        <ValueMapItem>
          <Key />
          <Description />
          <Enabled>-1</Enabled>
          <Value>0x2000000000000</Value>
        </ValueMapItem>
        <ValueMapItem>
          <Key />
          <Description />
          <Enabled>-1</Enabled>
          <Value>0x4000000000000</Value>
        </ValueMapItem>
        <ValueMapItem>
          <Key />
          <Description />
          <Enabled>-1</Enabled>
          <Value>0x8000000000000</Value>
        </ValueMapItem>
        <ValueMapItem>
          <Key />
          <Description />
          <Enabled>-1</Enabled>
          <Value>0x10000000000000</Value>
        </ValueMapItem>
        <ValueMapItem>
          <Key />
          <Description />
          <Enabled>-1</Enabled>
          <Value>0x20000000000000</Value>
        </ValueMapItem>
        <ValueMapItem>
          <Key />
          <Description />
          <Enabled>-1</Enabled>
          <Value>0x40000000000000</Value>
        </ValueMapItem>
        <ValueMapItem>
          <Key />
          <Description />
          <Enabled>-1</Enabled>
          <Value>0x80000000000000</Value>
        </ValueMapItem>
        <ValueMapItem>
          <Key />
          <Description />
          <Enabled>-1</Enabled>
          <Value>0x100000000000000</Value>
        </ValueMapItem>
        <ValueMapItem>
          <Key />
          <Description />
          <Enabled>-1</Enabled>
          <Value>0x200000000000000</Value>
        </ValueMapItem>
        <ValueMapItem>
          <Key />
          <Description />
          <Enabled>-1</Enabled>
          <Value>0x400000000000000</Value>
        </ValueMapItem>
        <ValueMapItem>
          <Key />
          <Description />
          <Enabled>-1</Enabled>
          <Value>0x800000000000000</Value>
        </ValueMapItem>
        <ValueMapItem>
          <Key />
          <Description />
          <Enabled>-1</Enabled>
          <Value>0x1000000000000000</Value>
        </ValueMapItem>
        <ValueMapItem>
          <Key />
          <Description />
          <Enabled>-1</Enabled>
          <Value>0x2000000000000000</Value>
        </ValueMapItem>
        <ValueMapItem>
          <Key />
          <Description />
          <Enabled>-1</Enabled>
          <Value>0x4000000000000000</Value>
        </ValueMapItem>
        <ValueMapItem>
          <Key />
          <Description />
          <Enabled>-1</Enabled>
          <Value>0x8000000000000000</Value>
        </ValueMapItem>
      </KeywordsAny>
      <KeywordsAll>
        <Description>Events with all of these keywords are enabled</Description>
        <ValueMapType>2</ValueMapType>
        <Value>0x0</Value>
      </KeywordsAll>
      <Properties>
        <Description>These additional data fields will be collected with each event</Description>
        <ValueMapType>2</ValueMapType>
        <Value>0</Value>
      </Properties>
      <Guid>{B3A7698A-0C45-44DA-B73D-E181C9B5C8E6}</Guid>
    </TraceDataProvider>
    <TraceDataProvider>
      <DisplayName>{72B18662-744E-4A68-B816-8D562289A850}</DisplayName>
      <FilterEnabled>0</FilterEnabled>
      <FilterType>0</FilterType>
      <Level>
        <Description>Events up to this level are enabled</Description>
        <ValueMapType>1</ValueMapType>
        <Value>255</Value>
        <ValueMapItem>
          <Key />
          <Description />
          <Enabled>-1</Enabled>
          <Value>255</Value>
        </ValueMapItem>
      </Level>
      <KeywordsAny>
        <Description>Events with any of these keywords are enabled</Description>
        <ValueMapType>2</ValueMapType>
        <Value>0xffffffffffffffff</Value>
        <ValueMapItem>
          <Key />
          <Description />
          <Enabled>-1</Enabled>
          <Value>0x1</Value>
        </ValueMapItem>
        <ValueMapItem>
          <Key />
          <Description />
          <Enabled>-1</Enabled>
          <Value>0x2</Value>
        </ValueMapItem>
        <ValueMapItem>
          <Key />
          <Description />
          <Enabled>-1</Enabled>
          <Value>0x4</Value>
        </ValueMapItem>
        <ValueMapItem>
          <Key />
          <Description />
          <Enabled>-1</Enabled>
          <Value>0x8</Value>
        </ValueMapItem>
        <ValueMapItem>
          <Key />
          <Description />
          <Enabled>-1</Enabled>
          <Value>0x10</Value>
        </ValueMapItem>
        <ValueMapItem>
          <Key />
          <Description />
          <Enabled>-1</Enabled>
          <Value>0x20</Value>
        </ValueMapItem>
        <ValueMapItem>
          <Key />
          <Description />
          <Enabled>-1</Enabled>
          <Value>0x40</Value>
        </ValueMapItem>
        <ValueMapItem>
          <Key />
          <Description />
          <Enabled>-1</Enabled>
          <Value>0x80</Value>
        </ValueMapItem>
        <ValueMapItem>
          <Key />
          <Description />
          <Enabled>-1</Enabled>
          <Value>0x100</Value>
        </ValueMapItem>
        <ValueMapItem>
          <Key />
          <Description />
          <Enabled>-1</Enabled>
          <Value>0x200</Value>
        </ValueMapItem>
        <ValueMapItem>
          <Key />
          <Description />
          <Enabled>-1</Enabled>
          <Value>0x400</Value>
        </ValueMapItem>
        <ValueMapItem>
          <Key />
          <Description />
          <Enabled>-1</Enabled>
          <Value>0x800</Value>
        </ValueMapItem>
        <ValueMapItem>
          <Key />
          <Description />
          <Enabled>-1</Enabled>
          <Value>0x1000</Value>
        </ValueMapItem>
        <ValueMapItem>
          <Key />
          <Description />
          <Enabled>-1</Enabled>
          <Value>0x2000</Value>
        </ValueMapItem>
        <ValueMapItem>
          <Key />
          <Description />
          <Enabled>-1</Enabled>
          <Value>0x4000</Value>
        </ValueMapItem>
        <ValueMapItem>
          <Key />
          <Description />
          <Enabled>-1</Enabled>
          <Value>0x8000</Value>
        </ValueMapItem>
        <ValueMapItem>
          <Key />
          <Description />
          <Enabled>-1</Enabled>
          <Value>0x10000</Value>
        </ValueMapItem>
        <ValueMapItem>
          <Key />
          <Description />
          <Enabled>-1</Enabled>
          <Value>0x20000</Value>
        </ValueMapItem>
        <ValueMapItem>
          <Key />
          <Description />
          <Enabled>-1</Enabled>
          <Value>0x40000</Value>
        </ValueMapItem>
        <ValueMapItem>
          <Key />
          <Description />
          <Enabled>-1</Enabled>
          <Value>0x80000</Value>
        </ValueMapItem>
        <ValueMapItem>
          <Key />
          <Description />
          <Enabled>-1</Enabled>
          <Value>0x100000</Value>
        </ValueMapItem>
        <ValueMapItem>
          <Key />
          <Description />
          <Enabled>-1</Enabled>
          <Value>0x200000</Value>
        </ValueMapItem>
        <ValueMapItem>
          <Key />
          <Description />
          <Enabled>-1</Enabled>
          <Value>0x400000</Value>
        </ValueMapItem>
        <ValueMapItem>
          <Key />
          <Description />
          <Enabled>-1</Enabled>
          <Value>0x800000</Value>
        </ValueMapItem>
        <ValueMapItem>
          <Key />
          <Description />
          <Enabled>-1</Enabled>
          <Value>0x1000000</Value>
        </ValueMapItem>
        <ValueMapItem>
          <Key />
          <Description />
          <Enabled>-1</Enabled>
          <Value>0x2000000</Value>
        </ValueMapItem>
        <ValueMapItem>
          <Key />
          <Description />
          <Enabled>-1</Enabled>
          <Value>0x4000000</Value>
        </ValueMapItem>
        <ValueMapItem>
          <Key />
          <Description />
          <Enabled>-1</Enabled>
          <Value>0x8000000</Value>
        </ValueMapItem>
        <ValueMapItem>
          <Key />
          <Description />
          <Enabled>-1</Enabled>
          <Value>0x10000000</Value>
        </ValueMapItem>
        <ValueMapItem>
          <Key />
          <Description />
          <Enabled>-1</Enabled>
          <Value>0x20000000</Value>
        </ValueMapItem>
        <ValueMapItem>
          <Key />
          <Description />
          <Enabled>-1</Enabled>
          <Value>0x40000000</Value>
        </ValueMapItem>
        <ValueMapItem>
          <Key />
          <Description />
          <Enabled>-1</Enabled>
          <Value>0x80000000</Value>
        </ValueMapItem>
        <ValueMapItem>
          <Key />
          <Description />
          <Enabled>-1</Enabled>
          <Value>0x100000000</Value>
        </ValueMapItem>
        <ValueMapItem>
          <Key />
          <Description />
          <Enabled>-1</Enabled>
          <Value>0x200000000</Value>
        </ValueMapItem>
        <ValueMapItem>
          <Key />
          <Description />
          <Enabled>-1</Enabled>
          <Value>0x400000000</Value>
        </ValueMapItem>
        <ValueMapItem>
          <Key />
          <Description />
          <Enabled>-1</Enabled>
          <Value>0x800000000</Value>
        </ValueMapItem>
        <ValueMapItem>
          <Key />
          <Description />
          <Enabled>-1</Enabled>
          <Value>0x1000000000</Value>
        </ValueMapItem>
        <ValueMapItem>
          <Key />
          <Description />
          <Enabled>-1</Enabled>
          <Value>0x2000000000</Value>
        </ValueMapItem>
        <ValueMapItem>
          <Key />
          <Description />
          <Enabled>-1</Enabled>
          <Value>0x4000000000</Value>
        </ValueMapItem>
        <ValueMapItem>
          <Key />
          <Description />
          <Enabled>-1</Enabled>
          <Value>0x8000000000</Value>
        </ValueMapItem>
        <ValueMapItem>
          <Key />
          <Description />
          <Enabled>-1</Enabled>
          <Value>0x10000000000</Value>
        </ValueMapItem>
        <ValueMapItem>
          <Key />
          <Description />
          <Enabled>-1</Enabled>
          <Value>0x20000000000</Value>
        </ValueMapItem>
        <ValueMapItem>
          <Key />
          <Description />
          <Enabled>-1</Enabled>
          <Value>0x40000000000</Value>
        </ValueMapItem>
        <ValueMapItem>
          <Key />
          <Description />
          <Enabled>-1</Enabled>
          <Value>0x80000000000</Value>
        </ValueMapItem>
        <ValueMapItem>
          <Key />
          <Description />
          <Enabled>-1</Enabled>
          <Value>0x100000000000</Value>
        </ValueMapItem>
        <ValueMapItem>
          <Key />
          <Description />
          <Enabled>-1</Enabled>
          <Value>0x200000000000</Value>
        </ValueMapItem>
        <ValueMapItem>
          <Key />
          <Description />
          <Enabled>-1</Enabled>
          <Value>0x400000000000</Value>
        </ValueMapItem>
        <ValueMapItem>
          <Key />
          <Description />
          <Enabled>-1</Enabled>
          <Value>0x800000000000</Value>
        </ValueMapItem>
        <ValueMapItem>
          <Key />
          <Description />
          <Enabled>-1</Enabled>
          <Value>0x1000000000000</Value>
        </ValueMapItem>
        <ValueMapItem>
          <Key />
          <Description />
          <Enabled>-1</Enabled>
          <Value>0x2000000000000</Value>
        </ValueMapItem>
        <ValueMapItem>
          <Key />
          <Description />
          <Enabled>-1</Enabled>
          <Value>0x4000000000000</Value>
        </ValueMapItem>
        <ValueMapItem>
          <Key />
          <Description />
          <Enabled>-1</Enabled>
          <Value>0x8000000000000</Value>
        </ValueMapItem>
        <ValueMapItem>
          <Key />
          <Description />
          <Enabled>-1</Enabled>
          <Value>0x10000000000000</Value>
        </ValueMapItem>
        <ValueMapItem>
          <Key />
          <Description />
          <Enabled>-1</Enabled>
          <Value>0x20000000000000</Value>
        </ValueMapItem>
        <ValueMapItem>
          <Key />
          <Description />
          <Enabled>-1</Enabled>
          <Value>0x40000000000000</Value>
        </ValueMapItem>
        <ValueMapItem>
          <Key />
          <Description />
          <Enabled>-1</Enabled>
          <Value>0x80000000000000</Value>
        </ValueMapItem>
        <ValueMapItem>
          <Key />
          <Description />
          <Enabled>-1</Enabled>
          <Value>0x100000000000000</Value>
        </ValueMapItem>
        <ValueMapItem>
          <Key />
          <Description />
          <Enabled>-1</Enabled>
          <Value>0x200000000000000</Value>
        </ValueMapItem>
        <ValueMapItem>
          <Key />
          <Description />
          <Enabled>-1</Enabled>
          <Value>0x400000000000000</Value>
        </ValueMapItem>
        <ValueMapItem>
          <Key />
          <Description />
          <Enabled>-1</Enabled>
          <Value>0x800000000000000</Value>
        </ValueMapItem>
        <ValueMapItem>
          <Key />
          <Description />
          <Enabled>-1</Enabled>
          <Value>0x1000000000000000</Value>
        </ValueMapItem>
        <ValueMapItem>
          <Key />
          <Description />
          <Enabled>-1</Enabled>
          <Value>0x2000000000000000</Value>
        </ValueMapItem>
        <ValueMapItem>
          <Key />
          <Description />
          <Enabled>-1</Enabled>
          <Value>0x4000000000000000</Value>
        </ValueMapItem>
        <ValueMapItem>
          <Key />
          <Description />
          <Enabled>-1</Enabled>
          <Value>0x8000000000000000</Value>
        </ValueMapItem>
      </KeywordsAny>
      <KeywordsAll>
        <Description>Events with all of these keywords are enabled</Description>
        <ValueMapType>2</ValueMapType>
        <Value>0x0</Value>
      </KeywordsAll>
      <Properties>
        <Description>These additional data fields will be collected with each event</Description>
        <ValueMapType>2</ValueMapType>
        <Value>0</Value>
      </Properties>
      <Guid>{72B18662-744E-4A68-B816-8D562289A850}</Guid>
    </TraceDataProvider>
    <TraceDataProvider>
      <DisplayName>{50B3E73C-9370-461D-BB9F-26F32D68887D}</DisplayName>
      <FilterEnabled>0</FilterEnabled>
      <FilterType>0</FilterType>
      <Level>
        <Description>Events up to this level are enabled</Description>
        <ValueMapType>1</ValueMapType>
        <Value>255</Value>
        <ValueMapItem>
          <Key />
          <Description />
          <Enabled>-1</Enabled>
          <Value>255</Value>
        </ValueMapItem>
      </Level>
      <KeywordsAny>
        <Description>Events with any of these keywords are enabled</Description>
        <ValueMapType>2</ValueMapType>
        <Value>0xffffffffffffffff</Value>
        <ValueMapItem>
          <Key />
          <Description />
          <Enabled>-1</Enabled>
          <Value>0x1</Value>
        </ValueMapItem>
        <ValueMapItem>
          <Key />
          <Description />
          <Enabled>-1</Enabled>
          <Value>0x2</Value>
        </ValueMapItem>
        <ValueMapItem>
          <Key />
          <Description />
          <Enabled>-1</Enabled>
          <Value>0x4</Value>
        </ValueMapItem>
        <ValueMapItem>
          <Key />
          <Description />
          <Enabled>-1</Enabled>
          <Value>0x8</Value>
        </ValueMapItem>
        <ValueMapItem>
          <Key />
          <Description />
          <Enabled>-1</Enabled>
          <Value>0x10</Value>
        </ValueMapItem>
        <ValueMapItem>
          <Key />
          <Description />
          <Enabled>-1</Enabled>
          <Value>0x20</Value>
        </ValueMapItem>
        <ValueMapItem>
          <Key />
          <Description />
          <Enabled>-1</Enabled>
          <Value>0x40</Value>
        </ValueMapItem>
        <ValueMapItem>
          <Key />
          <Description />
          <Enabled>-1</Enabled>
          <Value>0x80</Value>
        </ValueMapItem>
        <ValueMapItem>
          <Key />
          <Description />
          <Enabled>-1</Enabled>
          <Value>0x100</Value>
        </ValueMapItem>
        <ValueMapItem>
          <Key />
          <Description />
          <Enabled>-1</Enabled>
          <Value>0x200</Value>
        </ValueMapItem>
        <ValueMapItem>
          <Key />
          <Description />
          <Enabled>-1</Enabled>
          <Value>0x400</Value>
        </ValueMapItem>
        <ValueMapItem>
          <Key />
          <Description />
          <Enabled>-1</Enabled>
          <Value>0x800</Value>
        </ValueMapItem>
        <ValueMapItem>
          <Key />
          <Description />
          <Enabled>-1</Enabled>
          <Value>0x1000</Value>
        </ValueMapItem>
        <ValueMapItem>
          <Key />
          <Description />
          <Enabled>-1</Enabled>
          <Value>0x2000</Value>
        </ValueMapItem>
        <ValueMapItem>
          <Key />
          <Description />
          <Enabled>-1</Enabled>
          <Value>0x4000</Value>
        </ValueMapItem>
        <ValueMapItem>
          <Key />
          <Description />
          <Enabled>-1</Enabled>
          <Value>0x8000</Value>
        </ValueMapItem>
        <ValueMapItem>
          <Key />
          <Description />
          <Enabled>-1</Enabled>
          <Value>0x10000</Value>
        </ValueMapItem>
        <ValueMapItem>
          <Key />
          <Description />
          <Enabled>-1</Enabled>
          <Value>0x20000</Value>
        </ValueMapItem>
        <ValueMapItem>
          <Key />
          <Description />
          <Enabled>-1</Enabled>
          <Value>0x40000</Value>
        </ValueMapItem>
        <ValueMapItem>
          <Key />
          <Description />
          <Enabled>-1</Enabled>
          <Value>0x80000</Value>
        </ValueMapItem>
        <ValueMapItem>
          <Key />
          <Description />
          <Enabled>-1</Enabled>
          <Value>0x100000</Value>
        </ValueMapItem>
        <ValueMapItem>
          <Key />
          <Description />
          <Enabled>-1</Enabled>
          <Value>0x200000</Value>
        </ValueMapItem>
        <ValueMapItem>
          <Key />
          <Description />
          <Enabled>-1</Enabled>
          <Value>0x400000</Value>
        </ValueMapItem>
        <ValueMapItem>
          <Key />
          <Description />
          <Enabled>-1</Enabled>
          <Value>0x800000</Value>
        </ValueMapItem>
        <ValueMapItem>
          <Key />
          <Description />
          <Enabled>-1</Enabled>
          <Value>0x1000000</Value>
        </ValueMapItem>
        <ValueMapItem>
          <Key />
          <Description />
          <Enabled>-1</Enabled>
          <Value>0x2000000</Value>
        </ValueMapItem>
        <ValueMapItem>
          <Key />
          <Description />
          <Enabled>-1</Enabled>
          <Value>0x4000000</Value>
        </ValueMapItem>
        <ValueMapItem>
          <Key />
          <Description />
          <Enabled>-1</Enabled>
          <Value>0x8000000</Value>
        </ValueMapItem>
        <ValueMapItem>
          <Key />
          <Description />
          <Enabled>-1</Enabled>
          <Value>0x10000000</Value>
        </ValueMapItem>
        <ValueMapItem>
          <Key />
          <Description />
          <Enabled>-1</Enabled>
          <Value>0x20000000</Value>
        </ValueMapItem>
        <ValueMapItem>
          <Key />
          <Description />
          <Enabled>-1</Enabled>
          <Value>0x40000000</Value>
        </ValueMapItem>
        <ValueMapItem>
          <Key />
          <Description />
          <Enabled>-1</Enabled>
          <Value>0x80000000</Value>
        </ValueMapItem>
        <ValueMapItem>
          <Key />
          <Description />
          <Enabled>-1</Enabled>
          <Value>0x100000000</Value>
        </ValueMapItem>
        <ValueMapItem>
          <Key />
          <Description />
          <Enabled>-1</Enabled>
          <Value>0x200000000</Value>
        </ValueMapItem>
        <ValueMapItem>
          <Key />
          <Description />
          <Enabled>-1</Enabled>
          <Value>0x400000000</Value>
        </ValueMapItem>
        <ValueMapItem>
          <Key />
          <Description />
          <Enabled>-1</Enabled>
          <Value>0x800000000</Value>
        </ValueMapItem>
        <ValueMapItem>
          <Key />
          <Description />
          <Enabled>-1</Enabled>
          <Value>0x1000000000</Value>
        </ValueMapItem>
        <ValueMapItem>
          <Key />
          <Description />
          <Enabled>-1</Enabled>
          <Value>0x2000000000</Value>
        </ValueMapItem>
        <ValueMapItem>
          <Key />
          <Description />
          <Enabled>-1</Enabled>
          <Value>0x4000000000</Value>
        </ValueMapItem>
        <ValueMapItem>
          <Key />
          <Description />
          <Enabled>-1</Enabled>
          <Value>0x8000000000</Value>
        </ValueMapItem>
        <ValueMapItem>
          <Key />
          <Description />
          <Enabled>-1</Enabled>
          <Value>0x10000000000</Value>
        </ValueMapItem>
        <ValueMapItem>
          <Key />
          <Description />
          <Enabled>-1</Enabled>
          <Value>0x20000000000</Value>
        </ValueMapItem>
        <ValueMapItem>
          <Key />
          <Description />
          <Enabled>-1</Enabled>
          <Value>0x40000000000</Value>
        </ValueMapItem>
        <ValueMapItem>
          <Key />
          <Description />
          <Enabled>-1</Enabled>
          <Value>0x80000000000</Value>
        </ValueMapItem>
        <ValueMapItem>
          <Key />
          <Description />
          <Enabled>-1</Enabled>
          <Value>0x100000000000</Value>
        </ValueMapItem>
        <ValueMapItem>
          <Key />
          <Description />
          <Enabled>-1</Enabled>
          <Value>0x200000000000</Value>
        </ValueMapItem>
        <ValueMapItem>
          <Key />
          <Description />
          <Enabled>-1</Enabled>
          <Value>0x400000000000</Value>
        </ValueMapItem>
        <ValueMapItem>
          <Key />
          <Description />
          <Enabled>-1</Enabled>
          <Value>0x800000000000</Value>
        </ValueMapItem>
        <ValueMapItem>
          <Key />
          <Description />
          <Enabled>-1</Enabled>
          <Value>0x1000000000000</Value>
        </ValueMapItem>
        <ValueMapItem>
          <Key />
          <Description />
          <Enabled>-1</Enabled>
          <Value>0x2000000000000</Value>
        </ValueMapItem>
        <ValueMapItem>
          <Key />
          <Description />
          <Enabled>-1</Enabled>
          <Value>0x4000000000000</Value>
        </ValueMapItem>
        <ValueMapItem>
          <Key />
          <Description />
          <Enabled>-1</Enabled>
          <Value>0x8000000000000</Value>
        </ValueMapItem>
        <ValueMapItem>
          <Key />
          <Description />
          <Enabled>-1</Enabled>
          <Value>0x10000000000000</Value>
        </ValueMapItem>
        <ValueMapItem>
          <Key />
          <Description />
          <Enabled>-1</Enabled>
          <Value>0x20000000000000</Value>
        </ValueMapItem>
        <ValueMapItem>
          <Key />
          <Description />
          <Enabled>-1</Enabled>
          <Value>0x40000000000000</Value>
        </ValueMapItem>
        <ValueMapItem>
          <Key />
          <Description />
          <Enabled>-1</Enabled>
          <Value>0x80000000000000</Value>
        </ValueMapItem>
        <ValueMapItem>
          <Key />
          <Description />
          <Enabled>-1</Enabled>
          <Value>0x100000000000000</Value>
        </ValueMapItem>
        <ValueMapItem>
          <Key />
          <Description />
          <Enabled>-1</Enabled>
          <Value>0x200000000000000</Value>
        </ValueMapItem>
        <ValueMapItem>
          <Key />
          <Description />
          <Enabled>-1</Enabled>
          <Value>0x400000000000000</Value>
        </ValueMapItem>
        <ValueMapItem>
          <Key />
          <Description />
          <Enabled>-1</Enabled>
          <Value>0x800000000000000</Value>
        </ValueMapItem>
        <ValueMapItem>
          <Key />
          <Description />
          <Enabled>-1</Enabled>
          <Value>0x1000000000000000</Value>
        </ValueMapItem>
        <ValueMapItem>
          <Key />
          <Description />
          <Enabled>-1</Enabled>
          <Value>0x2000000000000000</Value>
        </ValueMapItem>
        <ValueMapItem>
          <Key />
          <Description />
          <Enabled>-1</Enabled>
          <Value>0x4000000000000000</Value>
        </ValueMapItem>
        <ValueMapItem>
          <Key />
          <Description />
          <Enabled>-1</Enabled>
          <Value>0x8000000000000000</Value>
        </ValueMapItem>
      </KeywordsAny>
      <KeywordsAll>
        <Description>Events with all of these keywords are enabled</Description>
        <ValueMapType>2</ValueMapType>
        <Value>0x0</Value>
      </KeywordsAll>
      <Properties>
        <Description>These additional data fields will be collected with each event</Description>
        <ValueMapType>2</ValueMapType>
        <Value>0</Value>
      </Properties>
      <Guid>{50B3E73C-9370-461D-BB9F-26F32D68887D}</Guid>
    </TraceDataProvider>
    <TraceDataProvider>
      <DisplayName>{7D44233D-3055-4B9C-BA64-0D47CA40A232}</DisplayName>
      <FilterEnabled>0</FilterEnabled>
      <FilterType>0</FilterType>
      <Level>
        <Description>Events up to this level are enabled</Description>
        <ValueMapType>1</ValueMapType>
        <Value>255</Value>
        <ValueMapItem>
          <Key />
          <Description />
          <Enabled>-1</Enabled>
          <Value>255</Value>
        </ValueMapItem>
      </Level>
      <KeywordsAny>
        <Description>Events with any of these keywords are enabled</Description>
        <ValueMapType>2</ValueMapType>
        <Value>0xffffffffffffffff</Value>
        <ValueMapItem>
          <Key />
          <Description />
          <Enabled>-1</Enabled>
          <Value>0x1</Value>
        </ValueMapItem>
        <ValueMapItem>
          <Key />
          <Description />
          <Enabled>-1</Enabled>
          <Value>0x2</Value>
        </ValueMapItem>
        <ValueMapItem>
          <Key />
          <Description />
          <Enabled>-1</Enabled>
          <Value>0x4</Value>
        </ValueMapItem>
        <ValueMapItem>
          <Key />
          <Description />
          <Enabled>-1</Enabled>
          <Value>0x8</Value>
        </ValueMapItem>
        <ValueMapItem>
          <Key />
          <Description />
          <Enabled>-1</Enabled>
          <Value>0x10</Value>
        </ValueMapItem>
        <ValueMapItem>
          <Key />
          <Description />
          <Enabled>-1</Enabled>
          <Value>0x20</Value>
        </ValueMapItem>
        <ValueMapItem>
          <Key />
          <Description />
          <Enabled>-1</Enabled>
          <Value>0x40</Value>
        </ValueMapItem>
        <ValueMapItem>
          <Key />
          <Description />
          <Enabled>-1</Enabled>
          <Value>0x80</Value>
        </ValueMapItem>
        <ValueMapItem>
          <Key />
          <Description />
          <Enabled>-1</Enabled>
          <Value>0x100</Value>
        </ValueMapItem>
        <ValueMapItem>
          <Key />
          <Description />
          <Enabled>-1</Enabled>
          <Value>0x200</Value>
        </ValueMapItem>
        <ValueMapItem>
          <Key />
          <Description />
          <Enabled>-1</Enabled>
          <Value>0x400</Value>
        </ValueMapItem>
        <ValueMapItem>
          <Key />
          <Description />
          <Enabled>-1</Enabled>
          <Value>0x800</Value>
        </ValueMapItem>
        <ValueMapItem>
          <Key />
          <Description />
          <Enabled>-1</Enabled>
          <Value>0x1000</Value>
        </ValueMapItem>
        <ValueMapItem>
          <Key />
          <Description />
          <Enabled>-1</Enabled>
          <Value>0x2000</Value>
        </ValueMapItem>
        <ValueMapItem>
          <Key />
          <Description />
          <Enabled>-1</Enabled>
          <Value>0x4000</Value>
        </ValueMapItem>
        <ValueMapItem>
          <Key />
          <Description />
          <Enabled>-1</Enabled>
          <Value>0x8000</Value>
        </ValueMapItem>
        <ValueMapItem>
          <Key />
          <Description />
          <Enabled>-1</Enabled>
          <Value>0x10000</Value>
        </ValueMapItem>
        <ValueMapItem>
          <Key />
          <Description />
          <Enabled>-1</Enabled>
          <Value>0x20000</Value>
        </ValueMapItem>
        <ValueMapItem>
          <Key />
          <Description />
          <Enabled>-1</Enabled>
          <Value>0x40000</Value>
        </ValueMapItem>
        <ValueMapItem>
          <Key />
          <Description />
          <Enabled>-1</Enabled>
          <Value>0x80000</Value>
        </ValueMapItem>
        <ValueMapItem>
          <Key />
          <Description />
          <Enabled>-1</Enabled>
          <Value>0x100000</Value>
        </ValueMapItem>
        <ValueMapItem>
          <Key />
          <Description />
          <Enabled>-1</Enabled>
          <Value>0x200000</Value>
        </ValueMapItem>
        <ValueMapItem>
          <Key />
          <Description />
          <Enabled>-1</Enabled>
          <Value>0x400000</Value>
        </ValueMapItem>
        <ValueMapItem>
          <Key />
          <Description />
          <Enabled>-1</Enabled>
          <Value>0x800000</Value>
        </ValueMapItem>
        <ValueMapItem>
          <Key />
          <Description />
          <Enabled>-1</Enabled>
          <Value>0x1000000</Value>
        </ValueMapItem>
        <ValueMapItem>
          <Key />
          <Description />
          <Enabled>-1</Enabled>
          <Value>0x2000000</Value>
        </ValueMapItem>
        <ValueMapItem>
          <Key />
          <Description />
          <Enabled>-1</Enabled>
          <Value>0x4000000</Value>
        </ValueMapItem>
        <ValueMapItem>
          <Key />
          <Description />
          <Enabled>-1</Enabled>
          <Value>0x8000000</Value>
        </ValueMapItem>
        <ValueMapItem>
          <Key />
          <Description />
          <Enabled>-1</Enabled>
          <Value>0x10000000</Value>
        </ValueMapItem>
        <ValueMapItem>
          <Key />
          <Description />
          <Enabled>-1</Enabled>
          <Value>0x20000000</Value>
        </ValueMapItem>
        <ValueMapItem>
          <Key />
          <Description />
          <Enabled>-1</Enabled>
          <Value>0x40000000</Value>
        </ValueMapItem>
        <ValueMapItem>
          <Key />
          <Description />
          <Enabled>-1</Enabled>
          <Value>0x80000000</Value>
        </ValueMapItem>
        <ValueMapItem>
          <Key />
          <Description />
          <Enabled>-1</Enabled>
          <Value>0x100000000</Value>
        </ValueMapItem>
        <ValueMapItem>
          <Key />
          <Description />
          <Enabled>-1</Enabled>
          <Value>0x200000000</Value>
        </ValueMapItem>
        <ValueMapItem>
          <Key />
          <Description />
          <Enabled>-1</Enabled>
          <Value>0x400000000</Value>
        </ValueMapItem>
        <ValueMapItem>
          <Key />
          <Description />
          <Enabled>-1</Enabled>
          <Value>0x800000000</Value>
        </ValueMapItem>
        <ValueMapItem>
          <Key />
          <Description />
          <Enabled>-1</Enabled>
          <Value>0x1000000000</Value>
        </ValueMapItem>
        <ValueMapItem>
          <Key />
          <Description />
          <Enabled>-1</Enabled>
          <Value>0x2000000000</Value>
        </ValueMapItem>
        <ValueMapItem>
          <Key />
          <Description />
          <Enabled>-1</Enabled>
          <Value>0x4000000000</Value>
        </ValueMapItem>
        <ValueMapItem>
          <Key />
          <Description />
          <Enabled>-1</Enabled>
          <Value>0x8000000000</Value>
        </ValueMapItem>
        <ValueMapItem>
          <Key />
          <Description />
          <Enabled>-1</Enabled>
          <Value>0x10000000000</Value>
        </ValueMapItem>
        <ValueMapItem>
          <Key />
          <Description />
          <Enabled>-1</Enabled>
          <Value>0x20000000000</Value>
        </ValueMapItem>
        <ValueMapItem>
          <Key />
          <Description />
          <Enabled>-1</Enabled>
          <Value>0x40000000000</Value>
        </ValueMapItem>
        <ValueMapItem>
          <Key />
          <Description />
          <Enabled>-1</Enabled>
          <Value>0x80000000000</Value>
        </ValueMapItem>
        <ValueMapItem>
          <Key />
          <Description />
          <Enabled>-1</Enabled>
          <Value>0x100000000000</Value>
        </ValueMapItem>
        <ValueMapItem>
          <Key />
          <Description />
          <Enabled>-1</Enabled>
          <Value>0x200000000000</Value>
        </ValueMapItem>
        <ValueMapItem>
          <Key />
          <Description />
          <Enabled>-1</Enabled>
          <Value>0x400000000000</Value>
        </ValueMapItem>
        <ValueMapItem>
          <Key />
          <Description />
          <Enabled>-1</Enabled>
          <Value>0x800000000000</Value>
        </ValueMapItem>
        <ValueMapItem>
          <Key />
          <Description />
          <Enabled>-1</Enabled>
          <Value>0x1000000000000</Value>
        </ValueMapItem>
        <ValueMapItem>
          <Key />
          <Description />
          <Enabled>-1</Enabled>
          <Value>0x2000000000000</Value>
        </ValueMapItem>
        <ValueMapItem>
          <Key />
          <Description />
          <Enabled>-1</Enabled>
          <Value>0x4000000000000</Value>
        </ValueMapItem>
        <ValueMapItem>
          <Key />
          <Description />
          <Enabled>-1</Enabled>
          <Value>0x8000000000000</Value>
        </ValueMapItem>
        <ValueMapItem>
          <Key />
          <Description />
          <Enabled>-1</Enabled>
          <Value>0x10000000000000</Value>
        </ValueMapItem>
        <ValueMapItem>
          <Key />
          <Description />
          <Enabled>-1</Enabled>
          <Value>0x20000000000000</Value>
        </ValueMapItem>
        <ValueMapItem>
          <Key />
          <Description />
          <Enabled>-1</Enabled>
          <Value>0x40000000000000</Value>
        </ValueMapItem>
        <ValueMapItem>
          <Key />
          <Description />
          <Enabled>-1</Enabled>
          <Value>0x80000000000000</Value>
        </ValueMapItem>
        <ValueMapItem>
          <Key />
          <Description />
          <Enabled>-1</Enabled>
          <Value>0x100000000000000</Value>
        </ValueMapItem>
        <ValueMapItem>
          <Key />
          <Description />
          <Enabled>-1</Enabled>
          <Value>0x200000000000000</Value>
        </ValueMapItem>
        <ValueMapItem>
          <Key />
          <Description />
          <Enabled>-1</Enabled>
          <Value>0x400000000000000</Value>
        </ValueMapItem>
        <ValueMapItem>
          <Key />
          <Description />
          <Enabled>-1</Enabled>
          <Value>0x800000000000000</Value>
        </ValueMapItem>
        <ValueMapItem>
          <Key />
          <Description />
          <Enabled>-1</Enabled>
          <Value>0x1000000000000000</Value>
        </ValueMapItem>
        <ValueMapItem>
          <Key />
          <Description />
          <Enabled>-1</Enabled>
          <Value>0x2000000000000000</Value>
        </ValueMapItem>
        <ValueMapItem>
          <Key />
          <Description />
          <Enabled>-1</Enabled>
          <Value>0x4000000000000000</Value>
        </ValueMapItem>
        <ValueMapItem>
          <Key />
          <Description />
          <Enabled>-1</Enabled>
          <Value>0x8000000000000000</Value>
        </ValueMapItem>
      </KeywordsAny>
      <KeywordsAll>
        <Description>Events with all of these keywords are enabled</Description>
        <ValueMapType>2</ValueMapType>
        <Value>0x0</Value>
      </KeywordsAll>
      <Properties>
        <Description>These additional data fields will be collected with each event</Description>
        <ValueMapType>2</ValueMapType>
        <Value>0</Value>
      </Properties>
      <Guid>{7D44233D-3055-4B9C-BA64-0D47CA40A232}</Guid>
    </TraceDataProvider>
    <TraceDataProvider>
      <DisplayName>{E04FE2E0-C6CF-4273-B59D-5C97C9C374A4}</DisplayName>
      <FilterEnabled>0</FilterEnabled>
      <FilterType>0</FilterType>
      <Level>
        <Description>Events up to this level are enabled</Description>
        <ValueMapType>1</ValueMapType>
        <Value>255</Value>
        <ValueMapItem>
          <Key />
          <Description />
          <Enabled>-1</Enabled>
          <Value>255</Value>
        </ValueMapItem>
      </Level>
      <KeywordsAny>
        <Description>Events with any of these keywords are enabled</Description>
        <ValueMapType>2</ValueMapType>
        <Value>0xffffffffffffffff</Value>
        <ValueMapItem>
          <Key />
          <Description />
          <Enabled>-1</Enabled>
          <Value>0x1</Value>
        </ValueMapItem>
        <ValueMapItem>
          <Key />
          <Description />
          <Enabled>-1</Enabled>
          <Value>0x2</Value>
        </ValueMapItem>
        <ValueMapItem>
          <Key />
          <Description />
          <Enabled>-1</Enabled>
          <Value>0x4</Value>
        </ValueMapItem>
        <ValueMapItem>
          <Key />
          <Description />
          <Enabled>-1</Enabled>
          <Value>0x8</Value>
        </ValueMapItem>
        <ValueMapItem>
          <Key />
          <Description />
          <Enabled>-1</Enabled>
          <Value>0x10</Value>
        </ValueMapItem>
        <ValueMapItem>
          <Key />
          <Description />
          <Enabled>-1</Enabled>
          <Value>0x20</Value>
        </ValueMapItem>
        <ValueMapItem>
          <Key />
          <Description />
          <Enabled>-1</Enabled>
          <Value>0x40</Value>
        </ValueMapItem>
        <ValueMapItem>
          <Key />
          <Description />
          <Enabled>-1</Enabled>
          <Value>0x80</Value>
        </ValueMapItem>
        <ValueMapItem>
          <Key />
          <Description />
          <Enabled>-1</Enabled>
          <Value>0x100</Value>
        </ValueMapItem>
        <ValueMapItem>
          <Key />
          <Description />
          <Enabled>-1</Enabled>
          <Value>0x200</Value>
        </ValueMapItem>
        <ValueMapItem>
          <Key />
          <Description />
          <Enabled>-1</Enabled>
          <Value>0x400</Value>
        </ValueMapItem>
        <ValueMapItem>
          <Key />
          <Description />
          <Enabled>-1</Enabled>
          <Value>0x800</Value>
        </ValueMapItem>
        <ValueMapItem>
          <Key />
          <Description />
          <Enabled>-1</Enabled>
          <Value>0x1000</Value>
        </ValueMapItem>
        <ValueMapItem>
          <Key />
          <Description />
          <Enabled>-1</Enabled>
          <Value>0x2000</Value>
        </ValueMapItem>
        <ValueMapItem>
          <Key />
          <Description />
          <Enabled>-1</Enabled>
          <Value>0x4000</Value>
        </ValueMapItem>
        <ValueMapItem>
          <Key />
          <Description />
          <Enabled>-1</Enabled>
          <Value>0x8000</Value>
        </ValueMapItem>
        <ValueMapItem>
          <Key />
          <Description />
          <Enabled>-1</Enabled>
          <Value>0x10000</Value>
        </ValueMapItem>
        <ValueMapItem>
          <Key />
          <Description />
          <Enabled>-1</Enabled>
          <Value>0x20000</Value>
        </ValueMapItem>
        <ValueMapItem>
          <Key />
          <Description />
          <Enabled>-1</Enabled>
          <Value>0x40000</Value>
        </ValueMapItem>
        <ValueMapItem>
          <Key />
          <Description />
          <Enabled>-1</Enabled>
          <Value>0x80000</Value>
        </ValueMapItem>
        <ValueMapItem>
          <Key />
          <Description />
          <Enabled>-1</Enabled>
          <Value>0x100000</Value>
        </ValueMapItem>
        <ValueMapItem>
          <Key />
          <Description />
          <Enabled>-1</Enabled>
          <Value>0x200000</Value>
        </ValueMapItem>
        <ValueMapItem>
          <Key />
          <Description />
          <Enabled>-1</Enabled>
          <Value>0x400000</Value>
        </ValueMapItem>
        <ValueMapItem>
          <Key />
          <Description />
          <Enabled>-1</Enabled>
          <Value>0x800000</Value>
        </ValueMapItem>
        <ValueMapItem>
          <Key />
          <Description />
          <Enabled>-1</Enabled>
          <Value>0x1000000</Value>
        </ValueMapItem>
        <ValueMapItem>
          <Key />
          <Description />
          <Enabled>-1</Enabled>
          <Value>0x2000000</Value>
        </ValueMapItem>
        <ValueMapItem>
          <Key />
          <Description />
          <Enabled>-1</Enabled>
          <Value>0x4000000</Value>
        </ValueMapItem>
        <ValueMapItem>
          <Key />
          <Description />
          <Enabled>-1</Enabled>
          <Value>0x8000000</Value>
        </ValueMapItem>
        <ValueMapItem>
          <Key />
          <Description />
          <Enabled>-1</Enabled>
          <Value>0x10000000</Value>
        </ValueMapItem>
        <ValueMapItem>
          <Key />
          <Description />
          <Enabled>-1</Enabled>
          <Value>0x20000000</Value>
        </ValueMapItem>
        <ValueMapItem>
          <Key />
          <Description />
          <Enabled>-1</Enabled>
          <Value>0x40000000</Value>
        </ValueMapItem>
        <ValueMapItem>
          <Key />
          <Description />
          <Enabled>-1</Enabled>
          <Value>0x80000000</Value>
        </ValueMapItem>
        <ValueMapItem>
          <Key />
          <Description />
          <Enabled>-1</Enabled>
          <Value>0x100000000</Value>
        </ValueMapItem>
        <ValueMapItem>
          <Key />
          <Description />
          <Enabled>-1</Enabled>
          <Value>0x200000000</Value>
        </ValueMapItem>
        <ValueMapItem>
          <Key />
          <Description />
          <Enabled>-1</Enabled>
          <Value>0x400000000</Value>
        </ValueMapItem>
        <ValueMapItem>
          <Key />
          <Description />
          <Enabled>-1</Enabled>
          <Value>0x800000000</Value>
        </ValueMapItem>
        <ValueMapItem>
          <Key />
          <Description />
          <Enabled>-1</Enabled>
          <Value>0x1000000000</Value>
        </ValueMapItem>
        <ValueMapItem>
          <Key />
          <Description />
          <Enabled>-1</Enabled>
          <Value>0x2000000000</Value>
        </ValueMapItem>
        <ValueMapItem>
          <Key />
          <Description />
          <Enabled>-1</Enabled>
          <Value>0x4000000000</Value>
        </ValueMapItem>
        <ValueMapItem>
          <Key />
          <Description />
          <Enabled>-1</Enabled>
          <Value>0x8000000000</Value>
        </ValueMapItem>
        <ValueMapItem>
          <Key />
          <Description />
          <Enabled>-1</Enabled>
          <Value>0x10000000000</Value>
        </ValueMapItem>
        <ValueMapItem>
          <Key />
          <Description />
          <Enabled>-1</Enabled>
          <Value>0x20000000000</Value>
        </ValueMapItem>
        <ValueMapItem>
          <Key />
          <Description />
          <Enabled>-1</Enabled>
          <Value>0x40000000000</Value>
        </ValueMapItem>
        <ValueMapItem>
          <Key />
          <Description />
          <Enabled>-1</Enabled>
          <Value>0x80000000000</Value>
        </ValueMapItem>
        <ValueMapItem>
          <Key />
          <Description />
          <Enabled>-1</Enabled>
          <Value>0x100000000000</Value>
        </ValueMapItem>
        <ValueMapItem>
          <Key />
          <Description />
          <Enabled>-1</Enabled>
          <Value>0x200000000000</Value>
        </ValueMapItem>
        <ValueMapItem>
          <Key />
          <Description />
          <Enabled>-1</Enabled>
          <Value>0x400000000000</Value>
        </ValueMapItem>
        <ValueMapItem>
          <Key />
          <Description />
          <Enabled>-1</Enabled>
          <Value>0x800000000000</Value>
        </ValueMapItem>
        <ValueMapItem>
          <Key />
          <Description />
          <Enabled>-1</Enabled>
          <Value>0x1000000000000</Value>
        </ValueMapItem>
        <ValueMapItem>
          <Key />
          <Description />
          <Enabled>-1</Enabled>
          <Value>0x2000000000000</Value>
        </ValueMapItem>
        <ValueMapItem>
          <Key />
          <Description />
          <Enabled>-1</Enabled>
          <Value>0x4000000000000</Value>
        </ValueMapItem>
        <ValueMapItem>
          <Key />
          <Description />
          <Enabled>-1</Enabled>
          <Value>0x8000000000000</Value>
        </ValueMapItem>
        <ValueMapItem>
          <Key />
          <Description />
          <Enabled>-1</Enabled>
          <Value>0x10000000000000</Value>
        </ValueMapItem>
        <ValueMapItem>
          <Key />
          <Description />
          <Enabled>-1</Enabled>
          <Value>0x20000000000000</Value>
        </ValueMapItem>
        <ValueMapItem>
          <Key />
          <Description />
          <Enabled>-1</Enabled>
          <Value>0x40000000000000</Value>
        </ValueMapItem>
        <ValueMapItem>
          <Key />
          <Description />
          <Enabled>-1</Enabled>
          <Value>0x80000000000000</Value>
        </ValueMapItem>
        <ValueMapItem>
          <Key />
          <Description />
          <Enabled>-1</Enabled>
          <Value>0x100000000000000</Value>
        </ValueMapItem>
        <ValueMapItem>
          <Key />
          <Description />
          <Enabled>-1</Enabled>
          <Value>0x200000000000000</Value>
        </ValueMapItem>
        <ValueMapItem>
          <Key />
          <Description />
          <Enabled>-1</Enabled>
          <Value>0x400000000000000</Value>
        </ValueMapItem>
        <ValueMapItem>
          <Key />
          <Description />
          <Enabled>-1</Enabled>
          <Value>0x800000000000000</Value>
        </ValueMapItem>
        <ValueMapItem>
          <Key />
          <Description />
          <Enabled>-1</Enabled>
          <Value>0x1000000000000000</Value>
        </ValueMapItem>
        <ValueMapItem>
          <Key />
          <Description />
          <Enabled>-1</Enabled>
          <Value>0x2000000000000000</Value>
        </ValueMapItem>
        <ValueMapItem>
          <Key />
          <Description />
          <Enabled>-1</Enabled>
          <Value>0x4000000000000000</Value>
        </ValueMapItem>
        <ValueMapItem>
          <Key />
          <Description />
          <Enabled>-1</Enabled>
          <Value>0x8000000000000000</Value>
        </ValueMapItem>
      </KeywordsAny>
      <KeywordsAll>
        <Description>Events with all of these keywords are enabled</Description>
        <ValueMapType>2</ValueMapType>
        <Value>0x0</Value>
      </KeywordsAll>
      <Properties>
        <Description>These additional data fields will be collected with each event</Description>
        <ValueMapType>2</ValueMapType>
        <Value>0</Value>
      </Properties>
      <Guid>{E04FE2E0-C6CF-4273-B59D-5C97C9C374A4}</Guid>
    </TraceDataProvider>
  </TraceDataCollector>
</DataCollectorSet>