<DataCollectorSet>
  <Status>1</Status>
  <Duration>0</Duration>
  <Description />
  <DescriptionUnresolved />
  <DisplayName />
  <DisplayNameUnresolved />
  <SchedulesEnabled>-1</SchedulesEnabled>
  <LatestOutputLocation>
  </LatestOutputLocation>
  <Name>minio_rpc</Name>
  <OutputLocation>
  </OutputLocation>
  <RootPath>%systemroot%\temp</RootPath>
  <Segment>0</Segment>
  <SegmentMaxDuration>0</SegmentMaxDuration>
  <SegmentMaxSize>500</SegmentMaxSize>
  <SerialNumber>1</SerialNumber>
  <Server />
  <Subdirectory />
  <SubdirectoryFormat>0</SubdirectoryFormat>
  <SubdirectoryFormatPattern />
  <Task />
  <TaskArguments />
  <TaskUserTextArguments />
  <UserAccount />
  <Security>O:BAG:BAD:(A;;0x800;;;WD)(A;;0x120fff;;;SY)(A;;0x120fff;;;LS)(A;;0x120fff;;;NS)(A;;0x120fff;;;BA)(A;;0xee5;;;LU)(A;;LC;;;MU)(A;;0x800;;;AC)</Security>
  <TraceDataCollector>
    <DataCollectorType>1</DataCollectorType>
    <Name>minio_rpc</Name>
    <FileName>
    </FileName>
    <FileNameFormat>0</FileNameFormat>
    <FileNameFormatPattern />
    <LogAppend>0</LogAppend>
    <LogCircular>-1</LogCircular>
    <LogOverwrite>0</LogOverwrite>
    <LatestOutputLocation>
    </LatestOutputLocation>
    <Guid>{18DDF0BD-D113-4278-831C-159031D2212C}</Guid>
    <BufferSize>20</BufferSize>
    <BuffersLost>0</BuffersLost>
    <BuffersWritten>12</BuffersWritten>
    <ClockType>1</ClockType>
    <EventsLost>0</EventsLost>
    <ExtendedModes>4194304</ExtendedModes>
    <FlushTimer>0</FlushTimer>
    <FreeBuffers>15</FreeBuffers>
    <MaximumBuffers>80</MaximumBuffers>
    <MinimumBuffers>40</MinimumBuffers>
    <NumberOfBuffers>16</NumberOfBuffers>
    <PreallocateFile>0</PreallocateFile>
    <ProcessMode>0</ProcessMode>
    <RealTimeBuffersLost>0</RealTimeBuffersLost>
    <SessionName>minio_rpc</SessionName>
    <SessionThreadId>780</SessionThreadId>
    <StreamMode>1</StreamMode>
    <TraceDataProvider>
      <DisplayName>{94B45058-6F59-4696-B6BC-B23B7768343D}</DisplayName>
      <FilterEnabled>0</FilterEnabled>
      <FilterType>0</FilterType>
      <Level>
        <Description>Events up to this level are enabled</Description>
        <ValueMapType>1</ValueMapType>
        <Value>255</Value>
        <ValueMapItem>
          <Key />
          <Description />
          <Enabled>-1</Enabled>
          <Value>255</Value>
        </ValueMapItem>
      </Level>
      <KeywordsAny>
        <Description>Events with any of these keywords are enabled</Description>
        <ValueMapType>2</ValueMapType>
        <Value>0xffffffffffffffff</Value>
        <ValueMapItem>
          <Key />
          <Description />
          <Enabled>-1</Enabled>
          <Value>0x1</Value>
        </ValueMapItem>
        <ValueMapItem>
          <Key />
          <Description />
          <Enabled>-1</Enabled>
          <Value>0x2</Value>
        </ValueMapItem>
        <ValueMapItem>
          <Key />
          <Description />
          <Enabled>-1</Enabled>
          <Value>0x4</Value>
        </ValueMapItem>
        <ValueMapItem>
          <Key />
          <Description />
          <Enabled>-1</Enabled>
          <Value>0x8</Value>
        </ValueMapItem>
        <ValueMapItem>
          <Key />
          <Description />
          <Enabled>-1</Enabled>
          <Value>0x10</Value>
        </ValueMapItem>
        <ValueMapItem>
          <Key />
          <Description />
          <Enabled>-1</Enabled>
          <Value>0x20</Value>
        </ValueMapItem>
        <ValueMapItem>
          <Key />
          <Description />
          <Enabled>-1</Enabled>
          <Value>0x40</Value>
        </ValueMapItem>
        <ValueMapItem>
          <Key />
          <Description />
          <Enabled>-1</Enabled>
          <Value>0x80</Value>
        </ValueMapItem>
        <ValueMapItem>
          <Key />
          <Description />
          <Enabled>-1</Enabled>
          <Value>0x100</Value>
        </ValueMapItem>
        <ValueMapItem>
          <Key />
          <Description />
          <Enabled>-1</Enabled>
          <Value>0x200</Value>
        </ValueMapItem>
        <ValueMapItem>
          <Key />
          <Description />
          <Enabled>-1</Enabled>
          <Value>0x400</Value>
        </ValueMapItem>
        <ValueMapItem>
          <Key />
          <Description />
          <Enabled>-1</Enabled>
          <Value>0x800</Value>
        </ValueMapItem>
        <ValueMapItem>
          <Key />
          <Description />
          <Enabled>-1</Enabled>
          <Value>0x1000</Value>
        </ValueMapItem>
        <ValueMapItem>
          <Key />
          <Description />
          <Enabled>-1</Enabled>
          <Value>0x2000</Value>
        </ValueMapItem>
        <ValueMapItem>
          <Key />
          <Description />
          <Enabled>-1</Enabled>
          <Value>0x4000</Value>
        </ValueMapItem>
        <ValueMapItem>
          <Key />
          <Description />
          <Enabled>-1</Enabled>
          <Value>0x8000</Value>
        </ValueMapItem>
        <ValueMapItem>
          <Key />
          <Description />
          <Enabled>-1</Enabled>
          <Value>0x10000</Value>
        </ValueMapItem>
        <ValueMapItem>
          <Key />
          <Description />
          <Enabled>-1</Enabled>
          <Value>0x20000</Value>
        </ValueMapItem>
        <ValueMapItem>
          <Key />
          <Description />
          <Enabled>-1</Enabled>
          <Value>0x40000</Value>
        </ValueMapItem>
        <ValueMapItem>
          <Key />
          <Description />
          <Enabled>-1</Enabled>
          <Value>0x80000</Value>
        </ValueMapItem>
        <ValueMapItem>
          <Key />
          <Description />
          <Enabled>-1</Enabled>
          <Value>0x100000</Value>
        </ValueMapItem>
        <ValueMapItem>
          <Key />
          <Description />
          <Enabled>-1</Enabled>
          <Value>0x200000</Value>
        </ValueMapItem>
        <ValueMapItem>
          <Key />
          <Description />
          <Enabled>-1</Enabled>
          <Value>0x400000</Value>
        </ValueMapItem>
        <ValueMapItem>
          <Key />
          <Description />
          <Enabled>-1</Enabled>
          <Value>0x800000</Value>
        </ValueMapItem>
        <ValueMapItem>
          <Key />
          <Description />
          <Enabled>-1</Enabled>
          <Value>0x1000000</Value>
        </ValueMapItem>
        <ValueMapItem>
          <Key />
          <Description />
          <Enabled>-1</Enabled>
          <Value>0x2000000</Value>
        </ValueMapItem>
        <ValueMapItem>
          <Key />
          <Description />
          <Enabled>-1</Enabled>
          <Value>0x4000000</Value>
        </ValueMapItem>
        <ValueMapItem>
          <Key />
          <Description />
          <Enabled>-1</Enabled>
          <Value>0x8000000</Value>
        </ValueMapItem>
        <ValueMapItem>
          <Key />
          <Description />
          <Enabled>-1</Enabled>
          <Value>0x10000000</Value>
        </ValueMapItem>
        <ValueMapItem>
          <Key />
          <Description />
          <Enabled>-1</Enabled>
          <Value>0x20000000</Value>
        </ValueMapItem>
        <ValueMapItem>
          <Key />
          <Description />
          <Enabled>-1</Enabled>
          <Value>0x40000000</Value>
        </ValueMapItem>
        <ValueMapItem>
          <Key />
          <Description />
          <Enabled>-1</Enabled>
          <Value>0x80000000</Value>
        </ValueMapItem>
        <ValueMapItem>
          <Key />
          <Description />
          <Enabled>-1</Enabled>
          <Value>0x100000000</Value>
        </ValueMapItem>
        <ValueMapItem>
          <Key />
          <Description />
          <Enabled>-1</Enabled>
          <Value>0x200000000</Value>
        </ValueMapItem>
        <ValueMapItem>
          <Key />
          <Description />
          <Enabled>-1</Enabled>
          <Value>0x400000000</Value>
        </ValueMapItem>
        <ValueMapItem>
          <Key />
          <Description />
          <Enabled>-1</Enabled>
          <Value>0x800000000</Value>
        </ValueMapItem>
        <ValueMapItem>
          <Key />
          <Description />
          <Enabled>-1</Enabled>
          <Value>0x1000000000</Value>
        </ValueMapItem>
        <ValueMapItem>
          <Key />
          <Description />
          <Enabled>-1</Enabled>
          <Value>0x2000000000</Value>
        </ValueMapItem>
        <ValueMapItem>
          <Key />
          <Description />
          <Enabled>-1</Enabled>
          <Value>0x4000000000</Value>
        </ValueMapItem>
        <ValueMapItem>
          <Key />
          <Description />
          <Enabled>-1</Enabled>
          <Value>0x8000000000</Value>
        </ValueMapItem>
        <ValueMapItem>
          <Key />
          <Description />
          <Enabled>-1</Enabled>
          <Value>0x10000000000</Value>
        </ValueMapItem>
        <ValueMapItem>
          <Key />
          <Description />
          <Enabled>-1</Enabled>
          <Value>0x20000000000</Value>
        </ValueMapItem>
        <ValueMapItem>
          <Key />
          <Description />
          <Enabled>-1</Enabled>
          <Value>0x40000000000</Value>
        </ValueMapItem>
        <ValueMapItem>
          <Key />
          <Description />
          <Enabled>-1</Enabled>
          <Value>0x80000000000</Value>
        </ValueMapItem>
        <ValueMapItem>
          <Key />
          <Description />
          <Enabled>-1</Enabled>
          <Value>0x100000000000</Value>
        </ValueMapItem>
        <ValueMapItem>
          <Key />
          <Description />
          <Enabled>-1</Enabled>
          <Value>0x200000000000</Value>
        </ValueMapItem>
        <ValueMapItem>
          <Key />
          <Description />
          <Enabled>-1</Enabled>
          <Value>0x400000000000</Value>
        </ValueMapItem>
        <ValueMapItem>
          <Key />
          <Description />
          <Enabled>-1</Enabled>
          <Value>0x800000000000</Value>
        </ValueMapItem>
        <ValueMapItem>
          <Key />
          <Description />
          <Enabled>-1</Enabled>
          <Value>0x1000000000000</Value>
        </ValueMapItem>
        <ValueMapItem>
          <Key />
          <Description />
          <Enabled>-1</Enabled>
          <Value>0x2000000000000</Value>
        </ValueMapItem>
        <ValueMapItem>
          <Key />
          <Description />
          <Enabled>-1</Enabled>
          <Value>0x4000000000000</Value>
        </ValueMapItem>
        <ValueMapItem>
          <Key />
          <Description />
          <Enabled>-1</Enabled>
          <Value>0x8000000000000</Value>
        </ValueMapItem>
        <ValueMapItem>
          <Key />
          <Description />
          <Enabled>-1</Enabled>
          <Value>0x10000000000000</Value>
        </ValueMapItem>
        <ValueMapItem>
          <Key />
          <Description />
          <Enabled>-1</Enabled>
          <Value>0x20000000000000</Value>
        </ValueMapItem>
        <ValueMapItem>
          <Key />
          <Description />
          <Enabled>-1</Enabled>
          <Value>0x40000000000000</Value>
        </ValueMapItem>
        <ValueMapItem>
          <Key />
          <Description />
          <Enabled>-1</Enabled>
          <Value>0x80000000000000</Value>
        </ValueMapItem>
        <ValueMapItem>
          <Key />
          <Description />
          <Enabled>-1</Enabled>
          <Value>0x100000000000000</Value>
        </ValueMapItem>
        <ValueMapItem>
          <Key />
          <Description />
          <Enabled>-1</Enabled>
          <Value>0x200000000000000</Value>
        </ValueMapItem>
        <ValueMapItem>
          <Key />
          <Description />
          <Enabled>-1</Enabled>
          <Value>0x400000000000000</Value>
        </ValueMapItem>
        <ValueMapItem>
          <Key />
          <Description />
          <Enabled>-1</Enabled>
          <Value>0x800000000000000</Value>
        </ValueMapItem>
        <ValueMapItem>
          <Key />
          <Description />
          <Enabled>-1</Enabled>
          <Value>0x1000000000000000</Value>
        </ValueMapItem>
        <ValueMapItem>
          <Key />
          <Description />
          <Enabled>-1</Enabled>
          <Value>0x2000000000000000</Value>
        </ValueMapItem>
        <ValueMapItem>
          <Key />
          <Description />
          <Enabled>-1</Enabled>
          <Value>0x4000000000000000</Value>
        </ValueMapItem>
        <ValueMapItem>
          <Key />
          <Description />
          <Enabled>-1</Enabled>
          <Value>0x8000000000000000</Value>
        </ValueMapItem>
      </KeywordsAny>
      <KeywordsAll>
        <Description>Events with all of these keywords are enabled</Description>
        <ValueMapType>2</ValueMapType>
        <Value>0x0</Value>
      </KeywordsAll>
      <Properties>
        <Description>These additional data fields will be collected with each event</Description>
        <ValueMapType>2</ValueMapType>
        <Value>0</Value>
      </Properties>
      <Guid>{94B45058-6F59-4696-B6BC-B23B7768343D}</Guid>
    </TraceDataProvider>
    <TraceDataProvider>
      <DisplayName>{D8975F88-7DDB-4ED0-91BF-3ADF48C48E0C}</DisplayName>
      <FilterEnabled>0</FilterEnabled>
      <FilterType>0</FilterType>
      <Level>
        <Description>Events up to this level are enabled</Description>
        <ValueMapType>1</ValueMapType>
        <Value>255</Value>
        <ValueMapItem>
          <Key />
          <Description />
          <Enabled>-1</Enabled>
          <Value>255</Value>
        </ValueMapItem>
      </Level>
      <KeywordsAny>
        <Description>Events with any of these keywords are enabled</Description>
        <ValueMapType>2</ValueMapType>
        <Value>0xffffffffffffffff</Value>
        <ValueMapItem>
          <Key />
          <Description />
          <Enabled>-1</Enabled>
          <Value>0x1</Value>
        </ValueMapItem>
        <ValueMapItem>
          <Key />
          <Description />
          <Enabled>-1</Enabled>
          <Value>0x2</Value>
        </ValueMapItem>
        <ValueMapItem>
          <Key />
          <Description />
          <Enabled>-1</Enabled>
          <Value>0x4</Value>
        </ValueMapItem>
        <ValueMapItem>
          <Key />
          <Description />
          <Enabled>-1</Enabled>
          <Value>0x8</Value>
        </ValueMapItem>
        <ValueMapItem>
          <Key />
          <Description />
          <Enabled>-1</Enabled>
          <Value>0x10</Value>
        </ValueMapItem>
        <ValueMapItem>
          <Key />
          <Description />
          <Enabled>-1</Enabled>
          <Value>0x20</Value>
        </ValueMapItem>
        <ValueMapItem>
          <Key />
          <Description />
          <Enabled>-1</Enabled>
          <Value>0x40</Value>
        </ValueMapItem>
        <ValueMapItem>
          <Key />
          <Description />
          <Enabled>-1</Enabled>
          <Value>0x80</Value>
        </ValueMapItem>
        <ValueMapItem>
          <Key />
          <Description />
          <Enabled>-1</Enabled>
          <Value>0x100</Value>
        </ValueMapItem>
        <ValueMapItem>
          <Key />
          <Description />
          <Enabled>-1</Enabled>
          <Value>0x200</Value>
        </ValueMapItem>
        <ValueMapItem>
          <Key />
          <Description />
          <Enabled>-1</Enabled>
          <Value>0x400</Value>
        </ValueMapItem>
        <ValueMapItem>
          <Key />
          <Description />
          <Enabled>-1</Enabled>
          <Value>0x800</Value>
        </ValueMapItem>
        <ValueMapItem>
          <Key />
          <Description />
          <Enabled>-1</Enabled>
          <Value>0x1000</Value>
        </ValueMapItem>
        <ValueMapItem>
          <Key />
          <Description />
          <Enabled>-1</Enabled>
          <Value>0x2000</Value>
        </ValueMapItem>
        <ValueMapItem>
          <Key />
          <Description />
          <Enabled>-1</Enabled>
          <Value>0x4000</Value>
        </ValueMapItem>
        <ValueMapItem>
          <Key />
          <Description />
          <Enabled>-1</Enabled>
          <Value>0x8000</Value>
        </ValueMapItem>
        <ValueMapItem>
          <Key />
          <Description />
          <Enabled>-1</Enabled>
          <Value>0x10000</Value>
        </ValueMapItem>
        <ValueMapItem>
          <Key />
          <Description />
          <Enabled>-1</Enabled>
          <Value>0x20000</Value>
        </ValueMapItem>
        <ValueMapItem>
          <Key />
          <Description />
          <Enabled>-1</Enabled>
          <Value>0x40000</Value>
        </ValueMapItem>
        <ValueMapItem>
          <Key />
          <Description />
          <Enabled>-1</Enabled>
          <Value>0x80000</Value>
        </ValueMapItem>
        <ValueMapItem>
          <Key />
          <Description />
          <Enabled>-1</Enabled>
          <Value>0x100000</Value>
        </ValueMapItem>
        <ValueMapItem>
          <Key />
          <Description />
          <Enabled>-1</Enabled>
          <Value>0x200000</Value>
        </ValueMapItem>
        <ValueMapItem>
          <Key />
          <Description />
          <Enabled>-1</Enabled>
          <Value>0x400000</Value>
        </ValueMapItem>
        <ValueMapItem>
          <Key />
          <Description />
          <Enabled>-1</Enabled>
          <Value>0x800000</Value>
        </ValueMapItem>
        <ValueMapItem>
          <Key />
          <Description />
          <Enabled>-1</Enabled>
          <Value>0x1000000</Value>
        </ValueMapItem>
        <ValueMapItem>
          <Key />
          <Description />
          <Enabled>-1</Enabled>
          <Value>0x2000000</Value>
        </ValueMapItem>
        <ValueMapItem>
          <Key />
          <Description />
          <Enabled>-1</Enabled>
          <Value>0x4000000</Value>
        </ValueMapItem>
        <ValueMapItem>
          <Key />
          <Description />
          <Enabled>-1</Enabled>
          <Value>0x8000000</Value>
        </ValueMapItem>
        <ValueMapItem>
          <Key />
          <Description />
          <Enabled>-1</Enabled>
          <Value>0x10000000</Value>
        </ValueMapItem>
        <ValueMapItem>
          <Key />
          <Description />
          <Enabled>-1</Enabled>
          <Value>0x20000000</Value>
        </ValueMapItem>
        <ValueMapItem>
          <Key />
          <Description />
          <Enabled>-1</Enabled>
          <Value>0x40000000</Value>
        </ValueMapItem>
        <ValueMapItem>
          <Key />
          <Description />
          <Enabled>-1</Enabled>
          <Value>0x80000000</Value>
        </ValueMapItem>
        <ValueMapItem>
          <Key />
          <Description />
          <Enabled>-1</Enabled>
          <Value>0x100000000</Value>
        </ValueMapItem>
        <ValueMapItem>
          <Key />
          <Description />
          <Enabled>-1</Enabled>
          <Value>0x200000000</Value>
        </ValueMapItem>
        <ValueMapItem>
          <Key />
          <Description />
          <Enabled>-1</Enabled>
          <Value>0x400000000</Value>
        </ValueMapItem>
        <ValueMapItem>
          <Key />
          <Description />
          <Enabled>-1</Enabled>
          <Value>0x800000000</Value>
        </ValueMapItem>
        <ValueMapItem>
          <Key />
          <Description />
          <Enabled>-1</Enabled>
          <Value>0x1000000000</Value>
        </ValueMapItem>
        <ValueMapItem>
          <Key />
          <Description />
          <Enabled>-1</Enabled>
          <Value>0x2000000000</Value>
        </ValueMapItem>
        <ValueMapItem>
          <Key />
          <Description />
          <Enabled>-1</Enabled>
          <Value>0x4000000000</Value>
        </ValueMapItem>
        <ValueMapItem>
          <Key />
          <Description />
          <Enabled>-1</Enabled>
          <Value>0x8000000000</Value>
        </ValueMapItem>
        <ValueMapItem>
          <Key />
          <Description />
          <Enabled>-1</Enabled>
          <Value>0x10000000000</Value>
        </ValueMapItem>
        <ValueMapItem>
          <Key />
          <Description />
          <Enabled>-1</Enabled>
          <Value>0x20000000000</Value>
        </ValueMapItem>
        <ValueMapItem>
          <Key />
          <Description />
          <Enabled>-1</Enabled>
          <Value>0x40000000000</Value>
        </ValueMapItem>
        <ValueMapItem>
          <Key />
          <Description />
          <Enabled>-1</Enabled>
          <Value>0x80000000000</Value>
        </ValueMapItem>
        <ValueMapItem>
          <Key />
          <Description />
          <Enabled>-1</Enabled>
          <Value>0x100000000000</Value>
        </ValueMapItem>
        <ValueMapItem>
          <Key />
          <Description />
          <Enabled>-1</Enabled>
          <Value>0x200000000000</Value>
        </ValueMapItem>
        <ValueMapItem>
          <Key />
          <Description />
          <Enabled>-1</Enabled>
          <Value>0x400000000000</Value>
        </ValueMapItem>
        <ValueMapItem>
          <Key />
          <Description />
          <Enabled>-1</Enabled>
          <Value>0x800000000000</Value>
        </ValueMapItem>
        <ValueMapItem>
          <Key />
          <Description />
          <Enabled>-1</Enabled>
          <Value>0x1000000000000</Value>
        </ValueMapItem>
        <ValueMapItem>
          <Key />
          <Description />
          <Enabled>-1</Enabled>
          <Value>0x2000000000000</Value>
        </ValueMapItem>
        <ValueMapItem>
          <Key />
          <Description />
          <Enabled>-1</Enabled>
          <Value>0x4000000000000</Value>
        </ValueMapItem>
        <ValueMapItem>
          <Key />
          <Description />
          <Enabled>-1</Enabled>
          <Value>0x8000000000000</Value>
        </ValueMapItem>
        <ValueMapItem>
          <Key />
          <Description />
          <Enabled>-1</Enabled>
          <Value>0x10000000000000</Value>
        </ValueMapItem>
        <ValueMapItem>
          <Key />
          <Description />
          <Enabled>-1</Enabled>
          <Value>0x20000000000000</Value>
        </ValueMapItem>
        <ValueMapItem>
          <Key />
          <Description />
          <Enabled>-1</Enabled>
          <Value>0x40000000000000</Value>
        </ValueMapItem>
        <ValueMapItem>
          <Key />
          <Description />
          <Enabled>-1</Enabled>
          <Value>0x80000000000000</Value>
        </ValueMapItem>
        <ValueMapItem>
          <Key />
          <Description />
          <Enabled>-1</Enabled>
          <Value>0x100000000000000</Value>
        </ValueMapItem>
        <ValueMapItem>
          <Key />
          <Description />
          <Enabled>-1</Enabled>
          <Value>0x200000000000000</Value>
        </ValueMapItem>
        <ValueMapItem>
          <Key />
          <Description />
          <Enabled>-1</Enabled>
          <Value>0x400000000000000</Value>
        </ValueMapItem>
        <ValueMapItem>
          <Key />
          <Description />
          <Enabled>-1</Enabled>
          <Value>0x800000000000000</Value>
        </ValueMapItem>
        <ValueMapItem>
          <Key />
          <Description />
          <Enabled>-1</Enabled>
          <Value>0x1000000000000000</Value>
        </ValueMapItem>
        <ValueMapItem>
          <Key />
          <Description />
          <Enabled>-1</Enabled>
          <Value>0x2000000000000000</Value>
        </ValueMapItem>
        <ValueMapItem>
          <Key />
          <Description />
          <Enabled>-1</Enabled>
          <Value>0x4000000000000000</Value>
        </ValueMapItem>
        <ValueMapItem>
          <Key />
          <Description />
          <Enabled>-1</Enabled>
          <Value>0x8000000000000000</Value>
        </ValueMapItem>
      </KeywordsAny>
      <KeywordsAll>
        <Description>Events with all of these keywords are enabled</Description>
        <ValueMapType>2</ValueMapType>
        <Value>0x0</Value>
      </KeywordsAll>
      <Properties>
        <Description>These additional data fields will be collected with each event</Description>
        <ValueMapType>2</ValueMapType>
        <Value>0</Value>
      </Properties>
      <Guid>{D8975F88-7DDB-4ED0-91BF-3ADF48C48E0C}</Guid>
    </TraceDataProvider>
    <TraceDataProvider>
      <DisplayName>{92AAB24D-D9A9-4A60-9F94-201FED3E3E88}</DisplayName>
      <FilterEnabled>0</FilterEnabled>
      <FilterType>0</FilterType>
      <Level>
        <Description>Events up to this level are enabled</Description>
        <ValueMapType>1</ValueMapType>
        <Value>255</Value>
        <ValueMapItem>
          <Key />
          <Description />
          <Enabled>-1</Enabled>
          <Value>255</Value>
        </ValueMapItem>
      </Level>
      <KeywordsAny>
        <Description>Events with any of these keywords are enabled</Description>
        <ValueMapType>2</ValueMapType>
        <Value>0xffffffffffffffff</Value>
        <ValueMapItem>
          <Key />
          <Description />
          <Enabled>-1</Enabled>
          <Value>0x1</Value>
        </ValueMapItem>
        <ValueMapItem>
          <Key />
          <Description />
          <Enabled>-1</Enabled>
          <Value>0x2</Value>
        </ValueMapItem>
        <ValueMapItem>
          <Key />
          <Description />
          <Enabled>-1</Enabled>
          <Value>0x4</Value>
        </ValueMapItem>
        <ValueMapItem>
          <Key />
          <Description />
          <Enabled>-1</Enabled>
          <Value>0x8</Value>
        </ValueMapItem>
        <ValueMapItem>
          <Key />
          <Description />
          <Enabled>-1</Enabled>
          <Value>0x10</Value>
        </ValueMapItem>
        <ValueMapItem>
          <Key />
          <Description />
          <Enabled>-1</Enabled>
          <Value>0x20</Value>
        </ValueMapItem>
        <ValueMapItem>
          <Key />
          <Description />
          <Enabled>-1</Enabled>
          <Value>0x40</Value>
        </ValueMapItem>
        <ValueMapItem>
          <Key />
          <Description />
          <Enabled>-1</Enabled>
          <Value>0x80</Value>
        </ValueMapItem>
        <ValueMapItem>
          <Key />
          <Description />
          <Enabled>-1</Enabled>
          <Value>0x100</Value>
        </ValueMapItem>
        <ValueMapItem>
          <Key />
          <Description />
          <Enabled>-1</Enabled>
          <Value>0x200</Value>
        </ValueMapItem>
        <ValueMapItem>
          <Key />
          <Description />
          <Enabled>-1</Enabled>
          <Value>0x400</Value>
        </ValueMapItem>
        <ValueMapItem>
          <Key />
          <Description />
          <Enabled>-1</Enabled>
          <Value>0x800</Value>
        </ValueMapItem>
        <ValueMapItem>
          <Key />
          <Description />
          <Enabled>-1</Enabled>
          <Value>0x1000</Value>
        </ValueMapItem>
        <ValueMapItem>
          <Key />
          <Description />
          <Enabled>-1</Enabled>
          <Value>0x2000</Value>
        </ValueMapItem>
        <ValueMapItem>
          <Key />
          <Description />
          <Enabled>-1</Enabled>
          <Value>0x4000</Value>
        </ValueMapItem>
        <ValueMapItem>
          <Key />
          <Description />
          <Enabled>-1</Enabled>
          <Value>0x8000</Value>
        </ValueMapItem>
        <ValueMapItem>
          <Key />
          <Description />
          <Enabled>-1</Enabled>
          <Value>0x10000</Value>
        </ValueMapItem>
        <ValueMapItem>
          <Key />
          <Description />
          <Enabled>-1</Enabled>
          <Value>0x20000</Value>
        </ValueMapItem>
        <ValueMapItem>
          <Key />
          <Description />
          <Enabled>-1</Enabled>
          <Value>0x40000</Value>
        </ValueMapItem>
        <ValueMapItem>
          <Key />
          <Description />
          <Enabled>-1</Enabled>
          <Value>0x80000</Value>
        </ValueMapItem>
        <ValueMapItem>
          <Key />
          <Description />
          <Enabled>-1</Enabled>
          <Value>0x100000</Value>
        </ValueMapItem>
        <ValueMapItem>
          <Key />
          <Description />
          <Enabled>-1</Enabled>
          <Value>0x200000</Value>
        </ValueMapItem>
        <ValueMapItem>
          <Key />
          <Description />
          <Enabled>-1</Enabled>
          <Value>0x400000</Value>
        </ValueMapItem>
        <ValueMapItem>
          <Key />
          <Description />
          <Enabled>-1</Enabled>
          <Value>0x800000</Value>
        </ValueMapItem>
        <ValueMapItem>
          <Key />
          <Description />
          <Enabled>-1</Enabled>
          <Value>0x1000000</Value>
        </ValueMapItem>
        <ValueMapItem>
          <Key />
          <Description />
          <Enabled>-1</Enabled>
          <Value>0x2000000</Value>
        </ValueMapItem>
        <ValueMapItem>
          <Key />
          <Description />
          <Enabled>-1</Enabled>
          <Value>0x4000000</Value>
        </ValueMapItem>
        <ValueMapItem>
          <Key />
          <Description />
          <Enabled>-1</Enabled>
          <Value>0x8000000</Value>
        </ValueMapItem>
        <ValueMapItem>
          <Key />
          <Description />
          <Enabled>-1</Enabled>
          <Value>0x10000000</Value>
        </ValueMapItem>
        <ValueMapItem>
          <Key />
          <Description />
          <Enabled>-1</Enabled>
          <Value>0x20000000</Value>
        </ValueMapItem>
        <ValueMapItem>
          <Key />
          <Description />
          <Enabled>-1</Enabled>
          <Value>0x40000000</Value>
        </ValueMapItem>
        <ValueMapItem>
          <Key />
          <Description />
          <Enabled>-1</Enabled>
          <Value>0x80000000</Value>
        </ValueMapItem>
        <ValueMapItem>
          <Key />
          <Description />
          <Enabled>-1</Enabled>
          <Value>0x100000000</Value>
        </ValueMapItem>
        <ValueMapItem>
          <Key />
          <Description />
          <Enabled>-1</Enabled>
          <Value>0x200000000</Value>
        </ValueMapItem>
        <ValueMapItem>
          <Key />
          <Description />
          <Enabled>-1</Enabled>
          <Value>0x400000000</Value>
        </ValueMapItem>
        <ValueMapItem>
          <Key />
          <Description />
          <Enabled>-1</Enabled>
          <Value>0x800000000</Value>
        </ValueMapItem>
        <ValueMapItem>
          <Key />
          <Description />
          <Enabled>-1</Enabled>
          <Value>0x1000000000</Value>
        </ValueMapItem>
        <ValueMapItem>
          <Key />
          <Description />
          <Enabled>-1</Enabled>
          <Value>0x2000000000</Value>
        </ValueMapItem>
        <ValueMapItem>
          <Key />
          <Description />
          <Enabled>-1</Enabled>
          <Value>0x4000000000</Value>
        </ValueMapItem>
        <ValueMapItem>
          <Key />
          <Description />
          <Enabled>-1</Enabled>
          <Value>0x8000000000</Value>
        </ValueMapItem>
        <ValueMapItem>
          <Key />
          <Description />
          <Enabled>-1</Enabled>
          <Value>0x10000000000</Value>
        </ValueMapItem>
        <ValueMapItem>
          <Key />
          <Description />
          <Enabled>-1</Enabled>
          <Value>0x20000000000</Value>
        </ValueMapItem>
        <ValueMapItem>
          <Key />
          <Description />
          <Enabled>-1</Enabled>
          <Value>0x40000000000</Value>
        </ValueMapItem>
        <ValueMapItem>
          <Key />
          <Description />
          <Enabled>-1</Enabled>
          <Value>0x80000000000</Value>
        </ValueMapItem>
        <ValueMapItem>
          <Key />
          <Description />
          <Enabled>-1</Enabled>
          <Value>0x100000000000</Value>
        </ValueMapItem>
        <ValueMapItem>
          <Key />
          <Description />
          <Enabled>-1</Enabled>
          <Value>0x200000000000</Value>
        </ValueMapItem>
        <ValueMapItem>
          <Key />
          <Description />
          <Enabled>-1</Enabled>
          <Value>0x400000000000</Value>
        </ValueMapItem>
        <ValueMapItem>
          <Key />
          <Description />
          <Enabled>-1</Enabled>
          <Value>0x800000000000</Value>
        </ValueMapItem>
        <ValueMapItem>
          <Key />
          <Description />
          <Enabled>-1</Enabled>
          <Value>0x1000000000000</Value>
        </ValueMapItem>
        <ValueMapItem>
          <Key />
          <Description />
          <Enabled>-1</Enabled>
          <Value>0x2000000000000</Value>
        </ValueMapItem>
        <ValueMapItem>
          <Key />
          <Description />
          <Enabled>-1</Enabled>
          <Value>0x4000000000000</Value>
        </ValueMapItem>
        <ValueMapItem>
          <Key />
          <Description />
          <Enabled>-1</Enabled>
          <Value>0x8000000000000</Value>
        </ValueMapItem>
        <ValueMapItem>
          <Key />
          <Description />
          <Enabled>-1</Enabled>
          <Value>0x10000000000000</Value>
        </ValueMapItem>
        <ValueMapItem>
          <Key />
          <Description />
          <Enabled>-1</Enabled>
          <Value>0x20000000000000</Value>
        </ValueMapItem>
        <ValueMapItem>
          <Key />
          <Description />
          <Enabled>-1</Enabled>
          <Value>0x40000000000000</Value>
        </ValueMapItem>
        <ValueMapItem>
          <Key />
          <Description />
          <Enabled>-1</Enabled>
          <Value>0x80000000000000</Value>
        </ValueMapItem>
        <ValueMapItem>
          <Key />
          <Description />
          <Enabled>-1</Enabled>
          <Value>0x100000000000000</Value>
        </ValueMapItem>
        <ValueMapItem>
          <Key />
          <Description />
          <Enabled>-1</Enabled>
          <Value>0x200000000000000</Value>
        </ValueMapItem>
        <ValueMapItem>
          <Key />
          <Description />
          <Enabled>-1</Enabled>
          <Value>0x400000000000000</Value>
        </ValueMapItem>
        <ValueMapItem>
          <Key />
          <Description />
          <Enabled>-1</Enabled>
          <Value>0x800000000000000</Value>
        </ValueMapItem>
        <ValueMapItem>
          <Key />
          <Description />
          <Enabled>-1</Enabled>
          <Value>0x1000000000000000</Value>
        </ValueMapItem>
        <ValueMapItem>
          <Key />
          <Description />
          <Enabled>-1</Enabled>
          <Value>0x2000000000000000</Value>
        </ValueMapItem>
        <ValueMapItem>
          <Key />
          <Description />
          <Enabled>-1</Enabled>
          <Value>0x4000000000000000</Value>
        </ValueMapItem>
        <ValueMapItem>
          <Key />
          <Description />
          <Enabled>-1</Enabled>
          <Value>0x8000000000000000</Value>
        </ValueMapItem>
      </KeywordsAny>
      <KeywordsAll>
        <Description>Events with all of these keywords are enabled</Description>
        <ValueMapType>2</ValueMapType>
        <Value>0x0</Value>
      </KeywordsAll>
      <Properties>
        <Description>These additional data fields will be collected with each event</Description>
        <ValueMapType>2</ValueMapType>
        <Value>0</Value>
      </Properties>
      <Guid>{92AAB24D-D9A9-4A60-9F94-201FED3E3E88}</Guid>
    </TraceDataProvider>
    <TraceDataProvider>
      <DisplayName>{6545939F-3398-411A-88B7-6A8914B8CEC7}</DisplayName>
      <FilterEnabled>0</FilterEnabled>
      <FilterType>0</FilterType>
      <Level>
        <Description>Events up to this level are enabled</Description>
        <ValueMapType>1</ValueMapType>
        <Value>255</Value>
        <ValueMapItem>
          <Key />
          <Description />
          <Enabled>-1</Enabled>
          <Value>255</Value>
        </ValueMapItem>
      </Level>
      <KeywordsAny>
        <Description>Events with any of these keywords are enabled</Description>
        <ValueMapType>2</ValueMapType>
        <Value>0xffffffffffffffff</Value>
        <ValueMapItem>
          <Key />
          <Description />
          <Enabled>-1</Enabled>
          <Value>0x1</Value>
        </ValueMapItem>
        <ValueMapItem>
          <Key />
          <Description />
          <Enabled>-1</Enabled>
          <Value>0x2</Value>
        </ValueMapItem>
        <ValueMapItem>
          <Key />
          <Description />
          <Enabled>-1</Enabled>
          <Value>0x4</Value>
        </ValueMapItem>
        <ValueMapItem>
          <Key />
          <Description />
          <Enabled>-1</Enabled>
          <Value>0x8</Value>
        </ValueMapItem>
        <ValueMapItem>
          <Key />
          <Description />
          <Enabled>-1</Enabled>
          <Value>0x10</Value>
        </ValueMapItem>
        <ValueMapItem>
          <Key />
          <Description />
          <Enabled>-1</Enabled>
          <Value>0x20</Value>
        </ValueMapItem>
        <ValueMapItem>
          <Key />
          <Description />
          <Enabled>-1</Enabled>
          <Value>0x40</Value>
        </ValueMapItem>
        <ValueMapItem>
          <Key />
          <Description />
          <Enabled>-1</Enabled>
          <Value>0x80</Value>
        </ValueMapItem>
        <ValueMapItem>
          <Key />
          <Description />
          <Enabled>-1</Enabled>
          <Value>0x100</Value>
        </ValueMapItem>
        <ValueMapItem>
          <Key />
          <Description />
          <Enabled>-1</Enabled>
          <Value>0x200</Value>
        </ValueMapItem>
        <ValueMapItem>
          <Key />
          <Description />
          <Enabled>-1</Enabled>
          <Value>0x400</Value>
        </ValueMapItem>
        <ValueMapItem>
          <Key />
          <Description />
          <Enabled>-1</Enabled>
          <Value>0x800</Value>
        </ValueMapItem>
        <ValueMapItem>
          <Key />
          <Description />
          <Enabled>-1</Enabled>
          <Value>0x1000</Value>
        </ValueMapItem>
        <ValueMapItem>
          <Key />
          <Description />
          <Enabled>-1</Enabled>
          <Value>0x2000</Value>
        </ValueMapItem>
        <ValueMapItem>
          <Key />
          <Description />
          <Enabled>-1</Enabled>
          <Value>0x4000</Value>
        </ValueMapItem>
        <ValueMapItem>
          <Key />
          <Description />
          <Enabled>-1</Enabled>
          <Value>0x8000</Value>
        </ValueMapItem>
        <ValueMapItem>
          <Key />
          <Description />
          <Enabled>-1</Enabled>
          <Value>0x10000</Value>
        </ValueMapItem>
        <ValueMapItem>
          <Key />
          <Description />
          <Enabled>-1</Enabled>
          <Value>0x20000</Value>
        </ValueMapItem>
        <ValueMapItem>
          <Key />
          <Description />
          <Enabled>-1</Enabled>
          <Value>0x40000</Value>
        </ValueMapItem>
        <ValueMapItem>
          <Key />
          <Description />
          <Enabled>-1</Enabled>
          <Value>0x80000</Value>
        </ValueMapItem>
        <ValueMapItem>
          <Key />
          <Description />
          <Enabled>-1</Enabled>
          <Value>0x100000</Value>
        </ValueMapItem>
        <ValueMapItem>
          <Key />
          <Description />
          <Enabled>-1</Enabled>
          <Value>0x200000</Value>
        </ValueMapItem>
        <ValueMapItem>
          <Key />
          <Description />
          <Enabled>-1</Enabled>
          <Value>0x400000</Value>
        </ValueMapItem>
        <ValueMapItem>
          <Key />
          <Description />
          <Enabled>-1</Enabled>
          <Value>0x800000</Value>
        </ValueMapItem>
        <ValueMapItem>
          <Key />
          <Description />
          <Enabled>-1</Enabled>
          <Value>0x1000000</Value>
        </ValueMapItem>
        <ValueMapItem>
          <Key />
          <Description />
          <Enabled>-1</Enabled>
          <Value>0x2000000</Value>
        </ValueMapItem>
        <ValueMapItem>
          <Key />
          <Description />
          <Enabled>-1</Enabled>
          <Value>0x4000000</Value>
        </ValueMapItem>
        <ValueMapItem>
          <Key />
          <Description />
          <Enabled>-1</Enabled>
          <Value>0x8000000</Value>
        </ValueMapItem>
        <ValueMapItem>
          <Key />
          <Description />
          <Enabled>-1</Enabled>
          <Value>0x10000000</Value>
        </ValueMapItem>
        <ValueMapItem>
          <Key />
          <Description />
          <Enabled>-1</Enabled>
          <Value>0x20000000</Value>
        </ValueMapItem>
        <ValueMapItem>
          <Key />
          <Description />
          <Enabled>-1</Enabled>
          <Value>0x40000000</Value>
        </ValueMapItem>
        <ValueMapItem>
          <Key />
          <Description />
          <Enabled>-1</Enabled>
          <Value>0x80000000</Value>
        </ValueMapItem>
        <ValueMapItem>
          <Key />
          <Description />
          <Enabled>-1</Enabled>
          <Value>0x100000000</Value>
        </ValueMapItem>
        <ValueMapItem>
          <Key />
          <Description />
          <Enabled>-1</Enabled>
          <Value>0x200000000</Value>
        </ValueMapItem>
        <ValueMapItem>
          <Key />
          <Description />
          <Enabled>-1</Enabled>
          <Value>0x400000000</Value>
        </ValueMapItem>
        <ValueMapItem>
          <Key />
          <Description />
          <Enabled>-1</Enabled>
          <Value>0x800000000</Value>
        </ValueMapItem>
        <ValueMapItem>
          <Key />
          <Description />
          <Enabled>-1</Enabled>
          <Value>0x1000000000</Value>
        </ValueMapItem>
        <ValueMapItem>
          <Key />
          <Description />
          <Enabled>-1</Enabled>
          <Value>0x2000000000</Value>
        </ValueMapItem>
        <ValueMapItem>
          <Key />
          <Description />
          <Enabled>-1</Enabled>
          <Value>0x4000000000</Value>
        </ValueMapItem>
        <ValueMapItem>
          <Key />
          <Description />
          <Enabled>-1</Enabled>
          <Value>0x8000000000</Value>
        </ValueMapItem>
        <ValueMapItem>
          <Key />
          <Description />
          <Enabled>-1</Enabled>
          <Value>0x10000000000</Value>
        </ValueMapItem>
        <ValueMapItem>
          <Key />
          <Description />
          <Enabled>-1</Enabled>
          <Value>0x20000000000</Value>
        </ValueMapItem>
        <ValueMapItem>
          <Key />
          <Description />
          <Enabled>-1</Enabled>
          <Value>0x40000000000</Value>
        </ValueMapItem>
        <ValueMapItem>
          <Key />
          <Description />
          <Enabled>-1</Enabled>
          <Value>0x80000000000</Value>
        </ValueMapItem>
        <ValueMapItem>
          <Key />
          <Description />
          <Enabled>-1</Enabled>
          <Value>0x100000000000</Value>
        </ValueMapItem>
        <ValueMapItem>
          <Key />
          <Description />
          <Enabled>-1</Enabled>
          <Value>0x200000000000</Value>
        </ValueMapItem>
        <ValueMapItem>
          <Key />
          <Description />
          <Enabled>-1</Enabled>
          <Value>0x400000000000</Value>
        </ValueMapItem>
        <ValueMapItem>
          <Key />
          <Description />
          <Enabled>-1</Enabled>
          <Value>0x800000000000</Value>
        </ValueMapItem>
        <ValueMapItem>
          <Key />
          <Description />
          <Enabled>-1</Enabled>
          <Value>0x1000000000000</Value>
        </ValueMapItem>
        <ValueMapItem>
          <Key />
          <Description />
          <Enabled>-1</Enabled>
          <Value>0x2000000000000</Value>
        </ValueMapItem>
        <ValueMapItem>
          <Key />
          <Description />
          <Enabled>-1</Enabled>
          <Value>0x4000000000000</Value>
        </ValueMapItem>
        <ValueMapItem>
          <Key />
          <Description />
          <Enabled>-1</Enabled>
          <Value>0x8000000000000</Value>
        </ValueMapItem>
        <ValueMapItem>
          <Key />
          <Description />
          <Enabled>-1</Enabled>
          <Value>0x10000000000000</Value>
        </ValueMapItem>
        <ValueMapItem>
          <Key />
          <Description />
          <Enabled>-1</Enabled>
          <Value>0x20000000000000</Value>
        </ValueMapItem>
        <ValueMapItem>
          <Key />
          <Description />
          <Enabled>-1</Enabled>
          <Value>0x40000000000000</Value>
        </ValueMapItem>
        <ValueMapItem>
          <Key />
          <Description />
          <Enabled>-1</Enabled>
          <Value>0x80000000000000</Value>
        </ValueMapItem>
        <ValueMapItem>
          <Key />
          <Description />
          <Enabled>-1</Enabled>
          <Value>0x100000000000000</Value>
        </ValueMapItem>
        <ValueMapItem>
          <Key />
          <Description />
          <Enabled>-1</Enabled>
          <Value>0x200000000000000</Value>
        </ValueMapItem>
        <ValueMapItem>
          <Key />
          <Description />
          <Enabled>-1</Enabled>
          <Value>0x400000000000000</Value>
        </ValueMapItem>
        <ValueMapItem>
          <Key />
          <Description />
          <Enabled>-1</Enabled>
          <Value>0x800000000000000</Value>
        </ValueMapItem>
        <ValueMapItem>
          <Key />
          <Description />
          <Enabled>-1</Enabled>
          <Value>0x1000000000000000</Value>
        </ValueMapItem>
        <ValueMapItem>
          <Key />
          <Description />
          <Enabled>-1</Enabled>
          <Value>0x2000000000000000</Value>
        </ValueMapItem>
        <ValueMapItem>
          <Key />
          <Description />
          <Enabled>-1</Enabled>
          <Value>0x4000000000000000</Value>
        </ValueMapItem>
        <ValueMapItem>
          <Key />
          <Description />
          <Enabled>-1</Enabled>
          <Value>0x8000000000000000</Value>
        </ValueMapItem>
      </KeywordsAny>
      <KeywordsAll>
        <Description>Events with all of these keywords are enabled</Description>
        <ValueMapType>2</ValueMapType>
        <Value>0x0</Value>
      </KeywordsAll>
      <Properties>
        <Description>These additional data fields will be collected with each event</Description>
        <ValueMapType>2</ValueMapType>
        <Value>0</Value>
      </Properties>
      <Guid>{6545939F-3398-411A-88B7-6A8914B8CEC7}</Guid>
    </TraceDataProvider>
    <TraceDataProvider>
      <DisplayName>{F997CD11-0FC9-4AB4-ACBA-BC742A4C0DD3}</DisplayName>
      <FilterEnabled>0</FilterEnabled>
      <FilterType>0</FilterType>
      <Level>
        <Description>Events up to this level are enabled</Description>
        <ValueMapType>1</ValueMapType>
        <Value>255</Value>
        <ValueMapItem>
          <Key />
          <Description />
          <Enabled>-1</Enabled>
          <Value>255</Value>
        </ValueMapItem>
      </Level>
      <KeywordsAny>
        <Description>Events with any of these keywords are enabled</Description>
        <ValueMapType>2</ValueMapType>
        <Value>0xffffffffffffffff</Value>
        <ValueMapItem>
          <Key />
          <Description />
          <Enabled>-1</Enabled>
          <Value>0x1</Value>
        </ValueMapItem>
        <ValueMapItem>
          <Key />
          <Description />
          <Enabled>-1</Enabled>
          <Value>0x2</Value>
        </ValueMapItem>
        <ValueMapItem>
          <Key />
          <Description />
          <Enabled>-1</Enabled>
          <Value>0x4</Value>
        </ValueMapItem>
        <ValueMapItem>
          <Key />
          <Description />
          <Enabled>-1</Enabled>
          <Value>0x8</Value>
        </ValueMapItem>
        <ValueMapItem>
          <Key />
          <Description />
          <Enabled>-1</Enabled>
          <Value>0x10</Value>
        </ValueMapItem>
        <ValueMapItem>
          <Key />
          <Description />
          <Enabled>-1</Enabled>
          <Value>0x20</Value>
        </ValueMapItem>
        <ValueMapItem>
          <Key />
          <Description />
          <Enabled>-1</Enabled>
          <Value>0x40</Value>
        </ValueMapItem>
        <ValueMapItem>
          <Key />
          <Description />
          <Enabled>-1</Enabled>
          <Value>0x80</Value>
        </ValueMapItem>
        <ValueMapItem>
          <Key />
          <Description />
          <Enabled>-1</Enabled>
          <Value>0x100</Value>
        </ValueMapItem>
        <ValueMapItem>
          <Key />
          <Description />
          <Enabled>-1</Enabled>
          <Value>0x200</Value>
        </ValueMapItem>
        <ValueMapItem>
          <Key />
          <Description />
          <Enabled>-1</Enabled>
          <Value>0x400</Value>
        </ValueMapItem>
        <ValueMapItem>
          <Key />
          <Description />
          <Enabled>-1</Enabled>
          <Value>0x800</Value>
        </ValueMapItem>
        <ValueMapItem>
          <Key />
          <Description />
          <Enabled>-1</Enabled>
          <Value>0x1000</Value>
        </ValueMapItem>
        <ValueMapItem>
          <Key />
          <Description />
          <Enabled>-1</Enabled>
          <Value>0x2000</Value>
        </ValueMapItem>
        <ValueMapItem>
          <Key />
          <Description />
          <Enabled>-1</Enabled>
          <Value>0x4000</Value>
        </ValueMapItem>
        <ValueMapItem>
          <Key />
          <Description />
          <Enabled>-1</Enabled>
          <Value>0x8000</Value>
        </ValueMapItem>
        <ValueMapItem>
          <Key />
          <Description />
          <Enabled>-1</Enabled>
          <Value>0x10000</Value>
        </ValueMapItem>
        <ValueMapItem>
          <Key />
          <Description />
          <Enabled>-1</Enabled>
          <Value>0x20000</Value>
        </ValueMapItem>
        <ValueMapItem>
          <Key />
          <Description />
          <Enabled>-1</Enabled>
          <Value>0x40000</Value>
        </ValueMapItem>
        <ValueMapItem>
          <Key />
          <Description />
          <Enabled>-1</Enabled>
          <Value>0x80000</Value>
        </ValueMapItem>
        <ValueMapItem>
          <Key />
          <Description />
          <Enabled>-1</Enabled>
          <Value>0x100000</Value>
        </ValueMapItem>
        <ValueMapItem>
          <Key />
          <Description />
          <Enabled>-1</Enabled>
          <Value>0x200000</Value>
        </ValueMapItem>
        <ValueMapItem>
          <Key />
          <Description />
          <Enabled>-1</Enabled>
          <Value>0x400000</Value>
        </ValueMapItem>
        <ValueMapItem>
          <Key />
          <Description />
          <Enabled>-1</Enabled>
          <Value>0x800000</Value>
        </ValueMapItem>
        <ValueMapItem>
          <Key />
          <Description />
          <Enabled>-1</Enabled>
          <Value>0x1000000</Value>
        </ValueMapItem>
        <ValueMapItem>
          <Key />
          <Description />
          <Enabled>-1</Enabled>
          <Value>0x2000000</Value>
        </ValueMapItem>
        <ValueMapItem>
          <Key />
          <Description />
          <Enabled>-1</Enabled>
          <Value>0x4000000</Value>
        </ValueMapItem>
        <ValueMapItem>
          <Key />
          <Description />
          <Enabled>-1</Enabled>
          <Value>0x8000000</Value>
        </ValueMapItem>
        <ValueMapItem>
          <Key />
          <Description />
          <Enabled>-1</Enabled>
          <Value>0x10000000</Value>
        </ValueMapItem>
        <ValueMapItem>
          <Key />
          <Description />
          <Enabled>-1</Enabled>
          <Value>0x20000000</Value>
        </ValueMapItem>
        <ValueMapItem>
          <Key />
          <Description />
          <Enabled>-1</Enabled>
          <Value>0x40000000</Value>
        </ValueMapItem>
        <ValueMapItem>
          <Key />
          <Description />
          <Enabled>-1</Enabled>
          <Value>0x80000000</Value>
        </ValueMapItem>
        <ValueMapItem>
          <Key />
          <Description />
          <Enabled>-1</Enabled>
          <Value>0x100000000</Value>
        </ValueMapItem>
        <ValueMapItem>
          <Key />
          <Description />
          <Enabled>-1</Enabled>
          <Value>0x200000000</Value>
        </ValueMapItem>
        <ValueMapItem>
          <Key />
          <Description />
          <Enabled>-1</Enabled>
          <Value>0x400000000</Value>
        </ValueMapItem>
        <ValueMapItem>
          <Key />
          <Description />
          <Enabled>-1</Enabled>
          <Value>0x800000000</Value>
        </ValueMapItem>
        <ValueMapItem>
          <Key />
          <Description />
          <Enabled>-1</Enabled>
          <Value>0x1000000000</Value>
        </ValueMapItem>
        <ValueMapItem>
          <Key />
          <Description />
          <Enabled>-1</Enabled>
          <Value>0x2000000000</Value>
        </ValueMapItem>
        <ValueMapItem>
          <Key />
          <Description />
          <Enabled>-1</Enabled>
          <Value>0x4000000000</Value>
        </ValueMapItem>
        <ValueMapItem>
          <Key />
          <Description />
          <Enabled>-1</Enabled>
          <Value>0x8000000000</Value>
        </ValueMapItem>
        <ValueMapItem>
          <Key />
          <Description />
          <Enabled>-1</Enabled>
          <Value>0x10000000000</Value>
        </ValueMapItem>
        <ValueMapItem>
          <Key />
          <Description />
          <Enabled>-1</Enabled>
          <Value>0x20000000000</Value>
        </ValueMapItem>
        <ValueMapItem>
          <Key />
          <Description />
          <Enabled>-1</Enabled>
          <Value>0x40000000000</Value>
        </ValueMapItem>
        <ValueMapItem>
          <Key />
          <Description />
          <Enabled>-1</Enabled>
          <Value>0x80000000000</Value>
        </ValueMapItem>
        <ValueMapItem>
          <Key />
          <Description />
          <Enabled>-1</Enabled>
          <Value>0x100000000000</Value>
        </ValueMapItem>
        <ValueMapItem>
          <Key />
          <Description />
          <Enabled>-1</Enabled>
          <Value>0x200000000000</Value>
        </ValueMapItem>
        <ValueMapItem>
          <Key />
          <Description />
          <Enabled>-1</Enabled>
          <Value>0x400000000000</Value>
        </ValueMapItem>
        <ValueMapItem>
          <Key />
          <Description />
          <Enabled>-1</Enabled>
          <Value>0x800000000000</Value>
        </ValueMapItem>
        <ValueMapItem>
          <Key />
          <Description />
          <Enabled>-1</Enabled>
          <Value>0x1000000000000</Value>
        </ValueMapItem>
        <ValueMapItem>
          <Key />
          <Description />
          <Enabled>-1</Enabled>
          <Value>0x2000000000000</Value>
        </ValueMapItem>
        <ValueMapItem>
          <Key />
          <Description />
          <Enabled>-1</Enabled>
          <Value>0x4000000000000</Value>
        </ValueMapItem>
        <ValueMapItem>
          <Key />
          <Description />
          <Enabled>-1</Enabled>
          <Value>0x8000000000000</Value>
        </ValueMapItem>
        <ValueMapItem>
          <Key />
          <Description />
          <Enabled>-1</Enabled>
          <Value>0x10000000000000</Value>
        </ValueMapItem>
        <ValueMapItem>
          <Key />
          <Description />
          <Enabled>-1</Enabled>
          <Value>0x20000000000000</Value>
        </ValueMapItem>
        <ValueMapItem>
          <Key />
          <Description />
          <Enabled>-1</Enabled>
          <Value>0x40000000000000</Value>
        </ValueMapItem>
        <ValueMapItem>
          <Key />
          <Description />
          <Enabled>-1</Enabled>
          <Value>0x80000000000000</Value>
        </ValueMapItem>
        <ValueMapItem>
          <Key />
          <Description />
          <Enabled>-1</Enabled>
          <Value>0x100000000000000</Value>
        </ValueMapItem>
        <ValueMapItem>
          <Key />
          <Description />
          <Enabled>-1</Enabled>
          <Value>0x200000000000000</Value>
        </ValueMapItem>
        <ValueMapItem>
          <Key />
          <Description />
          <Enabled>-1</Enabled>
          <Value>0x400000000000000</Value>
        </ValueMapItem>
        <ValueMapItem>
          <Key />
          <Description />
          <Enabled>-1</Enabled>
          <Value>0x800000000000000</Value>
        </ValueMapItem>
        <ValueMapItem>
          <Key />
          <Description />
          <Enabled>-1</Enabled>
          <Value>0x1000000000000000</Value>
        </ValueMapItem>
        <ValueMapItem>
          <Key />
          <Description />
          <Enabled>-1</Enabled>
          <Value>0x2000000000000000</Value>
        </ValueMapItem>
        <ValueMapItem>
          <Key />
          <Description />
          <Enabled>-1</Enabled>
          <Value>0x4000000000000000</Value>
        </ValueMapItem>
        <ValueMapItem>
          <Key />
          <Description />
          <Enabled>-1</Enabled>
          <Value>0x8000000000000000</Value>
        </ValueMapItem>
      </KeywordsAny>
      <KeywordsAll>
        <Description>Events with all of these keywords are enabled</Description>
        <ValueMapType>2</ValueMapType>
        <Value>0x0</Value>
      </KeywordsAll>
      <Properties>
        <Description>These additional data fields will be collected with each event</Description>
        <ValueMapType>2</ValueMapType>
        <Value>0</Value>
      </Properties>
      <Guid>{F997CD11-0FC9-4AB4-ACBA-BC742A4C0DD3}</Guid>
    </TraceDataProvider>
    <TraceDataProvider>
      <DisplayName>{272A979B-34B5-48EC-94F5-7225A59C85A0}</DisplayName>
      <FilterEnabled>0</FilterEnabled>
      <FilterType>0</FilterType>
      <Level>
        <Description>Events up to this level are enabled</Description>
        <ValueMapType>1</ValueMapType>
        <Value>255</Value>
        <ValueMapItem>
          <Key />
          <Description />
          <Enabled>-1</Enabled>
          <Value>255</Value>
        </ValueMapItem>
      </Level>
      <KeywordsAny>
        <Description>Events with any of these keywords are enabled</Description>
        <ValueMapType>2</ValueMapType>
        <Value>0xffffffffffffffff</Value>
        <ValueMapItem>
          <Key />
          <Description />
          <Enabled>-1</Enabled>
          <Value>0x1</Value>
        </ValueMapItem>
        <ValueMapItem>
          <Key />
          <Description />
          <Enabled>-1</Enabled>
          <Value>0x2</Value>
        </ValueMapItem>
        <ValueMapItem>
          <Key />
          <Description />
          <Enabled>-1</Enabled>
          <Value>0x4</Value>
        </ValueMapItem>
        <ValueMapItem>
          <Key />
          <Description />
          <Enabled>-1</Enabled>
          <Value>0x8</Value>
        </ValueMapItem>
        <ValueMapItem>
          <Key />
          <Description />
          <Enabled>-1</Enabled>
          <Value>0x10</Value>
        </ValueMapItem>
        <ValueMapItem>
          <Key />
          <Description />
          <Enabled>-1</Enabled>
          <Value>0x20</Value>
        </ValueMapItem>
        <ValueMapItem>
          <Key />
          <Description />
          <Enabled>-1</Enabled>
          <Value>0x40</Value>
        </ValueMapItem>
        <ValueMapItem>
          <Key />
          <Description />
          <Enabled>-1</Enabled>
          <Value>0x80</Value>
        </ValueMapItem>
        <ValueMapItem>
          <Key />
          <Description />
          <Enabled>-1</Enabled>
          <Value>0x100</Value>
        </ValueMapItem>
        <ValueMapItem>
          <Key />
          <Description />
          <Enabled>-1</Enabled>
          <Value>0x200</Value>
        </ValueMapItem>
        <ValueMapItem>
          <Key />
          <Description />
          <Enabled>-1</Enabled>
          <Value>0x400</Value>
        </ValueMapItem>
        <ValueMapItem>
          <Key />
          <Description />
          <Enabled>-1</Enabled>
          <Value>0x800</Value>
        </ValueMapItem>
        <ValueMapItem>
          <Key />
          <Description />
          <Enabled>-1</Enabled>
          <Value>0x1000</Value>
        </ValueMapItem>
        <ValueMapItem>
          <Key />
          <Description />
          <Enabled>-1</Enabled>
          <Value>0x2000</Value>
        </ValueMapItem>
        <ValueMapItem>
          <Key />
          <Description />
          <Enabled>-1</Enabled>
          <Value>0x4000</Value>
        </ValueMapItem>
        <ValueMapItem>
          <Key />
          <Description />
          <Enabled>-1</Enabled>
          <Value>0x8000</Value>
        </ValueMapItem>
        <ValueMapItem>
          <Key />
          <Description />
          <Enabled>-1</Enabled>
          <Value>0x10000</Value>
        </ValueMapItem>
        <ValueMapItem>
          <Key />
          <Description />
          <Enabled>-1</Enabled>
          <Value>0x20000</Value>
        </ValueMapItem>
        <ValueMapItem>
          <Key />
          <Description />
          <Enabled>-1</Enabled>
          <Value>0x40000</Value>
        </ValueMapItem>
        <ValueMapItem>
          <Key />
          <Description />
          <Enabled>-1</Enabled>
          <Value>0x80000</Value>
        </ValueMapItem>
        <ValueMapItem>
          <Key />
          <Description />
          <Enabled>-1</Enabled>
          <Value>0x100000</Value>
        </ValueMapItem>
        <ValueMapItem>
          <Key />
          <Description />
          <Enabled>-1</Enabled>
          <Value>0x200000</Value>
        </ValueMapItem>
        <ValueMapItem>
          <Key />
          <Description />
          <Enabled>-1</Enabled>
          <Value>0x400000</Value>
        </ValueMapItem>
        <ValueMapItem>
          <Key />
          <Description />
          <Enabled>-1</Enabled>
          <Value>0x800000</Value>
        </ValueMapItem>
        <ValueMapItem>
          <Key />
          <Description />
          <Enabled>-1</Enabled>
          <Value>0x1000000</Value>
        </ValueMapItem>
        <ValueMapItem>
          <Key />
          <Description />
          <Enabled>-1</Enabled>
          <Value>0x2000000</Value>
        </ValueMapItem>
        <ValueMapItem>
          <Key />
          <Description />
          <Enabled>-1</Enabled>
          <Value>0x4000000</Value>
        </ValueMapItem>
        <ValueMapItem>
          <Key />
          <Description />
          <Enabled>-1</Enabled>
          <Value>0x8000000</Value>
        </ValueMapItem>
        <ValueMapItem>
          <Key />
          <Description />
          <Enabled>-1</Enabled>
          <Value>0x10000000</Value>
        </ValueMapItem>
        <ValueMapItem>
          <Key />
          <Description />
          <Enabled>-1</Enabled>
          <Value>0x20000000</Value>
        </ValueMapItem>
        <ValueMapItem>
          <Key />
          <Description />
          <Enabled>-1</Enabled>
          <Value>0x40000000</Value>
        </ValueMapItem>
        <ValueMapItem>
          <Key />
          <Description />
          <Enabled>-1</Enabled>
          <Value>0x80000000</Value>
        </ValueMapItem>
        <ValueMapItem>
          <Key />
          <Description />
          <Enabled>-1</Enabled>
          <Value>0x100000000</Value>
        </ValueMapItem>
        <ValueMapItem>
          <Key />
          <Description />
          <Enabled>-1</Enabled>
          <Value>0x200000000</Value>
        </ValueMapItem>
        <ValueMapItem>
          <Key />
          <Description />
          <Enabled>-1</Enabled>
          <Value>0x400000000</Value>
        </ValueMapItem>
        <ValueMapItem>
          <Key />
          <Description />
          <Enabled>-1</Enabled>
          <Value>0x800000000</Value>
        </ValueMapItem>
        <ValueMapItem>
          <Key />
          <Description />
          <Enabled>-1</Enabled>
          <Value>0x1000000000</Value>
        </ValueMapItem>
        <ValueMapItem>
          <Key />
          <Description />
          <Enabled>-1</Enabled>
          <Value>0x2000000000</Value>
        </ValueMapItem>
        <ValueMapItem>
          <Key />
          <Description />
          <Enabled>-1</Enabled>
          <Value>0x4000000000</Value>
        </ValueMapItem>
        <ValueMapItem>
          <Key />
          <Description />
          <Enabled>-1</Enabled>
          <Value>0x8000000000</Value>
        </ValueMapItem>
        <ValueMapItem>
          <Key />
          <Description />
          <Enabled>-1</Enabled>
          <Value>0x10000000000</Value>
        </ValueMapItem>
        <ValueMapItem>
          <Key />
          <Description />
          <Enabled>-1</Enabled>
          <Value>0x20000000000</Value>
        </ValueMapItem>
        <ValueMapItem>
          <Key />
          <Description />
          <Enabled>-1</Enabled>
          <Value>0x40000000000</Value>
        </ValueMapItem>
        <ValueMapItem>
          <Key />
          <Description />
          <Enabled>-1</Enabled>
          <Value>0x80000000000</Value>
        </ValueMapItem>
        <ValueMapItem>
          <Key />
          <Description />
          <Enabled>-1</Enabled>
          <Value>0x100000000000</Value>
        </ValueMapItem>
        <ValueMapItem>
          <Key />
          <Description />
          <Enabled>-1</Enabled>
          <Value>0x200000000000</Value>
        </ValueMapItem>
        <ValueMapItem>
          <Key />
          <Description />
          <Enabled>-1</Enabled>
          <Value>0x400000000000</Value>
        </ValueMapItem>
        <ValueMapItem>
          <Key />
          <Description />
          <Enabled>-1</Enabled>
          <Value>0x800000000000</Value>
        </ValueMapItem>
        <ValueMapItem>
          <Key />
          <Description />
          <Enabled>-1</Enabled>
          <Value>0x1000000000000</Value>
        </ValueMapItem>
        <ValueMapItem>
          <Key />
          <Description />
          <Enabled>-1</Enabled>
          <Value>0x2000000000000</Value>
        </ValueMapItem>
        <ValueMapItem>
          <Key />
          <Description />
          <Enabled>-1</Enabled>
          <Value>0x4000000000000</Value>
        </ValueMapItem>
        <ValueMapItem>
          <Key />
          <Description />
          <Enabled>-1</Enabled>
          <Value>0x8000000000000</Value>
        </ValueMapItem>
        <ValueMapItem>
          <Key />
          <Description />
          <Enabled>-1</Enabled>
          <Value>0x10000000000000</Value>
        </ValueMapItem>
        <ValueMapItem>
          <Key />
          <Description />
          <Enabled>-1</Enabled>
          <Value>0x20000000000000</Value>
        </ValueMapItem>
        <ValueMapItem>
          <Key />
          <Description />
          <Enabled>-1</Enabled>
          <Value>0x40000000000000</Value>
        </ValueMapItem>
        <ValueMapItem>
          <Key />
          <Description />
          <Enabled>-1</Enabled>
          <Value>0x80000000000000</Value>
        </ValueMapItem>
        <ValueMapItem>
          <Key />
          <Description />
          <Enabled>-1</Enabled>
          <Value>0x100000000000000</Value>
        </ValueMapItem>
        <ValueMapItem>
          <Key />
          <Description />
          <Enabled>-1</Enabled>
          <Value>0x200000000000000</Value>
        </ValueMapItem>
        <ValueMapItem>
          <Key />
          <Description />
          <Enabled>-1</Enabled>
          <Value>0x400000000000000</Value>
        </ValueMapItem>
        <ValueMapItem>
          <Key />
          <Description />
          <Enabled>-1</Enabled>
          <Value>0x800000000000000</Value>
        </ValueMapItem>
        <ValueMapItem>
          <Key />
          <Description />
          <Enabled>-1</Enabled>
          <Value>0x1000000000000000</Value>
        </ValueMapItem>
        <ValueMapItem>
          <Key />
          <Description />
          <Enabled>-1</Enabled>
          <Value>0x2000000000000000</Value>
        </ValueMapItem>
        <ValueMapItem>
          <Key />
          <Description />
          <Enabled>-1</Enabled>
          <Value>0x4000000000000000</Value>
        </ValueMapItem>
        <ValueMapItem>
          <Key />
          <Description />
          <Enabled>-1</Enabled>
          <Value>0x8000000000000000</Value>
        </ValueMapItem>
      </KeywordsAny>
      <KeywordsAll>
        <Description>Events with all of these keywords are enabled</Description>
        <ValueMapType>2</ValueMapType>
        <Value>0x0</Value>
      </KeywordsAll>
      <Properties>
        <Description>These additional data fields will be collected with each event</Description>
        <ValueMapType>2</ValueMapType>
        <Value>0</Value>
      </Properties>
      <Guid>{272A979B-34B5-48EC-94F5-7225A59C85A0}</Guid>
    </TraceDataProvider>
    <TraceDataProvider>
      <DisplayName>{F4AED7C7-A898-4627-B053-44A7CAA12FCD}</DisplayName>
      <FilterEnabled>0</FilterEnabled>
      <FilterType>0</FilterType>
      <Level>
        <Description>Events up to this level are enabled</Description>
        <ValueMapType>1</ValueMapType>
        <Value>255</Value>
        <ValueMapItem>
          <Key />
          <Description />
          <Enabled>-1</Enabled>
          <Value>255</Value>
        </ValueMapItem>
      </Level>
      <KeywordsAny>
        <Description>Events with any of these keywords are enabled</Description>
        <ValueMapType>2</ValueMapType>
        <Value>0xffffffffffffffff</Value>
        <ValueMapItem>
          <Key />
          <Description />
          <Enabled>-1</Enabled>
          <Value>0x1</Value>
        </ValueMapItem>
        <ValueMapItem>
          <Key />
          <Description />
          <Enabled>-1</Enabled>
          <Value>0x2</Value>
        </ValueMapItem>
        <ValueMapItem>
          <Key />
          <Description />
          <Enabled>-1</Enabled>
          <Value>0x4</Value>
        </ValueMapItem>
        <ValueMapItem>
          <Key />
          <Description />
          <Enabled>-1</Enabled>
          <Value>0x8</Value>
        </ValueMapItem>
        <ValueMapItem>
          <Key />
          <Description />
          <Enabled>-1</Enabled>
          <Value>0x10</Value>
        </ValueMapItem>
        <ValueMapItem>
          <Key />
          <Description />
          <Enabled>-1</Enabled>
          <Value>0x20</Value>
        </ValueMapItem>
        <ValueMapItem>
          <Key />
          <Description />
          <Enabled>-1</Enabled>
          <Value>0x40</Value>
        </ValueMapItem>
        <ValueMapItem>
          <Key />
          <Description />
          <Enabled>-1</Enabled>
          <Value>0x80</Value>
        </ValueMapItem>
        <ValueMapItem>
          <Key />
          <Description />
          <Enabled>-1</Enabled>
          <Value>0x100</Value>
        </ValueMapItem>
        <ValueMapItem>
          <Key />
          <Description />
          <Enabled>-1</Enabled>
          <Value>0x200</Value>
        </ValueMapItem>
        <ValueMapItem>
          <Key />
          <Description />
          <Enabled>-1</Enabled>
          <Value>0x400</Value>
        </ValueMapItem>
        <ValueMapItem>
          <Key />
          <Description />
          <Enabled>-1</Enabled>
          <Value>0x800</Value>
        </ValueMapItem>
        <ValueMapItem>
          <Key />
          <Description />
          <Enabled>-1</Enabled>
          <Value>0x1000</Value>
        </ValueMapItem>
        <ValueMapItem>
          <Key />
          <Description />
          <Enabled>-1</Enabled>
          <Value>0x2000</Value>
        </ValueMapItem>
        <ValueMapItem>
          <Key />
          <Description />
          <Enabled>-1</Enabled>
          <Value>0x4000</Value>
        </ValueMapItem>
        <ValueMapItem>
          <Key />
          <Description />
          <Enabled>-1</Enabled>
          <Value>0x8000</Value>
        </ValueMapItem>
        <ValueMapItem>
          <Key />
          <Description />
          <Enabled>-1</Enabled>
          <Value>0x10000</Value>
        </ValueMapItem>
        <ValueMapItem>
          <Key />
          <Description />
          <Enabled>-1</Enabled>
          <Value>0x20000</Value>
        </ValueMapItem>
        <ValueMapItem>
          <Key />
          <Description />
          <Enabled>-1</Enabled>
          <Value>0x40000</Value>
        </ValueMapItem>
        <ValueMapItem>
          <Key />
          <Description />
          <Enabled>-1</Enabled>
          <Value>0x80000</Value>
        </ValueMapItem>
        <ValueMapItem>
          <Key />
          <Description />
          <Enabled>-1</Enabled>
          <Value>0x100000</Value>
        </ValueMapItem>
        <ValueMapItem>
          <Key />
          <Description />
          <Enabled>-1</Enabled>
          <Value>0x200000</Value>
        </ValueMapItem>
        <ValueMapItem>
          <Key />
          <Description />
          <Enabled>-1</Enabled>
          <Value>0x400000</Value>
        </ValueMapItem>
        <ValueMapItem>
          <Key />
          <Description />
          <Enabled>-1</Enabled>
          <Value>0x800000</Value>
        </ValueMapItem>
        <ValueMapItem>
          <Key />
          <Description />
          <Enabled>-1</Enabled>
          <Value>0x1000000</Value>
        </ValueMapItem>
        <ValueMapItem>
          <Key />
          <Description />
          <Enabled>-1</Enabled>
          <Value>0x2000000</Value>
        </ValueMapItem>
        <ValueMapItem>
          <Key />
          <Description />
          <Enabled>-1</Enabled>
          <Value>0x4000000</Value>
        </ValueMapItem>
        <ValueMapItem>
          <Key />
          <Description />
          <Enabled>-1</Enabled>
          <Value>0x8000000</Value>
        </ValueMapItem>
        <ValueMapItem>
          <Key />
          <Description />
          <Enabled>-1</Enabled>
          <Value>0x10000000</Value>
        </ValueMapItem>
        <ValueMapItem>
          <Key />
          <Description />
          <Enabled>-1</Enabled>
          <Value>0x20000000</Value>
        </ValueMapItem>
        <ValueMapItem>
          <Key />
          <Description />
          <Enabled>-1</Enabled>
          <Value>0x40000000</Value>
        </ValueMapItem>
        <ValueMapItem>
          <Key />
          <Description />
          <Enabled>-1</Enabled>
          <Value>0x80000000</Value>
        </ValueMapItem>
        <ValueMapItem>
          <Key />
          <Description />
          <Enabled>-1</Enabled>
          <Value>0x100000000</Value>
        </ValueMapItem>
        <ValueMapItem>
          <Key />
          <Description />
          <Enabled>-1</Enabled>
          <Value>0x200000000</Value>
        </ValueMapItem>
        <ValueMapItem>
          <Key />
          <Description />
          <Enabled>-1</Enabled>
          <Value>0x400000000</Value>
        </ValueMapItem>
        <ValueMapItem>
          <Key />
          <Description />
          <Enabled>-1</Enabled>
          <Value>0x800000000</Value>
        </ValueMapItem>
        <ValueMapItem>
          <Key />
          <Description />
          <Enabled>-1</Enabled>
          <Value>0x1000000000</Value>
        </ValueMapItem>
        <ValueMapItem>
          <Key />
          <Description />
          <Enabled>-1</Enabled>
          <Value>0x2000000000</Value>
        </ValueMapItem>
        <ValueMapItem>
          <Key />
          <Description />
          <Enabled>-1</Enabled>
          <Value>0x4000000000</Value>
        </ValueMapItem>
        <ValueMapItem>
          <Key />
          <Description />
          <Enabled>-1</Enabled>
          <Value>0x8000000000</Value>
        </ValueMapItem>
        <ValueMapItem>
          <Key />
          <Description />
          <Enabled>-1</Enabled>
          <Value>0x10000000000</Value>
        </ValueMapItem>
        <ValueMapItem>
          <Key />
          <Description />
          <Enabled>-1</Enabled>
          <Value>0x20000000000</Value>
        </ValueMapItem>
        <ValueMapItem>
          <Key />
          <Description />
          <Enabled>-1</Enabled>
          <Value>0x40000000000</Value>
        </ValueMapItem>
        <ValueMapItem>
          <Key />
          <Description />
          <Enabled>-1</Enabled>
          <Value>0x80000000000</Value>
        </ValueMapItem>
        <ValueMapItem>
          <Key />
          <Description />
          <Enabled>-1</Enabled>
          <Value>0x100000000000</Value>
        </ValueMapItem>
        <ValueMapItem>
          <Key />
          <Description />
          <Enabled>-1</Enabled>
          <Value>0x200000000000</Value>
        </ValueMapItem>
        <ValueMapItem>
          <Key />
          <Description />
          <Enabled>-1</Enabled>
          <Value>0x400000000000</Value>
        </ValueMapItem>
        <ValueMapItem>
          <Key />
          <Description />
          <Enabled>-1</Enabled>
          <Value>0x800000000000</Value>
        </ValueMapItem>
        <ValueMapItem>
          <Key />
          <Description />
          <Enabled>-1</Enabled>
          <Value>0x1000000000000</Value>
        </ValueMapItem>
        <ValueMapItem>
          <Key />
          <Description />
          <Enabled>-1</Enabled>
          <Value>0x2000000000000</Value>
        </ValueMapItem>
        <ValueMapItem>
          <Key />
          <Description />
          <Enabled>-1</Enabled>
          <Value>0x4000000000000</Value>
        </ValueMapItem>
        <ValueMapItem>
          <Key />
          <Description />
          <Enabled>-1</Enabled>
          <Value>0x8000000000000</Value>
        </ValueMapItem>
        <ValueMapItem>
          <Key />
          <Description />
          <Enabled>-1</Enabled>
          <Value>0x10000000000000</Value>
        </ValueMapItem>
        <ValueMapItem>
          <Key />
          <Description />
          <Enabled>-1</Enabled>
          <Value>0x20000000000000</Value>
        </ValueMapItem>
        <ValueMapItem>
          <Key />
          <Description />
          <Enabled>-1</Enabled>
          <Value>0x40000000000000</Value>
        </ValueMapItem>
        <ValueMapItem>
          <Key />
          <Description />
          <Enabled>-1</Enabled>
          <Value>0x80000000000000</Value>
        </ValueMapItem>
        <ValueMapItem>
          <Key />
          <Description />
          <Enabled>-1</Enabled>
          <Value>0x100000000000000</Value>
        </ValueMapItem>
        <ValueMapItem>
          <Key />
          <Description />
          <Enabled>-1</Enabled>
          <Value>0x200000000000000</Value>
        </ValueMapItem>
        <ValueMapItem>
          <Key />
          <Description />
          <Enabled>-1</Enabled>
          <Value>0x400000000000000</Value>
        </ValueMapItem>
        <ValueMapItem>
          <Key />
          <Description />
          <Enabled>-1</Enabled>
          <Value>0x800000000000000</Value>
        </ValueMapItem>
        <ValueMapItem>
          <Key />
          <Description />
          <Enabled>-1</Enabled>
          <Value>0x1000000000000000</Value>
        </ValueMapItem>
        <ValueMapItem>
          <Key />
          <Description />
          <Enabled>-1</Enabled>
          <Value>0x2000000000000000</Value>
        </ValueMapItem>
        <ValueMapItem>
          <Key />
          <Description />
          <Enabled>-1</Enabled>
          <Value>0x4000000000000000</Value>
        </ValueMapItem>
        <ValueMapItem>
          <Key />
          <Description />
          <Enabled>-1</Enabled>
          <Value>0x8000000000000000</Value>
        </ValueMapItem>
      </KeywordsAny>
      <KeywordsAll>
        <Description>Events with all of these keywords are enabled</Description>
        <ValueMapType>2</ValueMapType>
        <Value>0x0</Value>
      </KeywordsAll>
      <Properties>
        <Description>These additional data fields will be collected with each event</Description>
        <ValueMapType>2</ValueMapType>
        <Value>0</Value>
      </Properties>
      <Guid>{F4AED7C7-A898-4627-B053-44A7CAA12FCD}</Guid>
    </TraceDataProvider>
    <TraceDataProvider>
      <DisplayName>{6AD52B32-D609-4BE9-AE07-CE8DAE937E39}</DisplayName>
      <FilterEnabled>0</FilterEnabled>
      <FilterType>0</FilterType>
      <Level>
        <Description>Events up to this level are enabled</Description>
        <ValueMapType>1</ValueMapType>
        <Value>255</Value>
        <ValueMapItem>
          <Key />
          <Description />
          <Enabled>-1</Enabled>
          <Value>255</Value>
        </ValueMapItem>
      </Level>
      <KeywordsAny>
        <Description>Events with any of these keywords are enabled</Description>
        <ValueMapType>2</ValueMapType>
        <Value>0xffffffffffffffff</Value>
        <ValueMapItem>
          <Key />
          <Description />
          <Enabled>-1</Enabled>
          <Value>0x1</Value>
        </ValueMapItem>
        <ValueMapItem>
          <Key />
          <Description />
          <Enabled>-1</Enabled>
          <Value>0x2</Value>
        </ValueMapItem>
        <ValueMapItem>
          <Key />
          <Description />
          <Enabled>-1</Enabled>
          <Value>0x4</Value>
        </ValueMapItem>
        <ValueMapItem>
          <Key />
          <Description />
          <Enabled>-1</Enabled>
          <Value>0x8</Value>
        </ValueMapItem>
        <ValueMapItem>
          <Key />
          <Description />
          <Enabled>-1</Enabled>
          <Value>0x10</Value>
        </ValueMapItem>
        <ValueMapItem>
          <Key />
          <Description />
          <Enabled>-1</Enabled>
          <Value>0x20</Value>
        </ValueMapItem>
        <ValueMapItem>
          <Key />
          <Description />
          <Enabled>-1</Enabled>
          <Value>0x40</Value>
        </ValueMapItem>
        <ValueMapItem>
          <Key />
          <Description />
          <Enabled>-1</Enabled>
          <Value>0x80</Value>
        </ValueMapItem>
        <ValueMapItem>
          <Key />
          <Description />
          <Enabled>-1</Enabled>
          <Value>0x100</Value>
        </ValueMapItem>
        <ValueMapItem>
          <Key />
          <Description />
          <Enabled>-1</Enabled>
          <Value>0x200</Value>
        </ValueMapItem>
        <ValueMapItem>
          <Key />
          <Description />
          <Enabled>-1</Enabled>
          <Value>0x400</Value>
        </ValueMapItem>
        <ValueMapItem>
          <Key />
          <Description />
          <Enabled>-1</Enabled>
          <Value>0x800</Value>
        </ValueMapItem>
        <ValueMapItem>
          <Key />
          <Description />
          <Enabled>-1</Enabled>
          <Value>0x1000</Value>
        </ValueMapItem>
        <ValueMapItem>
          <Key />
          <Description />
          <Enabled>-1</Enabled>
          <Value>0x2000</Value>
        </ValueMapItem>
        <ValueMapItem>
          <Key />
          <Description />
          <Enabled>-1</Enabled>
          <Value>0x4000</Value>
        </ValueMapItem>
        <ValueMapItem>
          <Key />
          <Description />
          <Enabled>-1</Enabled>
          <Value>0x8000</Value>
        </ValueMapItem>
        <ValueMapItem>
          <Key />
          <Description />
          <Enabled>-1</Enabled>
          <Value>0x10000</Value>
        </ValueMapItem>
        <ValueMapItem>
          <Key />
          <Description />
          <Enabled>-1</Enabled>
          <Value>0x20000</Value>
        </ValueMapItem>
        <ValueMapItem>
          <Key />
          <Description />
          <Enabled>-1</Enabled>
          <Value>0x40000</Value>
        </ValueMapItem>
        <ValueMapItem>
          <Key />
          <Description />
          <Enabled>-1</Enabled>
          <Value>0x80000</Value>
        </ValueMapItem>
        <ValueMapItem>
          <Key />
          <Description />
          <Enabled>-1</Enabled>
          <Value>0x100000</Value>
        </ValueMapItem>
        <ValueMapItem>
          <Key />
          <Description />
          <Enabled>-1</Enabled>
          <Value>0x200000</Value>
        </ValueMapItem>
        <ValueMapItem>
          <Key />
          <Description />
          <Enabled>-1</Enabled>
          <Value>0x400000</Value>
        </ValueMapItem>
        <ValueMapItem>
          <Key />
          <Description />
          <Enabled>-1</Enabled>
          <Value>0x800000</Value>
        </ValueMapItem>
        <ValueMapItem>
          <Key />
          <Description />
          <Enabled>-1</Enabled>
          <Value>0x1000000</Value>
        </ValueMapItem>
        <ValueMapItem>
          <Key />
          <Description />
          <Enabled>-1</Enabled>
          <Value>0x2000000</Value>
        </ValueMapItem>
        <ValueMapItem>
          <Key />
          <Description />
          <Enabled>-1</Enabled>
          <Value>0x4000000</Value>
        </ValueMapItem>
        <ValueMapItem>
          <Key />
          <Description />
          <Enabled>-1</Enabled>
          <Value>0x8000000</Value>
        </ValueMapItem>
        <ValueMapItem>
          <Key />
          <Description />
          <Enabled>-1</Enabled>
          <Value>0x10000000</Value>
        </ValueMapItem>
        <ValueMapItem>
          <Key />
          <Description />
          <Enabled>-1</Enabled>
          <Value>0x20000000</Value>
        </ValueMapItem>
        <ValueMapItem>
          <Key />
          <Description />
          <Enabled>-1</Enabled>
          <Value>0x40000000</Value>
        </ValueMapItem>
        <ValueMapItem>
          <Key />
          <Description />
          <Enabled>-1</Enabled>
          <Value>0x80000000</Value>
        </ValueMapItem>
        <ValueMapItem>
          <Key />
          <Description />
          <Enabled>-1</Enabled>
          <Value>0x100000000</Value>
        </ValueMapItem>
        <ValueMapItem>
          <Key />
          <Description />
          <Enabled>-1</Enabled>
          <Value>0x200000000</Value>
        </ValueMapItem>
        <ValueMapItem>
          <Key />
          <Description />
          <Enabled>-1</Enabled>
          <Value>0x400000000</Value>
        </ValueMapItem>
        <ValueMapItem>
          <Key />
          <Description />
          <Enabled>-1</Enabled>
          <Value>0x800000000</Value>
        </ValueMapItem>
        <ValueMapItem>
          <Key />
          <Description />
          <Enabled>-1</Enabled>
          <Value>0x1000000000</Value>
        </ValueMapItem>
        <ValueMapItem>
          <Key />
          <Description />
          <Enabled>-1</Enabled>
          <Value>0x2000000000</Value>
        </ValueMapItem>
        <ValueMapItem>
          <Key />
          <Description />
          <Enabled>-1</Enabled>
          <Value>0x4000000000</Value>
        </ValueMapItem>
        <ValueMapItem>
          <Key />
          <Description />
          <Enabled>-1</Enabled>
          <Value>0x8000000000</Value>
        </ValueMapItem>
        <ValueMapItem>
          <Key />
          <Description />
          <Enabled>-1</Enabled>
          <Value>0x10000000000</Value>
        </ValueMapItem>
        <ValueMapItem>
          <Key />
          <Description />
          <Enabled>-1</Enabled>
          <Value>0x20000000000</Value>
        </ValueMapItem>
        <ValueMapItem>
          <Key />
          <Description />
          <Enabled>-1</Enabled>
          <Value>0x40000000000</Value>
        </ValueMapItem>
        <ValueMapItem>
          <Key />
          <Description />
          <Enabled>-1</Enabled>
          <Value>0x80000000000</Value>
        </ValueMapItem>
        <ValueMapItem>
          <Key />
          <Description />
          <Enabled>-1</Enabled>
          <Value>0x100000000000</Value>
        </ValueMapItem>
        <ValueMapItem>
          <Key />
          <Description />
          <Enabled>-1</Enabled>
          <Value>0x200000000000</Value>
        </ValueMapItem>
        <ValueMapItem>
          <Key />
          <Description />
          <Enabled>-1</Enabled>
          <Value>0x400000000000</Value>
        </ValueMapItem>
        <ValueMapItem>
          <Key />
          <Description />
          <Enabled>-1</Enabled>
          <Value>0x800000000000</Value>
        </ValueMapItem>
        <ValueMapItem>
          <Key />
          <Description />
          <Enabled>-1</Enabled>
          <Value>0x1000000000000</Value>
        </ValueMapItem>
        <ValueMapItem>
          <Key />
          <Description />
          <Enabled>-1</Enabled>
          <Value>0x2000000000000</Value>
        </ValueMapItem>
        <ValueMapItem>
          <Key />
          <Description />
          <Enabled>-1</Enabled>
          <Value>0x4000000000000</Value>
        </ValueMapItem>
        <ValueMapItem>
          <Key />
          <Description />
          <Enabled>-1</Enabled>
          <Value>0x8000000000000</Value>
        </ValueMapItem>
        <ValueMapItem>
          <Key />
          <Description />
          <Enabled>-1</Enabled>
          <Value>0x10000000000000</Value>
        </ValueMapItem>
        <ValueMapItem>
          <Key />
          <Description />
          <Enabled>-1</Enabled>
          <Value>0x20000000000000</Value>
        </ValueMapItem>
        <ValueMapItem>
          <Key />
          <Description />
          <Enabled>-1</Enabled>
          <Value>0x40000000000000</Value>
        </ValueMapItem>
        <ValueMapItem>
          <Key />
          <Description />
          <Enabled>-1</Enabled>
          <Value>0x80000000000000</Value>
        </ValueMapItem>
        <ValueMapItem>
          <Key />
          <Description />
          <Enabled>-1</Enabled>
          <Value>0x100000000000000</Value>
        </ValueMapItem>
        <ValueMapItem>
          <Key />
          <Description />
          <Enabled>-1</Enabled>
          <Value>0x200000000000000</Value>
        </ValueMapItem>
        <ValueMapItem>
          <Key />
          <Description />
          <Enabled>-1</Enabled>
          <Value>0x400000000000000</Value>
        </ValueMapItem>
        <ValueMapItem>
          <Key />
          <Description />
          <Enabled>-1</Enabled>
          <Value>0x800000000000000</Value>
        </ValueMapItem>
        <ValueMapItem>
          <Key />
          <Description />
          <Enabled>-1</Enabled>
          <Value>0x1000000000000000</Value>
        </ValueMapItem>
        <ValueMapItem>
          <Key />
          <Description />
          <Enabled>-1</Enabled>
          <Value>0x2000000000000000</Value>
        </ValueMapItem>
        <ValueMapItem>
          <Key />
          <Description />
          <Enabled>-1</Enabled>
          <Value>0x4000000000000000</Value>
        </ValueMapItem>
        <ValueMapItem>
          <Key />
          <Description />
          <Enabled>-1</Enabled>
          <Value>0x8000000000000000</Value>
        </ValueMapItem>
      </KeywordsAny>
      <KeywordsAll>
        <Description>Events with all of these keywords are enabled</Description>
        <ValueMapType>2</ValueMapType>
        <Value>0x0</Value>
      </KeywordsAll>
      <Properties>
        <Description>These additional data fields will be collected with each event</Description>
        <ValueMapType>2</ValueMapType>
        <Value>0</Value>
      </Properties>
      <Guid>{6AD52B32-D609-4BE9-AE07-CE8DAE937E39}</Guid>
    </TraceDataProvider>
  </TraceDataCollector>
</DataCollectorSet>