<DataCollectorSet>
  <Status>1</Status>
  <Duration>0</Duration>
  <Description />
  <DescriptionUnresolved />
  <DisplayName />
  <DisplayNameUnresolved />
  <SchedulesEnabled>-1</SchedulesEnabled>
  <LatestOutputLocation>
  </LatestOutputLocation>
  <Name>sslproto</Name>
  <OutputLocation>
  </OutputLocation>
  <RootPath>%systemroot%\temp</RootPath>
  <Segment>0</Segment>
  <SegmentMaxDuration>0</SegmentMaxDuration>
  <SegmentMaxSize>500</SegmentMaxSize>
  <SerialNumber>1</SerialNumber>
  <Server />
  <Subdirectory />
  <SubdirectoryFormat>0</SubdirectoryFormat>
  <SubdirectoryFormatPattern />
  <Task />
  <TaskArguments />
  <TaskUserTextArguments />
  <UserAccount />
  <Security>O:BAG:BAD:(A;;0x800;;;WD)(A;;0x120fff;;;SY)(A;;0x120fff;;;LS)(A;;0x120fff;;;NS)(A;;0x120fff;;;BA)(A;;0xee5;;;LU)(A;;LC;;;MU)(A;;0x800;;;AC)</Security>
  <TraceDataCollector>
    <DataCollectorType>1</DataCollectorType>
    <Name>sslproto</Name>
    <FileName>
    </FileName>
    <FileNameFormat>0</FileNameFormat>
    <FileNameFormatPattern />
    <LogAppend>0</LogAppend>
    <LogCircular>-1</LogCircular>
    <LogOverwrite>0</LogOverwrite>
    <LatestOutputLocation>
    </LatestOutputLocation>
    <Guid>{0EACC2DA-A753-4705-8EF3-957796AF8411}</Guid>
    <BufferSize>20</BufferSize>
    <BuffersLost>0</BuffersLost>
    <BuffersWritten>1</BuffersWritten>
    <ClockType>1</ClockType>
    <EventsLost>0</EventsLost>
    <ExtendedModes>4194304</ExtendedModes>
    <FlushTimer>0</FlushTimer>
    <FreeBuffers>14</FreeBuffers>
    <MaximumBuffers>80</MaximumBuffers>
    <MinimumBuffers>40</MinimumBuffers>
    <NumberOfBuffers>16</NumberOfBuffers>
    <PreallocateFile>0</PreallocateFile>
    <ProcessMode>0</ProcessMode>
    <RealTimeBuffersLost>0</RealTimeBuffersLost>
    <SessionName>sslproto</SessionName>
    <SessionThreadId>3216</SessionThreadId>
    <StreamMode>1</StreamMode>
    <TraceDataProvider>
      <DisplayName>{5BBB6C18-AA45-49B1-A15F-085F7ED0AA90}</DisplayName>
      <FilterEnabled>0</FilterEnabled>
      <FilterType>0</FilterType>
      <Level>
        <Description>Events up to this level are enabled</Description>
        <ValueMapType>1</ValueMapType>
        <Value>255</Value>
        <ValueMapItem>
          <Key />
          <Description />
          <Enabled>-1</Enabled>
          <Value>255</Value>
        </ValueMapItem>
      </Level>
      <KeywordsAny>
        <Description>Events with any of these keywords are enabled</Description>
        <ValueMapType>2</ValueMapType>
        <Value>0xffffffffffffffff</Value>
        <ValueMapItem>
          <Key />
          <Description />
          <Enabled>-1</Enabled>
          <Value>0x1</Value>
        </ValueMapItem>
        <ValueMapItem>
          <Key />
          <Description />
          <Enabled>-1</Enabled>
          <Value>0x2</Value>
        </ValueMapItem>
        <ValueMapItem>
          <Key />
          <Description />
          <Enabled>-1</Enabled>
          <Value>0x4</Value>
        </ValueMapItem>
        <ValueMapItem>
          <Key />
          <Description />
          <Enabled>-1</Enabled>
          <Value>0x8</Value>
        </ValueMapItem>
        <ValueMapItem>
          <Key />
          <Description />
          <Enabled>-1</Enabled>
          <Value>0x10</Value>
        </ValueMapItem>
        <ValueMapItem>
          <Key />
          <Description />
          <Enabled>-1</Enabled>
          <Value>0x20</Value>
        </ValueMapItem>
        <ValueMapItem>
          <Key />
          <Description />
          <Enabled>-1</Enabled>
          <Value>0x40</Value>
        </ValueMapItem>
        <ValueMapItem>
          <Key />
          <Description />
          <Enabled>-1</Enabled>
          <Value>0x80</Value>
        </ValueMapItem>
        <ValueMapItem>
          <Key />
          <Description />
          <Enabled>-1</Enabled>
          <Value>0x100</Value>
        </ValueMapItem>
        <ValueMapItem>
          <Key />
          <Description />
          <Enabled>-1</Enabled>
          <Value>0x200</Value>
        </ValueMapItem>
        <ValueMapItem>
          <Key />
          <Description />
          <Enabled>-1</Enabled>
          <Value>0x400</Value>
        </ValueMapItem>
        <ValueMapItem>
          <Key />
          <Description />
          <Enabled>-1</Enabled>
          <Value>0x800</Value>
        </ValueMapItem>
        <ValueMapItem>
          <Key />
          <Description />
          <Enabled>-1</Enabled>
          <Value>0x1000</Value>
        </ValueMapItem>
        <ValueMapItem>
          <Key />
          <Description />
          <Enabled>-1</Enabled>
          <Value>0x2000</Value>
        </ValueMapItem>
        <ValueMapItem>
          <Key />
          <Description />
          <Enabled>-1</Enabled>
          <Value>0x4000</Value>
        </ValueMapItem>
        <ValueMapItem>
          <Key />
          <Description />
          <Enabled>-1</Enabled>
          <Value>0x8000</Value>
        </ValueMapItem>
        <ValueMapItem>
          <Key />
          <Description />
          <Enabled>-1</Enabled>
          <Value>0x10000</Value>
        </ValueMapItem>
        <ValueMapItem>
          <Key />
          <Description />
          <Enabled>-1</Enabled>
          <Value>0x20000</Value>
        </ValueMapItem>
        <ValueMapItem>
          <Key />
          <Description />
          <Enabled>-1</Enabled>
          <Value>0x40000</Value>
        </ValueMapItem>
        <ValueMapItem>
          <Key />
          <Description />
          <Enabled>-1</Enabled>
          <Value>0x80000</Value>
        </ValueMapItem>
        <ValueMapItem>
          <Key />
          <Description />
          <Enabled>-1</Enabled>
          <Value>0x100000</Value>
        </ValueMapItem>
        <ValueMapItem>
          <Key />
          <Description />
          <Enabled>-1</Enabled>
          <Value>0x200000</Value>
        </ValueMapItem>
        <ValueMapItem>
          <Key />
          <Description />
          <Enabled>-1</Enabled>
          <Value>0x400000</Value>
        </ValueMapItem>
        <ValueMapItem>
          <Key />
          <Description />
          <Enabled>-1</Enabled>
          <Value>0x800000</Value>
        </ValueMapItem>
        <ValueMapItem>
          <Key />
          <Description />
          <Enabled>-1</Enabled>
          <Value>0x1000000</Value>
        </ValueMapItem>
        <ValueMapItem>
          <Key />
          <Description />
          <Enabled>-1</Enabled>
          <Value>0x2000000</Value>
        </ValueMapItem>
        <ValueMapItem>
          <Key />
          <Description />
          <Enabled>-1</Enabled>
          <Value>0x4000000</Value>
        </ValueMapItem>
        <ValueMapItem>
          <Key />
          <Description />
          <Enabled>-1</Enabled>
          <Value>0x8000000</Value>
        </ValueMapItem>
        <ValueMapItem>
          <Key />
          <Description />
          <Enabled>-1</Enabled>
          <Value>0x10000000</Value>
        </ValueMapItem>
        <ValueMapItem>
          <Key />
          <Description />
          <Enabled>-1</Enabled>
          <Value>0x20000000</Value>
        </ValueMapItem>
        <ValueMapItem>
          <Key />
          <Description />
          <Enabled>-1</Enabled>
          <Value>0x40000000</Value>
        </ValueMapItem>
        <ValueMapItem>
          <Key />
          <Description />
          <Enabled>-1</Enabled>
          <Value>0x80000000</Value>
        </ValueMapItem>
        <ValueMapItem>
          <Key />
          <Description />
          <Enabled>-1</Enabled>
          <Value>0x100000000</Value>
        </ValueMapItem>
        <ValueMapItem>
          <Key />
          <Description />
          <Enabled>-1</Enabled>
          <Value>0x200000000</Value>
        </ValueMapItem>
        <ValueMapItem>
          <Key />
          <Description />
          <Enabled>-1</Enabled>
          <Value>0x400000000</Value>
        </ValueMapItem>
        <ValueMapItem>
          <Key />
          <Description />
          <Enabled>-1</Enabled>
          <Value>0x800000000</Value>
        </ValueMapItem>
        <ValueMapItem>
          <Key />
          <Description />
          <Enabled>-1</Enabled>
          <Value>0x1000000000</Value>
        </ValueMapItem>
        <ValueMapItem>
          <Key />
          <Description />
          <Enabled>-1</Enabled>
          <Value>0x2000000000</Value>
        </ValueMapItem>
        <ValueMapItem>
          <Key />
          <Description />
          <Enabled>-1</Enabled>
          <Value>0x4000000000</Value>
        </ValueMapItem>
        <ValueMapItem>
          <Key />
          <Description />
          <Enabled>-1</Enabled>
          <Value>0x8000000000</Value>
        </ValueMapItem>
        <ValueMapItem>
          <Key />
          <Description />
          <Enabled>-1</Enabled>
          <Value>0x10000000000</Value>
        </ValueMapItem>
        <ValueMapItem>
          <Key />
          <Description />
          <Enabled>-1</Enabled>
          <Value>0x20000000000</Value>
        </ValueMapItem>
        <ValueMapItem>
          <Key />
          <Description />
          <Enabled>-1</Enabled>
          <Value>0x40000000000</Value>
        </ValueMapItem>
        <ValueMapItem>
          <Key />
          <Description />
          <Enabled>-1</Enabled>
          <Value>0x80000000000</Value>
        </ValueMapItem>
        <ValueMapItem>
          <Key />
          <Description />
          <Enabled>-1</Enabled>
          <Value>0x100000000000</Value>
        </ValueMapItem>
        <ValueMapItem>
          <Key />
          <Description />
          <Enabled>-1</Enabled>
          <Value>0x200000000000</Value>
        </ValueMapItem>
        <ValueMapItem>
          <Key />
          <Description />
          <Enabled>-1</Enabled>
          <Value>0x400000000000</Value>
        </ValueMapItem>
        <ValueMapItem>
          <Key />
          <Description />
          <Enabled>-1</Enabled>
          <Value>0x800000000000</Value>
        </ValueMapItem>
        <ValueMapItem>
          <Key />
          <Description />
          <Enabled>-1</Enabled>
          <Value>0x1000000000000</Value>
        </ValueMapItem>
        <ValueMapItem>
          <Key />
          <Description />
          <Enabled>-1</Enabled>
          <Value>0x2000000000000</Value>
        </ValueMapItem>
        <ValueMapItem>
          <Key />
          <Description />
          <Enabled>-1</Enabled>
          <Value>0x4000000000000</Value>
        </ValueMapItem>
        <ValueMapItem>
          <Key />
          <Description />
          <Enabled>-1</Enabled>
          <Value>0x8000000000000</Value>
        </ValueMapItem>
        <ValueMapItem>
          <Key />
          <Description />
          <Enabled>-1</Enabled>
          <Value>0x10000000000000</Value>
        </ValueMapItem>
        <ValueMapItem>
          <Key />
          <Description />
          <Enabled>-1</Enabled>
          <Value>0x20000000000000</Value>
        </ValueMapItem>
        <ValueMapItem>
          <Key />
          <Description />
          <Enabled>-1</Enabled>
          <Value>0x40000000000000</Value>
        </ValueMapItem>
        <ValueMapItem>
          <Key />
          <Description />
          <Enabled>-1</Enabled>
          <Value>0x80000000000000</Value>
        </ValueMapItem>
        <ValueMapItem>
          <Key />
          <Description />
          <Enabled>-1</Enabled>
          <Value>0x100000000000000</Value>
        </ValueMapItem>
        <ValueMapItem>
          <Key />
          <Description />
          <Enabled>-1</Enabled>
          <Value>0x200000000000000</Value>
        </ValueMapItem>
        <ValueMapItem>
          <Key />
          <Description />
          <Enabled>-1</Enabled>
          <Value>0x400000000000000</Value>
        </ValueMapItem>
        <ValueMapItem>
          <Key />
          <Description />
          <Enabled>-1</Enabled>
          <Value>0x800000000000000</Value>
        </ValueMapItem>
        <ValueMapItem>
          <Key />
          <Description />
          <Enabled>-1</Enabled>
          <Value>0x1000000000000000</Value>
        </ValueMapItem>
        <ValueMapItem>
          <Key />
          <Description />
          <Enabled>-1</Enabled>
          <Value>0x2000000000000000</Value>
        </ValueMapItem>
        <ValueMapItem>
          <Key />
          <Description />
          <Enabled>-1</Enabled>
          <Value>0x4000000000000000</Value>
        </ValueMapItem>
        <ValueMapItem>
          <Key />
          <Description />
          <Enabled>-1</Enabled>
          <Value>0x8000000000000000</Value>
        </ValueMapItem>
      </KeywordsAny>
      <KeywordsAll>
        <Description>Events with all of these keywords are enabled</Description>
        <ValueMapType>2</ValueMapType>
        <Value>0x0</Value>
      </KeywordsAll>
      <Properties>
        <Description>These additional data fields will be collected with each event</Description>
        <ValueMapType>2</ValueMapType>
        <Value>0</Value>
      </Properties>
      <Guid>{5BBB6C18-AA45-49B1-A15F-085F7ED0AA90}</Guid>
    </TraceDataProvider>
    <TraceDataProvider>
      <DisplayName>{FB6A424F-B5D6-4329-B9B5-A975B3A93EAD}</DisplayName>
      <FilterEnabled>0</FilterEnabled>
      <FilterType>0</FilterType>
      <Level>
        <Description>Events up to this level are enabled</Description>
        <ValueMapType>1</ValueMapType>
        <Value>255</Value>
        <ValueMapItem>
          <Key />
          <Description />
          <Enabled>-1</Enabled>
          <Value>255</Value>
        </ValueMapItem>
      </Level>
      <KeywordsAny>
        <Description>Events with any of these keywords are enabled</Description>
        <ValueMapType>2</ValueMapType>
        <Value>0xffffffffffffffff</Value>
        <ValueMapItem>
          <Key />
          <Description />
          <Enabled>-1</Enabled>
          <Value>0x1</Value>
        </ValueMapItem>
        <ValueMapItem>
          <Key />
          <Description />
          <Enabled>-1</Enabled>
          <Value>0x2</Value>
        </ValueMapItem>
        <ValueMapItem>
          <Key />
          <Description />
          <Enabled>-1</Enabled>
          <Value>0x4</Value>
        </ValueMapItem>
        <ValueMapItem>
          <Key />
          <Description />
          <Enabled>-1</Enabled>
          <Value>0x8</Value>
        </ValueMapItem>
        <ValueMapItem>
          <Key />
          <Description />
          <Enabled>-1</Enabled>
          <Value>0x10</Value>
        </ValueMapItem>
        <ValueMapItem>
          <Key />
          <Description />
          <Enabled>-1</Enabled>
          <Value>0x20</Value>
        </ValueMapItem>
        <ValueMapItem>
          <Key />
          <Description />
          <Enabled>-1</Enabled>
          <Value>0x40</Value>
        </ValueMapItem>
        <ValueMapItem>
          <Key />
          <Description />
          <Enabled>-1</Enabled>
          <Value>0x80</Value>
        </ValueMapItem>
        <ValueMapItem>
          <Key />
          <Description />
          <Enabled>-1</Enabled>
          <Value>0x100</Value>
        </ValueMapItem>
        <ValueMapItem>
          <Key />
          <Description />
          <Enabled>-1</Enabled>
          <Value>0x200</Value>
        </ValueMapItem>
        <ValueMapItem>
          <Key />
          <Description />
          <Enabled>-1</Enabled>
          <Value>0x400</Value>
        </ValueMapItem>
        <ValueMapItem>
          <Key />
          <Description />
          <Enabled>-1</Enabled>
          <Value>0x800</Value>
        </ValueMapItem>
        <ValueMapItem>
          <Key />
          <Description />
          <Enabled>-1</Enabled>
          <Value>0x1000</Value>
        </ValueMapItem>
        <ValueMapItem>
          <Key />
          <Description />
          <Enabled>-1</Enabled>
          <Value>0x2000</Value>
        </ValueMapItem>
        <ValueMapItem>
          <Key />
          <Description />
          <Enabled>-1</Enabled>
          <Value>0x4000</Value>
        </ValueMapItem>
        <ValueMapItem>
          <Key />
          <Description />
          <Enabled>-1</Enabled>
          <Value>0x8000</Value>
        </ValueMapItem>
        <ValueMapItem>
          <Key />
          <Description />
          <Enabled>-1</Enabled>
          <Value>0x10000</Value>
        </ValueMapItem>
        <ValueMapItem>
          <Key />
          <Description />
          <Enabled>-1</Enabled>
          <Value>0x20000</Value>
        </ValueMapItem>
        <ValueMapItem>
          <Key />
          <Description />
          <Enabled>-1</Enabled>
          <Value>0x40000</Value>
        </ValueMapItem>
        <ValueMapItem>
          <Key />
          <Description />
          <Enabled>-1</Enabled>
          <Value>0x80000</Value>
        </ValueMapItem>
        <ValueMapItem>
          <Key />
          <Description />
          <Enabled>-1</Enabled>
          <Value>0x100000</Value>
        </ValueMapItem>
        <ValueMapItem>
          <Key />
          <Description />
          <Enabled>-1</Enabled>
          <Value>0x200000</Value>
        </ValueMapItem>
        <ValueMapItem>
          <Key />
          <Description />
          <Enabled>-1</Enabled>
          <Value>0x400000</Value>
        </ValueMapItem>
        <ValueMapItem>
          <Key />
          <Description />
          <Enabled>-1</Enabled>
          <Value>0x800000</Value>
        </ValueMapItem>
        <ValueMapItem>
          <Key />
          <Description />
          <Enabled>-1</Enabled>
          <Value>0x1000000</Value>
        </ValueMapItem>
        <ValueMapItem>
          <Key />
          <Description />
          <Enabled>-1</Enabled>
          <Value>0x2000000</Value>
        </ValueMapItem>
        <ValueMapItem>
          <Key />
          <Description />
          <Enabled>-1</Enabled>
          <Value>0x4000000</Value>
        </ValueMapItem>
        <ValueMapItem>
          <Key />
          <Description />
          <Enabled>-1</Enabled>
          <Value>0x8000000</Value>
        </ValueMapItem>
        <ValueMapItem>
          <Key />
          <Description />
          <Enabled>-1</Enabled>
          <Value>0x10000000</Value>
        </ValueMapItem>
        <ValueMapItem>
          <Key />
          <Description />
          <Enabled>-1</Enabled>
          <Value>0x20000000</Value>
        </ValueMapItem>
        <ValueMapItem>
          <Key />
          <Description />
          <Enabled>-1</Enabled>
          <Value>0x40000000</Value>
        </ValueMapItem>
        <ValueMapItem>
          <Key />
          <Description />
          <Enabled>-1</Enabled>
          <Value>0x80000000</Value>
        </ValueMapItem>
        <ValueMapItem>
          <Key />
          <Description />
          <Enabled>-1</Enabled>
          <Value>0x100000000</Value>
        </ValueMapItem>
        <ValueMapItem>
          <Key />
          <Description />
          <Enabled>-1</Enabled>
          <Value>0x200000000</Value>
        </ValueMapItem>
        <ValueMapItem>
          <Key />
          <Description />
          <Enabled>-1</Enabled>
          <Value>0x400000000</Value>
        </ValueMapItem>
        <ValueMapItem>
          <Key />
          <Description />
          <Enabled>-1</Enabled>
          <Value>0x800000000</Value>
        </ValueMapItem>
        <ValueMapItem>
          <Key />
          <Description />
          <Enabled>-1</Enabled>
          <Value>0x1000000000</Value>
        </ValueMapItem>
        <ValueMapItem>
          <Key />
          <Description />
          <Enabled>-1</Enabled>
          <Value>0x2000000000</Value>
        </ValueMapItem>
        <ValueMapItem>
          <Key />
          <Description />
          <Enabled>-1</Enabled>
          <Value>0x4000000000</Value>
        </ValueMapItem>
        <ValueMapItem>
          <Key />
          <Description />
          <Enabled>-1</Enabled>
          <Value>0x8000000000</Value>
        </ValueMapItem>
        <ValueMapItem>
          <Key />
          <Description />
          <Enabled>-1</Enabled>
          <Value>0x10000000000</Value>
        </ValueMapItem>
        <ValueMapItem>
          <Key />
          <Description />
          <Enabled>-1</Enabled>
          <Value>0x20000000000</Value>
        </ValueMapItem>
        <ValueMapItem>
          <Key />
          <Description />
          <Enabled>-1</Enabled>
          <Value>0x40000000000</Value>
        </ValueMapItem>
        <ValueMapItem>
          <Key />
          <Description />
          <Enabled>-1</Enabled>
          <Value>0x80000000000</Value>
        </ValueMapItem>
        <ValueMapItem>
          <Key />
          <Description />
          <Enabled>-1</Enabled>
          <Value>0x100000000000</Value>
        </ValueMapItem>
        <ValueMapItem>
          <Key />
          <Description />
          <Enabled>-1</Enabled>
          <Value>0x200000000000</Value>
        </ValueMapItem>
        <ValueMapItem>
          <Key />
          <Description />
          <Enabled>-1</Enabled>
          <Value>0x400000000000</Value>
        </ValueMapItem>
        <ValueMapItem>
          <Key />
          <Description />
          <Enabled>-1</Enabled>
          <Value>0x800000000000</Value>
        </ValueMapItem>
        <ValueMapItem>
          <Key />
          <Description />
          <Enabled>-1</Enabled>
          <Value>0x1000000000000</Value>
        </ValueMapItem>
        <ValueMapItem>
          <Key />
          <Description />
          <Enabled>-1</Enabled>
          <Value>0x2000000000000</Value>
        </ValueMapItem>
        <ValueMapItem>
          <Key />
          <Description />
          <Enabled>-1</Enabled>
          <Value>0x4000000000000</Value>
        </ValueMapItem>
        <ValueMapItem>
          <Key />
          <Description />
          <Enabled>-1</Enabled>
          <Value>0x8000000000000</Value>
        </ValueMapItem>
        <ValueMapItem>
          <Key />
          <Description />
          <Enabled>-1</Enabled>
          <Value>0x10000000000000</Value>
        </ValueMapItem>
        <ValueMapItem>
          <Key />
          <Description />
          <Enabled>-1</Enabled>
          <Value>0x20000000000000</Value>
        </ValueMapItem>
        <ValueMapItem>
          <Key />
          <Description />
          <Enabled>-1</Enabled>
          <Value>0x40000000000000</Value>
        </ValueMapItem>
        <ValueMapItem>
          <Key />
          <Description />
          <Enabled>-1</Enabled>
          <Value>0x80000000000000</Value>
        </ValueMapItem>
        <ValueMapItem>
          <Key />
          <Description />
          <Enabled>-1</Enabled>
          <Value>0x100000000000000</Value>
        </ValueMapItem>
        <ValueMapItem>
          <Key />
          <Description />
          <Enabled>-1</Enabled>
          <Value>0x200000000000000</Value>
        </ValueMapItem>
        <ValueMapItem>
          <Key />
          <Description />
          <Enabled>-1</Enabled>
          <Value>0x400000000000000</Value>
        </ValueMapItem>
        <ValueMapItem>
          <Key />
          <Description />
          <Enabled>-1</Enabled>
          <Value>0x800000000000000</Value>
        </ValueMapItem>
        <ValueMapItem>
          <Key />
          <Description />
          <Enabled>-1</Enabled>
          <Value>0x1000000000000000</Value>
        </ValueMapItem>
        <ValueMapItem>
          <Key />
          <Description />
          <Enabled>-1</Enabled>
          <Value>0x2000000000000000</Value>
        </ValueMapItem>
        <ValueMapItem>
          <Key />
          <Description />
          <Enabled>-1</Enabled>
          <Value>0x4000000000000000</Value>
        </ValueMapItem>
        <ValueMapItem>
          <Key />
          <Description />
          <Enabled>-1</Enabled>
          <Value>0x8000000000000000</Value>
        </ValueMapItem>
      </KeywordsAny>
      <KeywordsAll>
        <Description>Events with all of these keywords are enabled</Description>
        <ValueMapType>2</ValueMapType>
        <Value>0x0</Value>
      </KeywordsAll>
      <Properties>
        <Description>These additional data fields will be collected with each event</Description>
        <ValueMapType>2</ValueMapType>
        <Value>0</Value>
      </Properties>
      <Guid>{FB6A424F-B5D6-4329-B9B5-A975B3A93EAD}</Guid>
    </TraceDataProvider>
    <TraceDataProvider>
      <DisplayName>{37D2C3CD-C5D4-4587-8531-4696C44244C8}</DisplayName>
      <FilterEnabled>0</FilterEnabled>
      <FilterType>0</FilterType>
      <Level>
        <Description>Events up to this level are enabled</Description>
        <ValueMapType>1</ValueMapType>
        <Value>255</Value>
        <ValueMapItem>
          <Key />
          <Description />
          <Enabled>-1</Enabled>
          <Value>255</Value>
        </ValueMapItem>
      </Level>
      <KeywordsAny>
        <Description>Events with any of these keywords are enabled</Description>
        <ValueMapType>2</ValueMapType>
        <Value>0xffffffffffffffff</Value>
        <ValueMapItem>
          <Key />
          <Description />
          <Enabled>-1</Enabled>
          <Value>0x1</Value>
        </ValueMapItem>
        <ValueMapItem>
          <Key />
          <Description />
          <Enabled>-1</Enabled>
          <Value>0x2</Value>
        </ValueMapItem>
        <ValueMapItem>
          <Key />
          <Description />
          <Enabled>-1</Enabled>
          <Value>0x4</Value>
        </ValueMapItem>
        <ValueMapItem>
          <Key />
          <Description />
          <Enabled>-1</Enabled>
          <Value>0x8</Value>
        </ValueMapItem>
        <ValueMapItem>
          <Key />
          <Description />
          <Enabled>-1</Enabled>
          <Value>0x10</Value>
        </ValueMapItem>
        <ValueMapItem>
          <Key />
          <Description />
          <Enabled>-1</Enabled>
          <Value>0x20</Value>
        </ValueMapItem>
        <ValueMapItem>
          <Key />
          <Description />
          <Enabled>-1</Enabled>
          <Value>0x40</Value>
        </ValueMapItem>
        <ValueMapItem>
          <Key />
          <Description />
          <Enabled>-1</Enabled>
          <Value>0x80</Value>
        </ValueMapItem>
        <ValueMapItem>
          <Key />
          <Description />
          <Enabled>-1</Enabled>
          <Value>0x100</Value>
        </ValueMapItem>
        <ValueMapItem>
          <Key />
          <Description />
          <Enabled>-1</Enabled>
          <Value>0x200</Value>
        </ValueMapItem>
        <ValueMapItem>
          <Key />
          <Description />
          <Enabled>-1</Enabled>
          <Value>0x400</Value>
        </ValueMapItem>
        <ValueMapItem>
          <Key />
          <Description />
          <Enabled>-1</Enabled>
          <Value>0x800</Value>
        </ValueMapItem>
        <ValueMapItem>
          <Key />
          <Description />
          <Enabled>-1</Enabled>
          <Value>0x1000</Value>
        </ValueMapItem>
        <ValueMapItem>
          <Key />
          <Description />
          <Enabled>-1</Enabled>
          <Value>0x2000</Value>
        </ValueMapItem>
        <ValueMapItem>
          <Key />
          <Description />
          <Enabled>-1</Enabled>
          <Value>0x4000</Value>
        </ValueMapItem>
        <ValueMapItem>
          <Key />
          <Description />
          <Enabled>-1</Enabled>
          <Value>0x8000</Value>
        </ValueMapItem>
        <ValueMapItem>
          <Key />
          <Description />
          <Enabled>-1</Enabled>
          <Value>0x10000</Value>
        </ValueMapItem>
        <ValueMapItem>
          <Key />
          <Description />
          <Enabled>-1</Enabled>
          <Value>0x20000</Value>
        </ValueMapItem>
        <ValueMapItem>
          <Key />
          <Description />
          <Enabled>-1</Enabled>
          <Value>0x40000</Value>
        </ValueMapItem>
        <ValueMapItem>
          <Key />
          <Description />
          <Enabled>-1</Enabled>
          <Value>0x80000</Value>
        </ValueMapItem>
        <ValueMapItem>
          <Key />
          <Description />
          <Enabled>-1</Enabled>
          <Value>0x100000</Value>
        </ValueMapItem>
        <ValueMapItem>
          <Key />
          <Description />
          <Enabled>-1</Enabled>
          <Value>0x200000</Value>
        </ValueMapItem>
        <ValueMapItem>
          <Key />
          <Description />
          <Enabled>-1</Enabled>
          <Value>0x400000</Value>
        </ValueMapItem>
        <ValueMapItem>
          <Key />
          <Description />
          <Enabled>-1</Enabled>
          <Value>0x800000</Value>
        </ValueMapItem>
        <ValueMapItem>
          <Key />
          <Description />
          <Enabled>-1</Enabled>
          <Value>0x1000000</Value>
        </ValueMapItem>
        <ValueMapItem>
          <Key />
          <Description />
          <Enabled>-1</Enabled>
          <Value>0x2000000</Value>
        </ValueMapItem>
        <ValueMapItem>
          <Key />
          <Description />
          <Enabled>-1</Enabled>
          <Value>0x4000000</Value>
        </ValueMapItem>
        <ValueMapItem>
          <Key />
          <Description />
          <Enabled>-1</Enabled>
          <Value>0x8000000</Value>
        </ValueMapItem>
        <ValueMapItem>
          <Key />
          <Description />
          <Enabled>-1</Enabled>
          <Value>0x10000000</Value>
        </ValueMapItem>
        <ValueMapItem>
          <Key />
          <Description />
          <Enabled>-1</Enabled>
          <Value>0x20000000</Value>
        </ValueMapItem>
        <ValueMapItem>
          <Key />
          <Description />
          <Enabled>-1</Enabled>
          <Value>0x40000000</Value>
        </ValueMapItem>
        <ValueMapItem>
          <Key />
          <Description />
          <Enabled>-1</Enabled>
          <Value>0x80000000</Value>
        </ValueMapItem>
        <ValueMapItem>
          <Key />
          <Description />
          <Enabled>-1</Enabled>
          <Value>0x100000000</Value>
        </ValueMapItem>
        <ValueMapItem>
          <Key />
          <Description />
          <Enabled>-1</Enabled>
          <Value>0x200000000</Value>
        </ValueMapItem>
        <ValueMapItem>
          <Key />
          <Description />
          <Enabled>-1</Enabled>
          <Value>0x400000000</Value>
        </ValueMapItem>
        <ValueMapItem>
          <Key />
          <Description />
          <Enabled>-1</Enabled>
          <Value>0x800000000</Value>
        </ValueMapItem>
        <ValueMapItem>
          <Key />
          <Description />
          <Enabled>-1</Enabled>
          <Value>0x1000000000</Value>
        </ValueMapItem>
        <ValueMapItem>
          <Key />
          <Description />
          <Enabled>-1</Enabled>
          <Value>0x2000000000</Value>
        </ValueMapItem>
        <ValueMapItem>
          <Key />
          <Description />
          <Enabled>-1</Enabled>
          <Value>0x4000000000</Value>
        </ValueMapItem>
        <ValueMapItem>
          <Key />
          <Description />
          <Enabled>-1</Enabled>
          <Value>0x8000000000</Value>
        </ValueMapItem>
        <ValueMapItem>
          <Key />
          <Description />
          <Enabled>-1</Enabled>
          <Value>0x10000000000</Value>
        </ValueMapItem>
        <ValueMapItem>
          <Key />
          <Description />
          <Enabled>-1</Enabled>
          <Value>0x20000000000</Value>
        </ValueMapItem>
        <ValueMapItem>
          <Key />
          <Description />
          <Enabled>-1</Enabled>
          <Value>0x40000000000</Value>
        </ValueMapItem>
        <ValueMapItem>
          <Key />
          <Description />
          <Enabled>-1</Enabled>
          <Value>0x80000000000</Value>
        </ValueMapItem>
        <ValueMapItem>
          <Key />
          <Description />
          <Enabled>-1</Enabled>
          <Value>0x100000000000</Value>
        </ValueMapItem>
        <ValueMapItem>
          <Key />
          <Description />
          <Enabled>-1</Enabled>
          <Value>0x200000000000</Value>
        </ValueMapItem>
        <ValueMapItem>
          <Key />
          <Description />
          <Enabled>-1</Enabled>
          <Value>0x400000000000</Value>
        </ValueMapItem>
        <ValueMapItem>
          <Key />
          <Description />
          <Enabled>-1</Enabled>
          <Value>0x800000000000</Value>
        </ValueMapItem>
        <ValueMapItem>
          <Key />
          <Description />
          <Enabled>-1</Enabled>
          <Value>0x1000000000000</Value>
        </ValueMapItem>
        <ValueMapItem>
          <Key />
          <Description />
          <Enabled>-1</Enabled>
          <Value>0x2000000000000</Value>
        </ValueMapItem>
        <ValueMapItem>
          <Key />
          <Description />
          <Enabled>-1</Enabled>
          <Value>0x4000000000000</Value>
        </ValueMapItem>
        <ValueMapItem>
          <Key />
          <Description />
          <Enabled>-1</Enabled>
          <Value>0x8000000000000</Value>
        </ValueMapItem>
        <ValueMapItem>
          <Key />
          <Description />
          <Enabled>-1</Enabled>
          <Value>0x10000000000000</Value>
        </ValueMapItem>
        <ValueMapItem>
          <Key />
          <Description />
          <Enabled>-1</Enabled>
          <Value>0x20000000000000</Value>
        </ValueMapItem>
        <ValueMapItem>
          <Key />
          <Description />
          <Enabled>-1</Enabled>
          <Value>0x40000000000000</Value>
        </ValueMapItem>
        <ValueMapItem>
          <Key />
          <Description />
          <Enabled>-1</Enabled>
          <Value>0x80000000000000</Value>
        </ValueMapItem>
        <ValueMapItem>
          <Key />
          <Description />
          <Enabled>-1</Enabled>
          <Value>0x100000000000000</Value>
        </ValueMapItem>
        <ValueMapItem>
          <Key />
          <Description />
          <Enabled>-1</Enabled>
          <Value>0x200000000000000</Value>
        </ValueMapItem>
        <ValueMapItem>
          <Key />
          <Description />
          <Enabled>-1</Enabled>
          <Value>0x400000000000000</Value>
        </ValueMapItem>
        <ValueMapItem>
          <Key />
          <Description />
          <Enabled>-1</Enabled>
          <Value>0x800000000000000</Value>
        </ValueMapItem>
        <ValueMapItem>
          <Key />
          <Description />
          <Enabled>-1</Enabled>
          <Value>0x1000000000000000</Value>
        </ValueMapItem>
        <ValueMapItem>
          <Key />
          <Description />
          <Enabled>-1</Enabled>
          <Value>0x2000000000000000</Value>
        </ValueMapItem>
        <ValueMapItem>
          <Key />
          <Description />
          <Enabled>-1</Enabled>
          <Value>0x4000000000000000</Value>
        </ValueMapItem>
        <ValueMapItem>
          <Key />
          <Description />
          <Enabled>-1</Enabled>
          <Value>0x8000000000000000</Value>
        </ValueMapItem>
      </KeywordsAny>
      <KeywordsAll>
        <Description>Events with all of these keywords are enabled</Description>
        <ValueMapType>2</ValueMapType>
        <Value>0x0</Value>
      </KeywordsAll>
      <Properties>
        <Description>These additional data fields will be collected with each event</Description>
        <ValueMapType>2</ValueMapType>
        <Value>0</Value>
      </Properties>
      <Guid>{37D2C3CD-C5D4-4587-8531-4696C44244C8}</Guid>
    </TraceDataProvider>
  </TraceDataCollector>
</DataCollectorSet>